{
  "$schema": "https://schema.management.azure.com/schemas/2019-04-01/deploymentTemplate.json#",
  "contentVersion": "1.0.0.0",
  "parameters": {
    "location": {
      "type": "string",
      "minLength": 1,
      "defaultValue": "[resourceGroup().location]",
      "metadata": {
        "description": "Not used, but needed to pass arm-ttk test `Location-Should-Not-Be-Hardcoded`.  We instead use the `workspace-location` which is derived from the LA workspace"
      }
    },
    "workspace-location": {
      "type": "string",
      "defaultValue": "",
      "metadata": {
        "description": "[concat('Region to deploy solution resources -- separate from location selection',parameters('location'))]"
      }
    },
    "workspace": {
      "defaultValue": "",
      "type": "string",
      "metadata": {
        "description": "Workspace name for Log Analytics where Microsoft Sentinel is setup"
      }
    }
  },
  "variables": {},
  "resources": [
    {
      "type": "Microsoft.OperationalInsights/workspaces/providers/packages",
      "location": "[parameters('workspace-location')]",
      "apiVersion": "2022-08-01",
      "properties": {
        "packageKind": "Standalone",
        "packageItems": {
          "resources": [
            {
              "type": "Microsoft.OperationalInsights/workspaces/providers/contentTemplates",
              "name": "[concat(parameters('workspace'),'/Microsoft.SecurityInsights/', '48602a24-67cf-4362-b258-3f4249e55def')]",
              "location": "[parameters('workspace-location')]",
              "apiVersion": "2022-08-01",
              "properties": {
                "contentId": "48602a24-67cf-4362-b258-3f4249e55def",
                "displayName": "Suspicious modification of Global Administrator user properties",
                "contentKind": "AnalyticsRule",
                "mainTemplate": {
                  "$schema": "https://schema.management.azure.com/schemas/2019-04-01/deploymentTemplate.json#",
                  "contentVersion": "1.0.1",
                  "resources": [
                    {
                      "type": "Microsoft.OperationalInsights/workspaces/providers/alertRules",
                      "apiVersion": "2022-04-01-preview",
                      "name": "48602a24-67cf-4362-b258-3f4249e55def",
                      "kind": "Scheduled",
                      "location": "[parameters('workspace-location')]",
                      "properties": {
                        "description": " This query will detect if user properties of Global Administrator are updated by an existing user. Usually only user administrator or other global administrator can update such properties.\nInvestigate if such user change is an attempt to elevate an existing low privileged identity or rogue administrator activity",
                        "displayName": "Suspicious modification of Global Administrator user properties",
                        "enabled": false,
                        "query": "let lookback = 1d;\nlet GlobalAdmins = IdentityInfo\n| where TimeGenerated > ago(lookback)\n| extend IsGlobalAdmin = set_has_element(AssignedRoles, \"Global Administrator\")\n| where IsGlobalAdmin == true\n| distinct AccountUPN;\nGlobalAdmins\n| join kind=inner ( AuditLogs\n| where TimeGenerated > ago(lookback)\n| where OperationName=~ \"Update user\" \n| where Result =~ \"success\" \n| mv-expand TargetResources \n| mv-expand TargetResources.modifiedProperties \n| extend displayName_ = tostring(TargetResources_modifiedProperties.displayName) , oldValue_ = tostring(TargetResources_modifiedProperties.oldValue), newValue_ = tostring(TargetResources_modifiedProperties.newValue)\n| where displayName_ == \"UserPrincipalName\" and oldValue_ !has \"#EXT\" and newValue_ has \"#EXT\"\n| extend InitiatingApp = tostring(parse_json(tostring(InitiatedBy.app)).displayName) \n| extend Initiator = iif(isnotempty(InitiatingApp), InitiatingApp, tostring(parse_json(tostring(InitiatedBy.user)).userPrincipalName)) , IPAddress = tostring(InitiatedBy.[\"user\"].[\"ipAddress\"])\n) on $left.AccountUPN == $right.oldValue_\n| project TimeGenerated, AADTenantId, IPAddress, Initiator, displayName_, oldValue_, newValue_\n",
                        "queryFrequency": "P1D",
                        "queryPeriod": "P1D",
                        "severity": "Medium",
                        "status": "Available",
                        "suppressionDuration": "PT1H",
                        "suppressionEnabled": false,
                        "triggerOperator": "GreaterThan",
                        "triggerThreshold": 0,
                        "tactics": [
                          "PrivilegeEscalation"
                        ],
                        "techniques": [
                          "T1078"
                        ],
                        "entityMappings": [
                          {
                            "entityType": "Account",
                            "fieldMappings": [
                              {
                                "columnName": "Initiator",
                                "identifier": "FullName"
                              }
                            ]
                          },
                          {
                            "entityType": "Account",
                            "fieldMappings": [
                              {
                                "columnName": "displayName_",
                                "identifier": "FullName"
                              }
                            ]
                          },
                          {
                            "entityType": "IP",
                            "fieldMappings": [
                              {
                                "columnName": "IPAddress",
                                "identifier": "Address"
                              }
                            ]
                          }
                        ],
                        "requiredDataConnectors": [
                          {
                            "connectorId": "AzureActiveDirectory",
                            "dataTypes": [
                              "AuditLogs"
                            ]
                          },
                          {
                            "connectorId": "BehaviorAnalytics",
                            "dataTypes": [
                              "IdentityInfo"
                            ]
                          }
                        ]
                      }
                    },
                    {
                      "type": "Microsoft.OperationalInsights/workspaces/providers/metadata",
                      "apiVersion": "2021-03-01-preview",
                      "properties": {
                        "description": " This query will detect if user properties of Global Administrator are updated by an existing user. Usually only user administrator or other global administrator can update such properties.\nInvestigate if such user change is an attempt to elevate an existing low privileged identity or rogue administrator activity",
                        "version": "1.0.1",
                        "author": {
                          "name": "Ashwin Patil"
                        },
                        "support": {
                          "tier": "Community",
                          "name": "Community",
                          "link": "https://github.com/Azure/Azure-Sentinel/issues"
                        },
                        "source": {
                          "kind": "Community",
                          "name": "Standalone"
                        },
                        "threatAnalysisTactics": [
                          "PrivilegeEscalation"
                        ],
                        "threatAnalyticsTechniques": [
                          "T1078.004"
                        ],
                        "contentId": "48602a24-67cf-4362-b258-3f4249e55def",
                        "parentId": "48602a24-67cf-4362-b258-3f4249e55def",
                        "kind": "AnalyticsRule",
                        "dependencies": {
                          "operator": "AND",
                          "criteria": [
                            {
                              "contentId": "AuditLogs",
                              "kind": "DataType"
                            },
                            {
                              "contentId": "IdentityInfo",
                              "kind": "DataType"
                            }
                          ]
                        }
                      }
                    }
                  ]
                }
              }
            }
          ]
        },
        "author": {
          "name": "Ashwin Patil"
        },
        "categories": {
          "domains": [
            "Security - Others",
            "Identity"
          ]
        },
        "dependencies": {
          "operator": "AND",
          "criteria": [
            {
              "contentId": "48602a24-67cf-4362-b258-3f4249e55def",
              "kind": "AnalyticsRule"
            }
          ]
        },
        "description": " This query will detect if user properties of Global Administrator are updated by an existing user. Usually only user administrator or other global administrator can update such properties.\nInvestigate if such user change is an attempt to elevate an existing low privileged identity or rogue administrator activity",
        "displayName": "Suspicious modification of Global Administrator user properties",
        "packageId": "48602a24-67cf-4362-b258-3f4249e55def",
        "source": {
          "kind": "Community",
          "name": "Standalone"
        },
        "support": {
          "tier": "Community",
          "name": "Community",
          "link": "https://github.com/Azure/Azure-Sentinel/issues"
        },
        "threatAnalysisTactics": [
          "PrivilegeEscalation"
        ],
        "threatAnalyticsTechniques": [
          "T1078.004"
        ],
        "version": "1.0.1"
      },
      "name": "[concat(parameters('workspace'),'/Microsoft.SecurityInsights/', '48602a24-67cf-4362-b258-3f4249e55def')]"
    }
  ]
}