{
  "$schema": "https://schema.management.azure.com/schemas/2019-04-01/deploymentTemplate.json#",
  "contentVersion": "1.0.0.0",
  "parameters": {
    "location": {
      "type": "string",
      "minLength": 1,
      "defaultValue": "[resourceGroup().location]",
      "metadata": {
        "description": "Not used, but needed to pass arm-ttk test `Location-Should-Not-Be-Hardcoded`.  We instead use the `workspace-location` which is derived from the LA workspace"
      }
    },
    "workspace-location": {
      "type": "string",
      "defaultValue": "",
      "metadata": {
        "description": "[concat('Region to deploy solution resources -- separate from location selection',parameters('location'))]"
      }
    },
    "workspace": {
      "defaultValue": "",
      "type": "string",
      "metadata": {
        "description": "Workspace name for Log Analytics where Microsoft Sentinel is setup"
      }
    }
  },
  "variables": {},
  "resources": [
    {
      "type": "Microsoft.OperationalInsights/workspaces/providers/packages",
      "location": "[parameters('workspace-location')]",
      "apiVersion": "2022-08-01",
      "properties": {
        "packageKind": "Standalone",
        "packageItems": {
          "resources": [
            {
              "type": "Microsoft.OperationalInsights/workspaces/providers/contentTemplates",
              "name": "[concat(parameters('workspace'),'/Microsoft.SecurityInsights/', '4d94d4a9-dc96-450a-9dea-4d4d4594199b')]",
              "location": "[parameters('workspace-location')]",
              "apiVersion": "2022-08-01",
              "properties": {
                "contentId": "4d94d4a9-dc96-450a-9dea-4d4d4594199b",
                "displayName": "Vulnerable Machines related to OMIGOD CVE-2021-38647",
                "contentKind": "AnalyticsRule",
                "mainTemplate": {
                  "$schema": "https://schema.management.azure.com/schemas/2019-04-01/deploymentTemplate.json#",
                  "contentVersion": "1.0.3",
                  "resources": [
                    {
                      "type": "Microsoft.OperationalInsights/workspaces/providers/alertRules",
                      "apiVersion": "2022-04-01-preview",
                      "name": "4d94d4a9-dc96-450a-9dea-4d4d4594199b",
                      "kind": "Scheduled",
                      "location": "[parameters('workspace-location')]",
                      "properties": {
                        "description": "This query uses the Azure Defender Security Nested Recommendations data to find machines vulnerable to OMIGOD CVE-2021-38647. OMI is the Linux equivalent of Windows WMI and \n helps users manage configurations across remote and local environments. The query aims to find machines that have this OMI vulnerability (CVE-2021-38647).\n Security Nested Recommendations data is sent to Microsoft Sentinel using the continuous export feature of Azure Defender(refrence link below).\n Reference: https://www.wiz.io/blog/omigod-critical-vulnerabilities-in-omi-azure\n Reference: https://docs.microsoft.com/azure/security-center/continuous-export?tabs=azure-portal",
                        "displayName": "Vulnerable Machines related to OMIGOD CVE-2021-38647",
                        "enabled": false,
                        "query": "SecurityNestedRecommendation\n| where RemediationDescription has 'CVE-2021-38647'\n| parse ResourceDetails with * 'virtualMachines/' VirtualMAchine '\"' *\n| summarize arg_min(TimeGenerated, *) by TenantId, RecommendationSubscriptionId, VirtualMAchine, RecommendationName,Description,RemediationDescription, tostring(AdditionalData),VulnerabilityId\n| extend Timestamp = TimeGenerated, HostCustomEntity = VirtualMAchine\n",
                        "queryFrequency": "P1D",
                        "queryPeriod": "P1D",
                        "severity": "High",
                        "status": "Available",
                        "suppressionDuration": "PT1H",
                        "suppressionEnabled": false,
                        "triggerOperator": "GreaterThan",
                        "triggerThreshold": 0,
                        "tactics": [
                          "InitialAccess",
                          "Execution"
                        ],
                        "techniques": [
                          "T1190",
                          "T1203"
                        ],
                        "entityMappings": [
                          {
                            "entityType": "Host",
                            "fieldMappings": [
                              {
                                "columnName": "HostCustomEntity",
                                "identifier": "FullName"
                              }
                            ]
                          }
                        ]
                      }
                    },
                    {
                      "type": "Microsoft.OperationalInsights/workspaces/providers/metadata",
                      "apiVersion": "2021-03-01-preview",
                      "properties": {
                        "description": "This query uses the Azure Defender Security Nested Recommendations data to find machines vulnerable to OMIGOD CVE-2021-38647. OMI is the Linux equivalent of Windows WMI and \n helps users manage configurations across remote and local environments. The query aims to find machines that have this OMI vulnerability (CVE-2021-38647).\n Security Nested Recommendations data is sent to Microsoft Sentinel using the continuous export feature of Azure Defender(refrence link below).\n Reference: https://www.wiz.io/blog/omigod-critical-vulnerabilities-in-omi-azure\n Reference: https://docs.microsoft.com/azure/security-center/continuous-export?tabs=azure-portal",
                        "version": "1.0.3",
                        "author": {
                          "name": "Ajeet Prakash"
                        },
                        "support": {
                          "tier": "Community",
                          "name": "Community",
                          "link": "https://github.com/Azure/Azure-Sentinel/issues"
                        },
                        "source": {
                          "kind": "Community",
                          "name": "Standalone"
                        },
                        "threatAnalysisTactics": [
                          "InitialAccess",
                          "Execution"
                        ],
                        "threatAnalyticsTechniques": [
                          "T1190",
                          "T1203"
                        ],
                        "contentId": "4d94d4a9-dc96-450a-9dea-4d4d4594199b",
                        "parentId": "4d94d4a9-dc96-450a-9dea-4d4d4594199b",
                        "kind": "AnalyticsRule"
                      }
                    }
                  ]
                }
              }
            }
          ]
        },
        "author": {
          "name": "Ajeet Prakash"
        },
        "categories": {
          "domains": [
            "Security - Threat Protection"
          ]
        },
        "dependencies": {
          "operator": "AND",
          "criteria": [
            {
              "contentId": "4d94d4a9-dc96-450a-9dea-4d4d4594199b",
              "kind": "AnalyticsRule"
            }
          ]
        },
        "description": "This query uses the Azure Defender Security Nested Recommendations data to find machines vulnerable to OMIGOD CVE-2021-38647. OMI is the Linux equivalent of Windows WMI and \n helps users manage configurations across remote and local environments. The query aims to find machines that have this OMI vulnerability (CVE-2021-38647).\n Security Nested Recommendations data is sent to Microsoft Sentinel using the continuous export feature of Azure Defender(refrence link below).\n Reference: https://www.wiz.io/blog/omigod-critical-vulnerabilities-in-omi-azure\n Reference: https://docs.microsoft.com/azure/security-center/continuous-export?tabs=azure-portal",
        "displayName": "Vulnerable Machines related to OMIGOD CVE-2021-38647",
        "packageId": "4d94d4a9-dc96-450a-9dea-4d4d4594199b",
        "source": {
          "kind": "Community",
          "name": "Standalone"
        },
        "support": {
          "tier": "Community",
          "name": "Community",
          "link": "https://github.com/Azure/Azure-Sentinel/issues"
        },
        "threatAnalysisTactics": [
          "InitialAccess",
          "Execution"
        ],
        "threatAnalyticsTechniques": [
          "T1190",
          "T1203"
        ],
        "version": "1.0.3"
      },
      "name": "[concat(parameters('workspace'),'/Microsoft.SecurityInsights/', '4d94d4a9-dc96-450a-9dea-4d4d4594199b')]"
    }
  ]
}