{
  "$schema": "https://schema.management.azure.com/schemas/2019-04-01/deploymentTemplate.json#",
  "contentVersion": "1.0.0.0",
  "parameters": {
    "location": {
      "type": "string",
      "minLength": 1,
      "defaultValue": "[resourceGroup().location]",
      "metadata": {
        "description": "Not used, but needed to pass arm-ttk test `Location-Should-Not-Be-Hardcoded`.  We instead use the `workspace-location` which is derived from the LA workspace"
      }
    },
    "workspace-location": {
      "type": "string",
      "defaultValue": "",
      "metadata": {
        "description": "[concat('Region to deploy solution resources -- separate from location selection',parameters('location'))]"
      }
    },
    "workspace": {
      "defaultValue": "",
      "type": "string",
      "metadata": {
        "description": "Workspace name for Log Analytics where Microsoft Sentinel is setup"
      }
    }
  },
  "variables": {},
  "resources": [
    {
      "type": "Microsoft.OperationalInsights/workspaces/providers/packages",
      "location": "[parameters('workspace-location')]",
      "apiVersion": "2022-08-01",
      "properties": {
        "packageKind": "Standalone",
        "packageItems": {
          "resources": [
            {
              "type": "Microsoft.OperationalInsights/workspaces/providers/contentTemplates",
              "name": "[concat(parameters('workspace'),'/Microsoft.SecurityInsights/', 'ac9e233e-44d4-45eb-b522-6e47445f6582')]",
              "location": "[parameters('workspace-location')]",
              "apiVersion": "2022-08-01",
              "properties": {
                "contentId": "ac9e233e-44d4-45eb-b522-6e47445f6582",
                "displayName": "Potential Fodhelper UAC Bypass (ASIM Version)",
                "contentKind": "AnalyticsRule",
                "mainTemplate": {
                  "$schema": "https://schema.management.azure.com/schemas/2019-04-01/deploymentTemplate.json#",
                  "contentVersion": "1.0.5",
                  "resources": [
                    {
                      "type": "Microsoft.OperationalInsights/workspaces/providers/alertRules",
                      "apiVersion": "2022-04-01-preview",
                      "name": "ac9e233e-44d4-45eb-b522-6e47445f6582",
                      "kind": "Scheduled",
                      "location": "[parameters('workspace-location')]",
                      "properties": {
                        "description": "This detection looks for the steps required to conduct a UAC bypass using Fodhelper.exe. By default this detection looks for the setting of the required registry keys and the invoking of the process within 1 hour - this can be tweaked as required.",
                        "displayName": "Potential Fodhelper UAC Bypass (ASIM Version)",
                        "enabled": false,
                        "query": "imRegistry\n  | where EventType in (\"RegistryValueSet\", \"RegistryKeyCreated\")\n  | where RegistryKey has \"Software\\\\Classes\\\\ms-settings\\\\shell\\\\open\\\\command\"\n  | extend TimeKey = bin(TimeGenerated, 1h)\n  | join (imProcess\n  | where Process endswith \"fodhelper.exe\"\n  | where ParentProcessName endswith \"cmd.exe\" or ParentProcessName endswith \"powershell.exe\" or ParentProcessName endswith \"powershell_ise.exe\"\n  | extend TimeKey = bin(TimeGenerated, 1h)) on TimeKey, Dvc\n",
                        "queryFrequency": "PT2H",
                        "queryPeriod": "PT2H",
                        "severity": "Medium",
                        "status": "Available",
                        "suppressionDuration": "PT1H",
                        "suppressionEnabled": false,
                        "triggerOperator": "GreaterThan",
                        "triggerThreshold": 0,
                        "tactics": [
                          "PrivilegeEscalation"
                        ],
                        "techniques": [
                          "T1548"
                        ],
                        "entityMappings": [
                          {
                            "entityType": "Account",
                            "fieldMappings": [
                              {
                                "columnName": "ActorUsername",
                                "identifier": "FullName"
                              }
                            ]
                          },
                          {
                            "entityType": "Host",
                            "fieldMappings": [
                              {
                                "columnName": "DvcHostname",
                                "identifier": "FullName"
                              }
                            ]
                          },
                          {
                            "entityType": "IP",
                            "fieldMappings": [
                              {
                                "columnName": "DvcIpAddr",
                                "identifier": "Address"
                              }
                            ]
                          }
                        ]
                      }
                    },
                    {
                      "type": "Microsoft.OperationalInsights/workspaces/providers/metadata",
                      "apiVersion": "2021-03-01-preview",
                      "properties": {
                        "description": "This detection looks for the steps required to conduct a UAC bypass using Fodhelper.exe. By default this detection looks for the setting of the required registry keys and the invoking of the process within 1 hour - this can be tweaked as required.",
                        "version": "1.0.5",
                        "author": {
                          "name": "Pete Bryan"
                        },
                        "support": {
                          "tier": "Community",
                          "name": "Community",
                          "link": "https://github.com/Azure/Azure-Sentinel/issues"
                        },
                        "source": {
                          "kind": "Community",
                          "name": "Standalone"
                        },
                        "threatAnalysisTactics": [
                          "PrivilegeEscalation"
                        ],
                        "threatAnalyticsTechniques": [
                          "T1548.002"
                        ],
                        "contentId": "ac9e233e-44d4-45eb-b522-6e47445f6582",
                        "parentId": "ac9e233e-44d4-45eb-b522-6e47445f6582",
                        "kind": "AnalyticsRule"
                      }
                    }
                  ]
                }
              }
            }
          ]
        },
        "author": {
          "name": "Pete Bryan"
        },
        "categories": {
          "domains": [
            "Security - Others"
          ]
        },
        "dependencies": {
          "operator": "AND",
          "criteria": [
            {
              "contentId": "ac9e233e-44d4-45eb-b522-6e47445f6582",
              "kind": "AnalyticsRule"
            }
          ]
        },
        "description": "This detection looks for the steps required to conduct a UAC bypass using Fodhelper.exe. By default this detection looks for the setting of the required registry keys and the invoking of the process within 1 hour - this can be tweaked as required.",
        "displayName": "Potential Fodhelper UAC Bypass (ASIM Version)",
        "packageId": "ac9e233e-44d4-45eb-b522-6e47445f6582",
        "source": {
          "kind": "Community",
          "name": "Standalone"
        },
        "support": {
          "tier": "Community",
          "name": "Community",
          "link": "https://github.com/Azure/Azure-Sentinel/issues"
        },
        "threatAnalysisTactics": [
          "PrivilegeEscalation"
        ],
        "threatAnalyticsTechniques": [
          "T1548.002"
        ],
        "version": "1.0.5"
      },
      "name": "[concat(parameters('workspace'),'/Microsoft.SecurityInsights/', 'ac9e233e-44d4-45eb-b522-6e47445f6582')]"
    }
  ]
}