{
  "$schema": "https://schema.management.azure.com/schemas/2019-04-01/deploymentTemplate.json#",
  "contentVersion": "1.0.0.0",
  "parameters": {
    "location": {
      "type": "string",
      "minLength": 1,
      "defaultValue": "[resourceGroup().location]",
      "metadata": {
        "description": "Not used, but needed to pass arm-ttk test `Location-Should-Not-Be-Hardcoded`.  We instead use the `workspace-location` which is derived from the LA workspace"
      }
    },
    "workspace-location": {
      "type": "string",
      "defaultValue": "",
      "metadata": {
        "description": "[concat('Region to deploy solution resources -- separate from location selection',parameters('location'))]"
      }
    },
    "workspace": {
      "defaultValue": "",
      "type": "string",
      "metadata": {
        "description": "Workspace name for Log Analytics where Microsoft Sentinel is setup"
      }
    }
  },
  "variables": {},
  "resources": [
    {
      "type": "Microsoft.OperationalInsights/workspaces/providers/packages",
      "location": "[parameters('workspace-location')]",
      "apiVersion": "2022-08-01",
      "properties": {
        "packageKind": "Standalone",
        "packageItems": {
          "resources": [
            {
              "type": "Microsoft.OperationalInsights/workspaces/providers/contentTemplates",
              "name": "[concat(parameters('workspace'),'/Microsoft.SecurityInsights/', 'ZimperiumMTDWorkbook')]",
              "location": "[parameters('workspace-location')]",
              "kind": "shared",
              "apiVersion": "2022-08-01",
              "contentVersion": "1.0.0",
              "metadata": "This workbook provides insights on Zimperium Mobile Threat Defense (MTD) threats and mitigations.",
              "properties": {
                "contentId": "ZimperiumMTDWorkbook",
                "version": "1.0.0",
                "displayName": "Zimperium Mobile Threat Defense (MTD)",
                "contentKind": "Workbook",
                "mainTemplate": {
                  "$schema": "https://schema.management.azure.com/schemas/2019-04-01/deploymentTemplate.json#",
                  "contentVersion": "1.0.0",
                  "parameters": {},
                  "resources": [
                    {
                      "type": "Microsoft.Insights/workbooks",
                      "name": "ZimperiumMTDWorkbook",
                      "location": "[parameters('workspace-location')]",
                      "kind": "shared",
                      "apiVersion": "2021-08-01",
                      "metadata": "This workbook provides insights on Zimperium Mobile Threat Defense (MTD) threats and mitigations.",
                      "properties": {
                        "displayName": "Zimperium Mobile Threat Defense (MTD)",
                        "serializedData": "{\"version\":\"Notebook/1.0\",\"items\":[{\"type\":1,\"content\":{\"json\":\"### Threats by Platform (last 30 days)\\n\"},\"name\":\"text - 2\"},{\"type\":3,\"content\":{\"version\":\"KqlItem/1.0\",\"query\":\"union withsource=ZimperiumThreatLog_CL *\\n| where TimeGenerated >= startofweek(ago(30d)) and device_os_s != \\\"\\\" and tolower(device_os_s) != \\\"\\\"\\n| summarize Count=count() by  tolower(device_os_s)\\n| render piechart\\n\",\"size\":0,\"timeContext\":{\"durationMs\":2592000000},\"queryType\":0,\"resourceType\":\"microsoft.operationalinsights/workspaces\",\"visualization\":\"piechart\",\"graphSettings\":{\"type\":0,\"topContent\":{\"columnMatch\":\"Column1\",\"formatter\":1},\"centerContent\":{\"columnMatch\":\"Count\",\"formatter\":1,\"numberFormat\":{\"unit\":17,\"options\":{\"maximumSignificantDigits\":3,\"maximumFractionDigits\":2}}}},\"chartSettings\":{\"seriesLabelSettings\":[{\"seriesName\":\"\",\"color\":\"blue\"},{\"seriesName\":\"ios\",\"label\":\"iOS\",\"color\":\"orange\"},{\"seriesName\":\"android\",\"label\":\"Android\",\"color\":\"blue\"},{\"color\":\"lightBlue\"}]}},\"name\":\"Threats by Platform\"},{\"type\":1,\"content\":{\"json\":\"### Threats by Attack Vector (last 30 days)\"},\"name\":\"text - 4\"},{\"type\":3,\"content\":{\"version\":\"KqlItem/1.0\",\"query\":\"union withsource=ZimperiumThreatLog_CL *\\n| project threat_vector_s , TimeGenerated\\n| where TimeGenerated >= startofweek(ago(30d)) and tolower(threat_vector_s) != \\\"\\\"\\n| summarize Count=count() by  tolower(threat_vector_s)\\n| render  piechart\",\"size\":0,\"queryType\":0,\"resourceType\":\"microsoft.operationalinsights/workspaces\",\"chartSettings\":{\"seriesLabelSettings\":[{\"seriesName\":\"device\",\"label\":\"Device\",\"color\":\"green\"},{\"seriesName\":\"network\",\"label\":\"Network\",\"color\":\"yellow\"},{\"seriesName\":\"malware\",\"label\":\"Apps\",\"color\":\"magenta\"}]}},\"name\":\"Threats by Attack Vector\"},{\"type\":1,\"content\":{\"json\":\"### Top 10 Threat Types (last 30 days)\"},\"name\":\"text - 5\"},{\"type\":3,\"content\":{\"version\":\"KqlItem/1.0\",\"query\":\"ZimperiumThreatLog_CL \\n| summarize threat_count = count() by threat_name_s \\n| sort by threat_count desc\\n| limit 10\\n\",\"size\":0,\"aggregation\":2,\"timeContext\":{\"durationMs\":2592000000},\"queryType\":0,\"resourceType\":\"microsoft.operationalinsights/workspaces\",\"visualization\":\"categoricalbar\",\"gridSettings\":{\"formatters\":[{\"columnMatch\":\"threat_count\",\"formatter\":0,\"formatOptions\":{\"showIcon\":true,\"aggregation\":\"Count\"}},{\"columnMatch\":\"threat_name_s\",\"formatter\":0,\"formatOptions\":{\"showIcon\":true}},{\"columnMatch\":\"-- Group By --\",\"formatter\":0,\"formatOptions\":{\"showIcon\":true}}]},\"graphSettings\":{\"type\":0,\"topContent\":{\"columnMatch\":\"threat_name_s\",\"formatter\":1},\"centerContent\":{\"columnMatch\":\"count_\",\"formatter\":1,\"numberFormat\":{\"unit\":17,\"options\":{\"maximumSignificantDigits\":3,\"maximumFractionDigits\":2}}}}},\"name\":\"Top 10 Threats \"}],\"styleSettings\":{\"progressStyle\":\"loader\",\"paddingStyle\":\"none\",\"spacingStyle\":\"none\"},\"fromTemplateId\":\"sentinel-Zimperium\",\"$schema\":\"https://github.com/Microsoft/Application-Insights-Workbooks/blob/master/schema/workbook.json\"}\r\n",
                        "version": "1.0",
                        "sourceId": "[resourceId('microsoft.OperationalInsights/Workspaces', parameters('workspace'))]",
                        "category": "sentinel"
                      }
                    },
                    {
                      "type": "Microsoft.OperationalInsights/workspaces/providers/metadata",
                      "apiVersion": "2021-03-01-preview",
                      "name": "[concat(parameters('workspace'),'/Microsoft.SecurityInsights/',concat('Workbook-', 'ZimperiumMTDWorkbook'))]",
                      "properties": {
                        "description": "This workbook provides insights on Zimperium Mobile Threat Defense (MTD) threats and mitigations.",
                        "version": "1.0.0",
                        "previewImages": [
                          "ZimperiumWhite.png"
                        ],
                        "previewImagesDark": [
                          "ZimperiumBlack.png"
                        ],
                        "icon": "ZIMPERIUM-logo_square2.svg",
                        "author": {
                          "name": "Community"
                        },
                        "support": {
                          "name": "Community",
                          "link": "https://github.com/Azure/Azure-Sentinel/issues",
                          "tier": "Community"
                        },
                        "source": {
                          "kind": "Community",
                          "name": "Standalone"
                        },
                        "contentId": "ZimperiumMTDWorkbook",
                        "parentId": "[resourceId('Microsoft.Insights/workbooks', 'ZimperiumMTDWorkbook')]",
                        "kind": "Workbook",
                        "dependencies": {
                          "operator": "AND",
                          "criteria": [
                            {
                              "contentId": "ZimperiumThreatLog_CL",
                              "kind": "DataType"
                            },
                            {
                              "contentId": "ZimperiumMitigationLog_CL",
                              "kind": "DataType"
                            }
                          ]
                        }
                      }
                    }
                  ]
                }
              }
            }
          ]
        },
        "author": {
          "name": "Community"
        },
        "dependencies": {
          "operator": "AND",
          "criteria": [
            {
              "contentId": "ZimperiumMTDWorkbook",
              "kind": "Workbook"
            }
          ]
        },
        "description": "This workbook provides insights on Zimperium Mobile Threat Defense (MTD) threats and mitigations.",
        "displayName": "Zimperium Mobile Threat Defense (MTD)",
        "icon": "ZIMPERIUM-logo_square2.svg",
        "packageId": "ZimperiumMTDWorkbook",
        "previewImages": [
          "ZimperiumWhite.png"
        ],
        "previewImagesDark": [
          "ZimperiumBlack.png"
        ],
        "source": {
          "kind": "Community",
          "name": "Standalone"
        },
        "support": {
          "name": "Community",
          "link": "https://github.com/Azure/Azure-Sentinel/issues",
          "tier": "Community"
        },
        "version": "1.0.0"
      },
      "name": "[concat(parameters('workspace'),'/Microsoft.SecurityInsights/', 'ZimperiumMTDWorkbook')]"
    }
  ]
}