{
  "$schema": "https://schema.management.azure.com/schemas/2019-04-01/deploymentTemplate.json#",
  "contentVersion": "1.0.0.0",
  "parameters": {
    "location": {
      "type": "string",
      "minLength": 1,
      "defaultValue": "[resourceGroup().location]",
      "metadata": {
        "description": "Not used, but needed to pass arm-ttk test `Location-Should-Not-Be-Hardcoded`.  We instead use the `workspace-location` which is derived from the LA workspace"
      }
    },
    "workspace-location": {
      "type": "string",
      "defaultValue": "",
      "metadata": {
        "description": "[concat('Region to deploy solution resources -- separate from location selection',parameters('location'))]"
      }
    },
    "workspace": {
      "defaultValue": "",
      "type": "string",
      "metadata": {
        "description": "Workspace name for Log Analytics where Microsoft Sentinel is setup"
      }
    }
  },
  "variables": {},
  "resources": [
    {
      "type": "Microsoft.OperationalInsights/workspaces/providers/packages",
      "location": "[parameters('workspace-location')]",
      "apiVersion": "2022-08-01",
      "properties": {
        "packageKind": "Standalone",
        "packageItems": {
          "resources": [
            {
              "type": "Microsoft.OperationalInsights/workspaces/providers/contentTemplates",
              "name": "[concat(parameters('workspace'),'/Microsoft.SecurityInsights/', 'a333d8bf-22a3-4c55-a1e9-5f0a135c0253')]",
              "location": "[parameters('workspace-location')]",
              "apiVersion": "2022-08-01",
              "properties": {
                "contentId": "a333d8bf-22a3-4c55-a1e9-5f0a135c0253",
                "displayName": "Microsoft Defender for Endpoint (MDE) signatures for Azure Synapse pipelines and Azure Data Factory",
                "contentKind": "AnalyticsRule",
                "mainTemplate": {
                  "$schema": "https://schema.management.azure.com/schemas/2019-04-01/deploymentTemplate.json#",
                  "contentVersion": "1.0.3",
                  "resources": [
                    {
                      "type": "Microsoft.OperationalInsights/workspaces/providers/alertRules",
                      "apiVersion": "2022-04-01-preview",
                      "name": "a333d8bf-22a3-4c55-a1e9-5f0a135c0253",
                      "kind": "Scheduled",
                      "location": "[parameters('workspace-location')]",
                      "properties": {
                        "description": "This query looks for Microsoft Defender for Endpoint detections related to the remote command execution attempts on Azure IR with Managed VNet or SHIR. \nIn Microsoft Sentinel, the SecurityAlerts table includes the name of the impacted device. Additionally, this query joins the DeviceInfo table to connect other information such as device group, \nIP address, signed in users, and others allowing analysts using Microsoft Sentinel to have more context related to the alert. \nReference: https://msrc.microsoft.com/update-guide/vulnerability/CVE-2022-29972 , \nhttps://msrc-blog.microsoft.com/2022/05/09/vulnerability-mitigated-in-the-third-party-data-connector-used-in-azure-synapse-pipelines-and-azure-data-factory-cve-2022-29972",
                        "displayName": "Microsoft Defender for Endpoint (MDE) signatures for Azure Synapse pipelines and Azure Data Factory",
                        "enabled": false,
                        "query": "let mde_threats = dynamic([\"Behavior:Win32/SuspAzureRequest.A\", \"Behavior:Win32/SuspAzureRequest.B\", \"Behavior:Win32/SuspAzureRequest.C\", \"Behavior:Win32/LaunchingSuspCMD.B\"]);\nDeviceInfo\n| extend DeviceName = tolower(DeviceName)\n| join kind=inner ( SecurityAlert\n| where ProviderName == \"MDATP\"\n| extend ThreatName = tostring(parse_json(ExtendedProperties).ThreatName)\n| extend ThreatFamilyName = tostring(parse_json(ExtendedProperties).ThreatFamilyName)\n| where ThreatName in~ (mde_threats) or ThreatFamilyName in~ (mde_threats)\n| extend CompromisedEntity = tolower(CompromisedEntity)\n) on $left.DeviceName == $right.CompromisedEntity\n| summarize by DisplayName, ThreatName, ThreatFamilyName, PublicIP, AlertSeverity, Description, tostring(LoggedOnUsers), DeviceId, TenantId , bin(TimeGenerated, 1d), CompromisedEntity, tostring(LoggedOnUsers), ProductName, Entities\n",
                        "queryFrequency": "P1D",
                        "queryPeriod": "P1D",
                        "severity": "High",
                        "status": "Available",
                        "suppressionDuration": "PT1H",
                        "suppressionEnabled": false,
                        "triggerOperator": "GreaterThan",
                        "triggerThreshold": 0,
                        "tactics": [
                          "InitialAccess"
                        ],
                        "techniques": [
                          "T1190"
                        ],
                        "entityMappings": [
                          {
                            "entityType": "Host",
                            "fieldMappings": [
                              {
                                "columnName": "CompromisedEntity",
                                "identifier": "FullName"
                              }
                            ]
                          },
                          {
                            "entityType": "IP",
                            "fieldMappings": [
                              {
                                "columnName": "PublicIP",
                                "identifier": "Address"
                              }
                            ]
                          }
                        ],
                        "requiredDataConnectors": [
                          {
                            "connectorId": "MicrosoftThreatProtection",
                            "dataTypes": [
                              "SecurityAlert"
                            ]
                          }
                        ]
                      }
                    },
                    {
                      "type": "Microsoft.OperationalInsights/workspaces/providers/metadata",
                      "apiVersion": "2021-03-01-preview",
                      "properties": {
                        "description": "This query looks for Microsoft Defender for Endpoint detections related to the remote command execution attempts on Azure IR with Managed VNet or SHIR. \nIn Microsoft Sentinel, the SecurityAlerts table includes the name of the impacted device. Additionally, this query joins the DeviceInfo table to connect other information such as device group, \nIP address, signed in users, and others allowing analysts using Microsoft Sentinel to have more context related to the alert. \nReference: https://msrc.microsoft.com/update-guide/vulnerability/CVE-2022-29972 , \nhttps://msrc-blog.microsoft.com/2022/05/09/vulnerability-mitigated-in-the-third-party-data-connector-used-in-azure-synapse-pipelines-and-azure-data-factory-cve-2022-29972",
                        "version": "1.0.3",
                        "author": {
                          "name": "Ashwin Patil"
                        },
                        "support": {
                          "tier": "Community",
                          "name": "Community",
                          "link": "https://github.com/Azure/Azure-Sentinel/issues"
                        },
                        "source": {
                          "kind": "Community",
                          "name": "Standalone"
                        },
                        "threatAnalysisTactics": [
                          "InitialAccess"
                        ],
                        "threatAnalyticsTechniques": [
                          "T1190"
                        ],
                        "contentId": "a333d8bf-22a3-4c55-a1e9-5f0a135c0253",
                        "parentId": "a333d8bf-22a3-4c55-a1e9-5f0a135c0253",
                        "kind": "AnalyticsRule",
                        "dependencies": {
                          "operator": "AND",
                          "criteria": [
                            {
                              "contentId": "SecurityAlert",
                              "kind": "DataType"
                            }
                          ]
                        }
                      }
                    }
                  ]
                }
              }
            }
          ]
        },
        "author": {
          "name": "Ashwin Patil"
        },
        "categories": {
          "domains": [
            "Security - Threat Protection"
          ]
        },
        "dependencies": {
          "operator": "AND",
          "criteria": [
            {
              "contentId": "a333d8bf-22a3-4c55-a1e9-5f0a135c0253",
              "kind": "AnalyticsRule"
            }
          ]
        },
        "description": "This query looks for Microsoft Defender for Endpoint detections related to the remote command execution attempts on Azure IR with Managed VNet or SHIR. \nIn Microsoft Sentinel, the SecurityAlerts table includes the name of the impacted device. Additionally, this query joins the DeviceInfo table to connect other information such as device group, \nIP address, signed in users, and others allowing analysts using Microsoft Sentinel to have more context related to the alert. \nReference: https://msrc.microsoft.com/update-guide/vulnerability/CVE-2022-29972 , \nhttps://msrc-blog.microsoft.com/2022/05/09/vulnerability-mitigated-in-the-third-party-data-connector-used-in-azure-synapse-pipelines-and-azure-data-factory-cve-2022-29972",
        "displayName": "Microsoft Defender for Endpoint (MDE) signatures for Azure Synapse pipelines and Azure Data Factory",
        "packageId": "a333d8bf-22a3-4c55-a1e9-5f0a135c0253",
        "source": {
          "kind": "Community",
          "name": "Standalone"
        },
        "support": {
          "tier": "Community",
          "name": "Community",
          "link": "https://github.com/Azure/Azure-Sentinel/issues"
        },
        "threatAnalysisTactics": [
          "InitialAccess"
        ],
        "threatAnalyticsTechniques": [
          "T1190"
        ],
        "version": "1.0.3"
      },
      "name": "[concat(parameters('workspace'),'/Microsoft.SecurityInsights/', 'a333d8bf-22a3-4c55-a1e9-5f0a135c0253')]"
    }
  ]
}