{
  "$schema": "https://schema.management.azure.com/schemas/2019-04-01/deploymentTemplate.json#",
  "contentVersion": "1.0.0.0",
  "parameters": {
    "location": {
      "type": "string",
      "minLength": 1,
      "defaultValue": "[resourceGroup().location]",
      "metadata": {
        "description": "Not used, but needed to pass arm-ttk test `Location-Should-Not-Be-Hardcoded`.  We instead use the `workspace-location` which is derived from the LA workspace"
      }
    },
    "workspace-location": {
      "type": "string",
      "defaultValue": "",
      "metadata": {
        "description": "[concat('Region to deploy solution resources -- separate from location selection',parameters('location'))]"
      }
    },
    "workspace": {
      "defaultValue": "",
      "type": "string",
      "metadata": {
        "description": "Workspace name for Log Analytics where Microsoft Sentinel is setup"
      }
    }
  },
  "variables": {},
  "resources": [
    {
      "type": "Microsoft.OperationalInsights/workspaces/providers/packages",
      "location": "[parameters('workspace-location')]",
      "apiVersion": "2022-08-01",
      "properties": {
        "packageKind": "Standalone",
        "packageItems": {
          "resources": [
            {
              "type": "Microsoft.OperationalInsights/workspaces/providers/contentTemplates",
              "name": "[concat(parameters('workspace'),'/Microsoft.SecurityInsights/', '01f64465-b1ef-41ea-a7f5-31553a11ad43')]",
              "location": "[parameters('workspace-location')]",
              "apiVersion": "2022-08-01",
              "properties": {
                "contentId": "01f64465-b1ef-41ea-a7f5-31553a11ad43",
                "displayName": "Network endpoint to host executable correlation",
                "contentKind": "AnalyticsRule",
                "mainTemplate": {
                  "$schema": "https://schema.management.azure.com/schemas/2019-04-01/deploymentTemplate.json#",
                  "contentVersion": "1.1.3",
                  "resources": [
                    {
                      "type": "Microsoft.OperationalInsights/workspaces/providers/alertRules",
                      "apiVersion": "2022-04-01-preview",
                      "name": "01f64465-b1ef-41ea-a7f5-31553a11ad43",
                      "kind": "Scheduled",
                      "location": "[parameters('workspace-location')]",
                      "properties": {
                        "description": "Correlates blocked URLs hosting [malicious] executables with host endpoint data\nto identify potential instances of executables of the same name having been recently run.",
                        "displayName": "Network endpoint to host executable correlation",
                        "enabled": false,
                        "query": "let endpointData = \n(union isfuzzy=true\n(SecurityEvent\n  | where EventID == 4688\n  | extend shortFileName = tostring(split(NewProcessName, '\\\\')[-1])\n  ),\n  (WindowsEvent\n  | where EventID == 4688\n  | extend  NewProcessName = tostring(EventData.NewProcessName)\n  | extend shortFileName = tostring(split(NewProcessName, '\\\\')[-1])\n  | extend TargetUserName = tostring(EventData.TargetUserName)\n  ));\n// Correlate suspect executables seen in TrendMicro rule updates with similar activity on endpoints\nCommonSecurityLog\n| where DeviceVendor =~ \"Trend Micro\"\n| where Activity =~ \"Deny List updated\" \n| where RequestURL endswith \".exe\"\n| project TimeGenerated, Activity , RequestURL , SourceIP, DestinationIP\n| extend suspectExeName = tolower(tostring(split(RequestURL, '/')[-1]))\n| join (endpointData) on $left.suspectExeName == $right.shortFileName \n| extend timestamp = TimeGenerated, IPCustomEntity = DestinationIP, AccountCustomEntity = TargetUserName, HostCustomEntity = Computer, URLCustomEntity = RequestURL\n",
                        "queryFrequency": "P1D",
                        "queryPeriod": "P1D",
                        "severity": "Medium",
                        "status": "Available",
                        "suppressionDuration": "PT1H",
                        "suppressionEnabled": false,
                        "triggerOperator": "GreaterThan",
                        "triggerThreshold": 0,
                        "tactics": [
                          "Execution"
                        ],
                        "techniques": [
                          "T1204"
                        ],
                        "entityMappings": [
                          {
                            "entityType": "Account",
                            "fieldMappings": {
                              "columnName": "AccountCustomEntity",
                              "identifier": "FullName"
                            }
                          },
                          {
                            "entityType": "Host",
                            "fieldMappings": {
                              "columnName": "HostCustomEntity",
                              "identifier": "FullName"
                            }
                          },
                          {
                            "entityType": "IP",
                            "fieldMappings": {
                              "columnName": "IPCustomEntity",
                              "identifier": "Address"
                            }
                          },
                          {
                            "entityType": "URL",
                            "fieldMappings": {
                              "columnName": "URLCustomEntity",
                              "identifier": "Url"
                            }
                          }
                        ],
                        "requiredDataConnectors": [
                          {
                            "connectorId": "SecurityEvents",
                            "dataTypes": [
                              "SecurityEvent"
                            ]
                          },
                          {
                            "connectorId": "TrendMicro",
                            "dataTypes": [
                              "CommonSecurityLog"
                            ]
                          },
                          {
                            "connectorId": "WindowsForwardedEvents",
                            "dataTypes": [
                              "WindowsEvent"
                            ]
                          },
                          {
                            "connectorId": "WindowsSecurityEvents",
                            "dataTypes": [
                              "SecurityEvents"
                            ]
                          }
                        ]
                      }
                    },
                    {
                      "type": "Microsoft.OperationalInsights/workspaces/providers/metadata",
                      "apiVersion": "2021-03-01-preview",
                      "properties": {
                        "description": "Correlates blocked URLs hosting [malicious] executables with host endpoint data\nto identify potential instances of executables of the same name having been recently run.",
                        "version": "1.1.3",
                        "author": {
                          "name": "timbMSFT"
                        },
                        "support": {
                          "tier": "Community",
                          "name": "Community",
                          "link": "https://github.com/Azure/Azure-Sentinel/issues"
                        },
                        "source": {
                          "kind": "Community",
                          "name": "Standalone"
                        },
                        "threatAnalysisTactics": [
                          "Execution"
                        ],
                        "threatAnalyticsTechniques": [
                          "T1204"
                        ],
                        "contentId": "01f64465-b1ef-41ea-a7f5-31553a11ad43",
                        "parentId": "01f64465-b1ef-41ea-a7f5-31553a11ad43",
                        "kind": "AnalyticsRule",
                        "dependencies": {
                          "operator": "AND",
                          "criteria": [
                            {
                              "contentId": "CommonSecurityLog",
                              "kind": "DataType"
                            },
                            {
                              "contentId": "SecurityEvent",
                              "kind": "DataType"
                            },
                            {
                              "contentId": "SecurityEvents",
                              "kind": "DataType"
                            },
                            {
                              "contentId": "WindowsEvent",
                              "kind": "DataType"
                            }
                          ]
                        }
                      }
                    }
                  ]
                }
              }
            }
          ]
        },
        "author": {
          "name": "timbMSFT"
        },
        "categories": {
          "domains": [
            "Security - Threat Protection",
            "Networking"
          ]
        },
        "dependencies": {
          "operator": "AND",
          "criteria": [
            {
              "contentId": "01f64465-b1ef-41ea-a7f5-31553a11ad43",
              "kind": "AnalyticsRule"
            }
          ]
        },
        "description": "Correlates blocked URLs hosting [malicious] executables with host endpoint data\nto identify potential instances of executables of the same name having been recently run.",
        "displayName": "Network endpoint to host executable correlation",
        "packageId": "01f64465-b1ef-41ea-a7f5-31553a11ad43",
        "source": {
          "kind": "Community",
          "name": "Standalone"
        },
        "support": {
          "tier": "Community",
          "name": "Community",
          "link": "https://github.com/Azure/Azure-Sentinel/issues"
        },
        "threatAnalysisTactics": [
          "Execution"
        ],
        "threatAnalyticsTechniques": [
          "T1204"
        ],
        "version": "1.1.3"
      },
      "name": "[concat(parameters('workspace'),'/Microsoft.SecurityInsights/', '01f64465-b1ef-41ea-a7f5-31553a11ad43')]"
    }
  ]
}