{
  "$schema": "https://schema.management.azure.com/schemas/2019-04-01/deploymentTemplate.json#",
  "contentVersion": "1.0.0.0",
  "parameters": {
    "location": {
      "type": "string",
      "minLength": 1,
      "defaultValue": "[resourceGroup().location]",
      "metadata": {
        "description": "Not used, but needed to pass arm-ttk test `Location-Should-Not-Be-Hardcoded`.  We instead use the `workspace-location` which is derived from the LA workspace"
      }
    },
    "workspace-location": {
      "type": "string",
      "defaultValue": "",
      "metadata": {
        "description": "[concat('Region to deploy solution resources -- separate from location selection',parameters('location'))]"
      }
    },
    "workspace": {
      "defaultValue": "",
      "type": "string",
      "metadata": {
        "description": "Workspace name for Log Analytics where Microsoft Sentinel is setup"
      }
    }
  },
  "variables": {},
  "resources": [
    {
      "type": "Microsoft.OperationalInsights/workspaces/providers/packages",
      "location": "[parameters('workspace-location')]",
      "apiVersion": "2022-08-01",
      "properties": {
        "packageKind": "Standalone",
        "packageItems": {
          "resources": [
            {
              "type": "Microsoft.OperationalInsights/workspaces/providers/contentTemplates",
              "name": "[concat(parameters('workspace'),'/Microsoft.SecurityInsights/', '44a555d8-ecee-4a25-95ce-055879b4b14b')]",
              "location": "[parameters('workspace-location')]",
              "apiVersion": "2022-08-01",
              "properties": {
                "contentId": "44a555d8-ecee-4a25-95ce-055879b4b14b",
                "displayName": "High count of connections by client IP on many ports",
                "contentKind": "AnalyticsRule",
                "mainTemplate": {
                  "$schema": "https://schema.management.azure.com/schemas/2019-04-01/deploymentTemplate.json#",
                  "contentVersion": "1.0.2",
                  "resources": [
                    {
                      "type": "Microsoft.OperationalInsights/workspaces/providers/alertRules",
                      "apiVersion": "2022-04-01-preview",
                      "name": "44a555d8-ecee-4a25-95ce-055879b4b14b",
                      "kind": "Scheduled",
                      "location": "[parameters('workspace-location')]",
                      "properties": {
                        "description": "Identifies when 30 or more ports are used for a given client IP in 10 minutes occurring on the IIS server.\nThis could be indicative of attempted port scanning or exploit attempt at internet facing web applications.\nThis could also simply indicate a misconfigured service or device.\nReferences:\nIIS status code mapping - https://support.microsoft.com/help/943891/the-http-status-code-in-iis-7-0-iis-7-5-and-iis-8-0\nWin32 Status code mapping - https://msdn.microsoft.com/library/cc231199.aspx",
                        "displayName": "High count of connections by client IP on many ports",
                        "enabled": false,
                        "query": "let timeBin = 10m;\nlet portThreshold = 30;\nW3CIISLog\n| extend scStatusFull = strcat(scStatus, \".\",scSubStatus)\n// Map common IIS codes\n| extend scStatusFull_Friendly = case(\nscStatusFull == \"401.0\", \"Access denied.\",\nscStatusFull == \"401.1\", \"Logon failed.\",\nscStatusFull == \"401.2\", \"Logon failed due to server configuration.\",\nscStatusFull == \"401.3\", \"Unauthorized due to ACL on resource.\",\nscStatusFull == \"401.4\", \"Authorization failed by filter.\",\nscStatusFull == \"401.5\", \"Authorization failed by ISAPI/CGI application.\",\nscStatusFull == \"403.0\", \"Forbidden.\",\nscStatusFull == \"403.4\", \"SSL required.\",\n\"See - https://support.microsoft.com/help/943891/the-http-status-code-in-iis-7-0-iis-7-5-and-iis-8-0\")\n// Mapping to Hex so can be mapped using website in comments above\n| extend scWin32Status_Hex = tohex(tolong(scWin32Status))\n// Map common win32 codes\n| extend scWin32Status_Friendly = case(\nscWin32Status_Hex =~ \"775\", \"The referenced account is currently locked out and cannot be logged on to.\",\nscWin32Status_Hex =~ \"52e\", \"Logon failure: Unknown user name or bad password.\",\nscWin32Status_Hex =~ \"532\", \"Logon failure: The specified account password has expired.\",\nscWin32Status_Hex =~ \"533\", \"Logon failure: Account currently disabled.\",\nscWin32Status_Hex =~ \"2ee2\", \"The request has timed out.\",\nscWin32Status_Hex =~ \"0\", \"The operation completed successfully.\",\nscWin32Status_Hex =~ \"1\", \"Incorrect function.\",\nscWin32Status_Hex =~ \"2\", \"The system cannot find the file specified.\",\nscWin32Status_Hex =~ \"3\", \"The system cannot find the path specified.\",\nscWin32Status_Hex =~ \"4\", \"The system cannot open the file.\",\nscWin32Status_Hex =~ \"5\", \"Access is denied.\",\nscWin32Status_Hex =~ \"8009030e\", \"SEC_E_NO_CREDENTIALS\",\nscWin32Status_Hex =~ \"8009030C\", \"SEC_E_LOGON_DENIED\",\n\"See - https://msdn.microsoft.com/library/cc231199.aspx\")\n// decode URI when available\n| extend decodedUriQuery = url_decode(csUriQuery)\n// Count of attempts by client IP on many ports\n| summarize makeset(sPort), makeset(decodedUriQuery), makeset(csUserName), makeset(sSiteName), makeset(sPort), makeset(csUserAgent), makeset(csMethod), makeset(csUriQuery), makeset(scStatusFull), makeset(scStatusFull_Friendly), makeset(scWin32Status_Hex), makeset(scWin32Status_Friendly), ConnectionsCount = count() by bin(TimeGenerated, timeBin), cIP, Computer, sIP\n| extend portCount = arraylength(set_sPort)\n| where portCount >= portThreshold\n| project TimeGenerated, cIP, set_sPort, set_csUserName, set_decodedUriQuery, Computer, set_sSiteName, sIP, set_csUserAgent, set_csMethod, set_scStatusFull, set_scStatusFull_Friendly, set_scWin32Status_Hex, set_scWin32Status_Friendly, ConnectionsCount, portCount\n| order by portCount\n| extend timestamp = TimeGenerated, IPCustomEntity = cIP\n",
                        "queryFrequency": "P1D",
                        "queryPeriod": "P1D",
                        "severity": "Medium",
                        "status": "Available",
                        "suppressionDuration": "PT1H",
                        "suppressionEnabled": false,
                        "triggerOperator": "GreaterThan",
                        "triggerThreshold": 0,
                        "tactics": [
                          "InitialAccess"
                        ],
                        "techniques": [
                          "T1190"
                        ],
                        "entityMappings": [
                          {
                            "entityType": "IP",
                            "fieldMappings": [
                              {
                                "columnName": "IPCustomEntity",
                                "identifier": "Address"
                              }
                            ]
                          }
                        ],
                        "requiredDataConnectors": [
                          {
                            "connectorId": "AzureMonitor(IIS)",
                            "dataTypes": [
                              "W3CIISLog"
                            ]
                          }
                        ]
                      }
                    },
                    {
                      "type": "Microsoft.OperationalInsights/workspaces/providers/metadata",
                      "apiVersion": "2021-03-01-preview",
                      "properties": {
                        "description": "Identifies when 30 or more ports are used for a given client IP in 10 minutes occurring on the IIS server.\nThis could be indicative of attempted port scanning or exploit attempt at internet facing web applications.\nThis could also simply indicate a misconfigured service or device.\nReferences:\nIIS status code mapping - https://support.microsoft.com/help/943891/the-http-status-code-in-iis-7-0-iis-7-5-and-iis-8-0\nWin32 Status code mapping - https://msdn.microsoft.com/library/cc231199.aspx",
                        "version": "1.0.2",
                        "author": {
                          "name": "Shain"
                        },
                        "support": {
                          "tier": "Community",
                          "name": "Community",
                          "link": "https://github.com/Azure/Azure-Sentinel/issues"
                        },
                        "source": {
                          "kind": "Community",
                          "name": "Standalone"
                        },
                        "threatAnalysisTactics": [
                          "InitialAccess"
                        ],
                        "threatAnalyticsTechniques": [
                          "T1190"
                        ],
                        "contentId": "44a555d8-ecee-4a25-95ce-055879b4b14b",
                        "parentId": "44a555d8-ecee-4a25-95ce-055879b4b14b",
                        "kind": "AnalyticsRule",
                        "dependencies": {
                          "operator": "AND",
                          "criteria": [
                            {
                              "contentId": "W3CIISLog",
                              "kind": "DataType"
                            }
                          ]
                        }
                      }
                    }
                  ]
                }
              }
            }
          ]
        },
        "author": {
          "name": "Shain"
        },
        "categories": {
          "domains": [
            "Security - Network"
          ]
        },
        "dependencies": {
          "operator": "AND",
          "criteria": [
            {
              "contentId": "44a555d8-ecee-4a25-95ce-055879b4b14b",
              "kind": "AnalyticsRule"
            }
          ]
        },
        "description": "Identifies when 30 or more ports are used for a given client IP in 10 minutes occurring on the IIS server.\nThis could be indicative of attempted port scanning or exploit attempt at internet facing web applications.\nThis could also simply indicate a misconfigured service or device.\nReferences:\nIIS status code mapping - https://support.microsoft.com/help/943891/the-http-status-code-in-iis-7-0-iis-7-5-and-iis-8-0\nWin32 Status code mapping - https://msdn.microsoft.com/library/cc231199.aspx",
        "displayName": "High count of connections by client IP on many ports",
        "packageId": "44a555d8-ecee-4a25-95ce-055879b4b14b",
        "source": {
          "kind": "Community",
          "name": "Standalone"
        },
        "support": {
          "tier": "Community",
          "name": "Community",
          "link": "https://github.com/Azure/Azure-Sentinel/issues"
        },
        "threatAnalysisTactics": [
          "InitialAccess"
        ],
        "threatAnalyticsTechniques": [
          "T1190"
        ],
        "version": "1.0.2"
      },
      "name": "[concat(parameters('workspace'),'/Microsoft.SecurityInsights/', '44a555d8-ecee-4a25-95ce-055879b4b14b')]"
    }
  ]
}