{
  "$schema": "https://schema.management.azure.com/schemas/2019-04-01/deploymentTemplate.json#",
  "contentVersion": "1.0.0.0",
  "parameters": {
    "location": {
      "type": "string",
      "minLength": 1,
      "defaultValue": "[resourceGroup().location]",
      "metadata": {
        "description": "Not used, but needed to pass arm-ttk test `Location-Should-Not-Be-Hardcoded`.  We instead use the `workspace-location` which is derived from the LA workspace"
      }
    },
    "workspace-location": {
      "type": "string",
      "defaultValue": "",
      "metadata": {
        "description": "[concat('Region to deploy solution resources -- separate from location selection',parameters('location'))]"
      }
    },
    "workspace": {
      "defaultValue": "",
      "type": "string",
      "metadata": {
        "description": "Workspace name for Log Analytics where Microsoft Sentinel is setup"
      }
    }
  },
  "variables": {},
  "resources": [
    {
      "type": "Microsoft.OperationalInsights/workspaces/providers/packages",
      "location": "[parameters('workspace-location')]",
      "apiVersion": "2022-08-01",
      "properties": {
        "packageKind": "Standalone",
        "packageItems": {
          "resources": [
            {
              "type": "Microsoft.OperationalInsights/workspaces/providers/contentTemplates",
              "name": "[concat(parameters('workspace'),'/Microsoft.SecurityInsights/', 'c1faf5e8-6958-11ec-90d6-0242ac120003')]",
              "location": "[parameters('workspace-location')]",
              "apiVersion": "2022-08-01",
              "properties": {
                "contentId": "c1faf5e8-6958-11ec-90d6-0242ac120003",
                "displayName": "Fake computer account created",
                "contentKind": "AnalyticsRule",
                "mainTemplate": {
                  "$schema": "https://schema.management.azure.com/schemas/2019-04-01/deploymentTemplate.json#",
                  "contentVersion": "1.0.1",
                  "resources": [
                    {
                      "type": "Microsoft.OperationalInsights/workspaces/providers/alertRules",
                      "apiVersion": "2022-04-01-preview",
                      "name": "c1faf5e8-6958-11ec-90d6-0242ac120003",
                      "kind": "Scheduled",
                      "location": "[parameters('workspace-location')]",
                      "properties": {
                        "description": "This query detects domain user accounts creation (event ID 4720) where the username ends with $. \nAccounts that end with $ are normally domain computer accounts and when they are created the event ID 4741 is generated instead.\nRef: https://blog.menasec.net/2019/02/threat-hunting-6-hiding-in-plain-sights.html",
                        "displayName": "Fake computer account created",
                        "enabled": false,
                        "query": "SecurityEvent\n| where EventID == 4720 and TargetUserName endswith \"$\"\n| summarize StartTime = min(TimeGenerated), EndTime = max(TimeGenerated) by Computer, SubjectUserName, SubjectUserSid, SubjectLogonId, TargetUserName, TargetSid\n",
                        "queryFrequency": "PT1H",
                        "queryPeriod": "PT1H",
                        "severity": "Medium",
                        "status": "Available",
                        "suppressionDuration": "PT1H",
                        "suppressionEnabled": false,
                        "triggerOperator": "GreaterThan",
                        "triggerThreshold": 0,
                        "tactics": [
                          "DefenseEvasion"
                        ],
                        "techniques": [
                          "T1564"
                        ],
                        "entityMappings": [
                          {
                            "entityType": "Account",
                            "fieldMappings": [
                              {
                                "columnName": "SubjectUserName",
                                "identifier": "FullName"
                              }
                            ]
                          },
                          {
                            "entityType": "Host",
                            "fieldMappings": [
                              {
                                "columnName": "Computer",
                                "identifier": "FullName"
                              }
                            ]
                          }
                        ],
                        "requiredDataConnectors": [
                          {
                            "connectorId": "SecurityEvents",
                            "dataTypes": [
                              "SecurityEvent"
                            ]
                          }
                        ]
                      }
                    },
                    {
                      "type": "Microsoft.OperationalInsights/workspaces/providers/metadata",
                      "apiVersion": "2021-03-01-preview",
                      "properties": {
                        "description": "This query detects domain user accounts creation (event ID 4720) where the username ends with $. \nAccounts that end with $ are normally domain computer accounts and when they are created the event ID 4741 is generated instead.\nRef: https://blog.menasec.net/2019/02/threat-hunting-6-hiding-in-plain-sights.html",
                        "version": "1.0.1",
                        "author": {
                          "name": "Vasileios Paschalidis"
                        },
                        "support": {
                          "tier": "Community",
                          "name": "Community",
                          "link": "https://github.com/Azure/Azure-Sentinel/issues"
                        },
                        "source": {
                          "kind": "Community",
                          "name": "Standalone"
                        },
                        "threatAnalysisTactics": [
                          "DefenseEvasion"
                        ],
                        "threatAnalyticsTechniques": [
                          "T1564"
                        ],
                        "contentId": "c1faf5e8-6958-11ec-90d6-0242ac120003",
                        "parentId": "c1faf5e8-6958-11ec-90d6-0242ac120003",
                        "kind": "AnalyticsRule",
                        "dependencies": {
                          "operator": "AND",
                          "criteria": [
                            {
                              "contentId": "SecurityEvent",
                              "kind": "DataType"
                            }
                          ]
                        }
                      }
                    }
                  ]
                }
              }
            }
          ]
        },
        "author": {
          "name": "Vasileios Paschalidis"
        },
        "categories": {
          "domains": [
            "Security - Others"
          ]
        },
        "dependencies": {
          "operator": "AND",
          "criteria": [
            {
              "contentId": "c1faf5e8-6958-11ec-90d6-0242ac120003",
              "kind": "AnalyticsRule"
            }
          ]
        },
        "description": "This query detects domain user accounts creation (event ID 4720) where the username ends with $. \nAccounts that end with $ are normally domain computer accounts and when they are created the event ID 4741 is generated instead.\nRef: https://blog.menasec.net/2019/02/threat-hunting-6-hiding-in-plain-sights.html",
        "displayName": "Fake computer account created",
        "packageId": "c1faf5e8-6958-11ec-90d6-0242ac120003",
        "source": {
          "kind": "Community",
          "name": "Standalone"
        },
        "support": {
          "tier": "Community",
          "name": "Community",
          "link": "https://github.com/Azure/Azure-Sentinel/issues"
        },
        "threatAnalysisTactics": [
          "DefenseEvasion"
        ],
        "threatAnalyticsTechniques": [
          "T1564"
        ],
        "version": "1.0.1"
      },
      "name": "[concat(parameters('workspace'),'/Microsoft.SecurityInsights/', 'c1faf5e8-6958-11ec-90d6-0242ac120003')]"
    }
  ]
}