{
  "$schema": "https://schema.management.azure.com/schemas/2019-04-01/deploymentTemplate.json#",
  "contentVersion": "1.0.0.0",
  "parameters": {
    "location": {
      "type": "string",
      "minLength": 1,
      "defaultValue": "[resourceGroup().location]",
      "metadata": {
        "description": "Not used, but needed to pass arm-ttk test `Location-Should-Not-Be-Hardcoded`.  We instead use the `workspace-location` which is derived from the LA workspace"
      }
    },
    "workspace-location": {
      "type": "string",
      "defaultValue": "",
      "metadata": {
        "description": "[concat('Region to deploy solution resources -- separate from location selection',parameters('location'))]"
      }
    },
    "workspace": {
      "defaultValue": "",
      "type": "string",
      "metadata": {
        "description": "Workspace name for Log Analytics where Microsoft Sentinel is setup"
      }
    }
  },
  "variables": {},
  "resources": [
    {
      "type": "Microsoft.OperationalInsights/workspaces/providers/packages",
      "location": "[parameters('workspace-location')]",
      "apiVersion": "2022-08-01",
      "properties": {
        "packageKind": "Standalone",
        "packageItems": {
          "resources": [
            {
              "type": "Microsoft.OperationalInsights/workspaces/providers/contentTemplates",
              "name": "[concat(parameters('workspace'),'/Microsoft.SecurityInsights/', 'a1bddaf8-982b-4089-ba9e-6590dfcf80ea')]",
              "location": "[parameters('workspace-location')]",
              "apiVersion": "2022-08-01",
              "properties": {
                "contentId": "a1bddaf8-982b-4089-ba9e-6590dfcf80ea",
                "displayName": "Excessive number of HTTP authentication failures from a source (ASIM Web Session schema)",
                "contentKind": "AnalyticsRule",
                "mainTemplate": {
                  "$schema": "https://schema.management.azure.com/schemas/2019-04-01/deploymentTemplate.json#",
                  "contentVersion": "1.0.3",
                  "resources": [
                    {
                      "type": "Microsoft.OperationalInsights/workspaces/providers/alertRules",
                      "apiVersion": "2022-04-01-preview",
                      "name": "a1bddaf8-982b-4089-ba9e-6590dfcf80ea",
                      "kind": "Scheduled",
                      "location": "[parameters('workspace-location')]",
                      "properties": {
                        "description": "This rule identifies a source that repeatedly fails to authenticate to a web service (HTTP response code 403). This may indicate a [brute force](https://en.wikipedia.org/wiki/Brute-force_attack) or [credential stuffing](https://en.wikipedia.org/wiki/Credential_stuffing) attack.<br><br>\nThis rule uses the [Advanced Security Information Model (ASIM)](https://aka.ms/AboutSIM) and supports any web session source that complies with ASIM.",
                        "displayName": "Excessive number of HTTP authentication failures from a source (ASIM Web Session schema)",
                        "enabled": false,
                        "query": "let error403_count_threshold=200;\n_Im_WebSession(eventresultdetails_in=dynamic([\"403\"]))\n| extend ParsedUrl=parse_url(Url)\n| extend UrlHost=tostring(ParsedUrl[\"Host\"]), UrlSchema=tostring(ParsedUrl[\"Schema\"])\n| summarize StartTime = min(TimeGenerated), EndTime = max(TimeGenerated), NumberOfErrors = count(), Urls=makeset(Url) by UrlHost, SrcIpAddr\n| where NumberOfErrors > error403_count_threshold\n| sort by NumberOfErrors desc\n| extend Url=tostring(Urls[0])\n",
                        "queryFrequency": "P1D",
                        "queryPeriod": "P1D",
                        "severity": "Low",
                        "status": "Available",
                        "suppressionDuration": "PT1H",
                        "suppressionEnabled": false,
                        "triggerOperator": "GreaterThan",
                        "triggerThreshold": 0,
                        "tactics": [
                          "Persistence",
                          "CredentialAccess"
                        ],
                        "techniques": [
                          "T1110",
                          "T1556"
                        ],
                        "entityMappings": [
                          {
                            "entityType": "IP",
                            "fieldMappings": [
                              {
                                "columnName": "SrcIpAddr",
                                "identifier": "Address"
                              }
                            ]
                          },
                          {
                            "entityType": "URL",
                            "fieldMappings": [
                              {
                                "columnName": "URL",
                                "identifier": "Url"
                              }
                            ]
                          }
                        ],
                        "customDetails": {
                          "NumberOfErrors": "NumberOfErrors"
                        },
                        "alertDetailsOverride": {
                          "alertDescriptionFormat": "A client with address {{SrcIpAddr}} generated a large number of failed authentication HTTP requests. This may indicate a [brute force](https://en.wikipedia.org/wiki/Brute-force_attack) or [credential stuffing](https://en.wikipedia.org/wiki/Credential_stuffing) attack.",
                          "alertDisplayNameFormat": "Excessive number of HTTP authentication failures from {{SrcIpAddr}"
                        },
                        "requiredDataConnectors": [
                          {
                            "connectorId": "SquidProxy",
                            "dataTypes": [
                              "SquidProxy_CL"
                            ]
                          },
                          {
                            "connectorId": "Zscaler",
                            "dataTypes": [
                              "CommonSecurityLog"
                            ]
                          }
                        ]
                      }
                    },
                    {
                      "type": "Microsoft.OperationalInsights/workspaces/providers/metadata",
                      "apiVersion": "2021-03-01-preview",
                      "properties": {
                        "description": "This rule identifies a source that repeatedly fails to authenticate to a web service (HTTP response code 403). This may indicate a [brute force](https://en.wikipedia.org/wiki/Brute-force_attack) or [credential stuffing](https://en.wikipedia.org/wiki/Credential_stuffing) attack.<br><br>\nThis rule uses the [Advanced Security Information Model (ASIM)](https://aka.ms/AboutSIM) and supports any web session source that complies with ASIM.",
                        "version": "1.0.3",
                        "author": {
                          "name": "Yaron"
                        },
                        "support": {
                          "tier": "Community",
                          "name": "Community",
                          "link": "https://github.com/Azure/Azure-Sentinel/issues"
                        },
                        "source": {
                          "kind": "Community",
                          "name": "Standalone"
                        },
                        "threatAnalysisTactics": [
                          "Persistence",
                          "CredentialAccess"
                        ],
                        "threatAnalyticsTechniques": [
                          "T1110",
                          "T1556"
                        ],
                        "contentId": "a1bddaf8-982b-4089-ba9e-6590dfcf80ea",
                        "parentId": "a1bddaf8-982b-4089-ba9e-6590dfcf80ea",
                        "kind": "AnalyticsRule",
                        "dependencies": {
                          "operator": "AND",
                          "criteria": [
                            {
                              "contentId": "SquidProxy_CL",
                              "kind": "DataType"
                            },
                            {
                              "contentId": "CommonSecurityLog",
                              "kind": "DataType"
                            }
                          ]
                        }
                      }
                    }
                  ]
                }
              }
            }
          ]
        },
        "author": {
          "name": "Yaron"
        },
        "categories": {
          "domains": [
            "Security - Others"
          ]
        },
        "dependencies": {
          "operator": "AND",
          "criteria": [
            {
              "contentId": "a1bddaf8-982b-4089-ba9e-6590dfcf80ea",
              "kind": "AnalyticsRule"
            }
          ]
        },
        "description": "This rule identifies a source that repeatedly fails to authenticate to a web service (HTTP response code 403). This may indicate a [brute force](https://en.wikipedia.org/wiki/Brute-force_attack) or [credential stuffing](https://en.wikipedia.org/wiki/Credential_stuffing) attack.<br><br>\nThis rule uses the [Advanced Security Information Model (ASIM)](https://aka.ms/AboutSIM) and supports any web session source that complies with ASIM.",
        "displayName": "Excessive number of HTTP authentication failures from a source (ASIM Web Session schema)",
        "packageId": "a1bddaf8-982b-4089-ba9e-6590dfcf80ea",
        "source": {
          "kind": "Community",
          "name": "Standalone"
        },
        "support": {
          "tier": "Community",
          "name": "Community",
          "link": "https://github.com/Azure/Azure-Sentinel/issues"
        },
        "threatAnalysisTactics": [
          "Persistence",
          "CredentialAccess"
        ],
        "threatAnalyticsTechniques": [
          "T1110",
          "T1556"
        ],
        "version": "1.0.3"
      },
      "name": "[concat(parameters('workspace'),'/Microsoft.SecurityInsights/', 'a1bddaf8-982b-4089-ba9e-6590dfcf80ea')]"
    }
  ]
}