{
  "$schema": "https://schema.management.azure.com/schemas/2019-04-01/deploymentTemplate.json#",
  "contentVersion": "1.0.0.0",
  "parameters": {
    "location": {
      "type": "string",
      "minLength": 1,
      "defaultValue": "[resourceGroup().location]",
      "metadata": {
        "description": "Not used, but needed to pass arm-ttk test `Location-Should-Not-Be-Hardcoded`.  We instead use the `workspace-location` which is derived from the LA workspace"
      }
    },
    "workspace-location": {
      "type": "string",
      "defaultValue": "",
      "metadata": {
        "description": "[concat('Region to deploy solution resources -- separate from location selection',parameters('location'))]"
      }
    },
    "workspace": {
      "defaultValue": "",
      "type": "string",
      "metadata": {
        "description": "Workspace name for Log Analytics where Microsoft Sentinel is setup"
      }
    }
  },
  "variables": {},
  "resources": [
    {
      "type": "Microsoft.OperationalInsights/workspaces/providers/packages",
      "location": "[parameters('workspace-location')]",
      "apiVersion": "2022-08-01",
      "properties": {
        "packageKind": "Standalone",
        "packageItems": {
          "resources": [
            {
              "type": "Microsoft.OperationalInsights/workspaces/providers/contentTemplates",
              "name": "[concat(parameters('workspace'),'/Microsoft.SecurityInsights/', '95002681-4ecb-4da3-9ece-26d7e5feaa33')]",
              "location": "[parameters('workspace-location')]",
              "apiVersion": "2022-08-01",
              "properties": {
                "contentId": "95002681-4ecb-4da3-9ece-26d7e5feaa33",
                "displayName": "Sign-ins from IPs that attempt sign-ins to disabled accounts (Uses Authentication Normalization)",
                "contentKind": "AnalyticsRule",
                "mainTemplate": {
                  "$schema": "https://schema.management.azure.com/schemas/2019-04-01/deploymentTemplate.json#",
                  "contentVersion": "1.0.2",
                  "resources": [
                    {
                      "type": "Microsoft.OperationalInsights/workspaces/providers/alertRules",
                      "apiVersion": "2022-04-01-preview",
                      "name": "95002681-4ecb-4da3-9ece-26d7e5feaa33",
                      "kind": "Scheduled",
                      "location": "[parameters('workspace-location')]",
                      "properties": {
                        "description": "Identifies IPs with failed attempts to sign in to one or more disabled accounts signed in successfully to another account.\nTo use this analytics rule, make sure you have deployed the [ASIM normalization parsers](https://aka.ms/ASimAuthentication)",
                        "displayName": "Sign-ins from IPs that attempt sign-ins to disabled accounts (Uses Authentication Normalization)",
                        "enabled": false,
                        "query": "imAuthentication\n| where EventResult =='Failure'\n| where EventResultDetails == 'User disabled'\n| summarize StartTime=min(EventStartTime), EndTime=max(EventEndTime), disabledAccountLoginAttempts = count()\n      , disabledAccountsTargeted = dcount(TargetUsername), disabledAccountSet = make_set(TargetUsername)\n      , applicationsTargeted = dcount(TargetAppName)\n      , applicationSet = make_set(TargetAppName) \n      by SrcDvcIpAddr, Type\n| order by disabledAccountLoginAttempts desc\n| join kind=leftouter \n    (\n    // Consider these IPs suspicious - and alert any related  successful sign-ins\n    imAuthentication\n    | where EventResult=='Success'\n    | summarize successfulAccountSigninCount = dcount(TargetUsername), successfulAccountSigninSet = makeset(TargetUsername, 15) by SrcDvcIpAddr, Type\n    // Assume IPs associated with sign-ins from 100+ distinct user accounts are safe\n    | where successfulAccountSigninCount < 100\n    )\n    on SrcDvcIpAddr\n| where isnotempty(successfulAccountSigninCount)\n| project StartTime, EndTime, SrcDvcIpAddr, disabledAccountLoginAttempts, disabledAccountsTargeted, disabledAccountSet, applicationSet, \nsuccessfulAccountSigninCount, successfulAccountSigninSet, Type\n| order by disabledAccountLoginAttempts\n| extend timestamp = StartTime, IPCustomEntity = SrcDvcIpAddr\n",
                        "queryFrequency": "P1D",
                        "queryPeriod": "P1D",
                        "severity": "Medium",
                        "status": "Available",
                        "suppressionDuration": "PT1H",
                        "suppressionEnabled": false,
                        "triggerOperator": "GreaterThan",
                        "triggerThreshold": 0,
                        "tactics": [
                          "InitialAccess",
                          "Persistence"
                        ],
                        "techniques": [
                          "T1078",
                          "T1098"
                        ],
                        "entityMappings": [
                          {
                            "entityType": "IP",
                            "fieldMappings": [
                              {
                                "columnName": "IPCustomEntity",
                                "identifier": "Address"
                              }
                            ]
                          }
                        ]
                      }
                    },
                    {
                      "type": "Microsoft.OperationalInsights/workspaces/providers/metadata",
                      "apiVersion": "2021-03-01-preview",
                      "properties": {
                        "description": "Identifies IPs with failed attempts to sign in to one or more disabled accounts signed in successfully to another account.\nTo use this analytics rule, make sure you have deployed the [ASIM normalization parsers](https://aka.ms/ASimAuthentication)",
                        "version": "1.0.2",
                        "author": {
                          "name": "Community"
                        },
                        "support": {
                          "name": "Community",
                          "link": "https://github.com/Azure/Azure-Sentinel/issues",
                          "tier": "Community"
                        },
                        "source": {
                          "kind": "Community",
                          "name": "Standalone"
                        },
                        "threatAnalysisTactics": [
                          "InitialAccess",
                          "Persistence"
                        ],
                        "threatAnalyticsTechniques": [
                          "T1078",
                          "T1098"
                        ],
                        "contentId": "95002681-4ecb-4da3-9ece-26d7e5feaa33",
                        "parentId": "95002681-4ecb-4da3-9ece-26d7e5feaa33",
                        "kind": "AnalyticsRule"
                      }
                    }
                  ]
                }
              }
            }
          ]
        },
        "author": {
          "name": "Community"
        },
        "dependencies": {
          "operator": "AND",
          "criteria": [
            {
              "contentId": "95002681-4ecb-4da3-9ece-26d7e5feaa33",
              "kind": "AnalyticsRule"
            }
          ]
        },
        "description": "Identifies IPs with failed attempts to sign in to one or more disabled accounts signed in successfully to another account.\nTo use this analytics rule, make sure you have deployed the [ASIM normalization parsers](https://aka.ms/ASimAuthentication)",
        "displayName": "Sign-ins from IPs that attempt sign-ins to disabled accounts (Uses Authentication Normalization)",
        "packageId": "95002681-4ecb-4da3-9ece-26d7e5feaa33",
        "source": {
          "kind": "Community",
          "name": "Standalone"
        },
        "support": {
          "name": "Community",
          "link": "https://github.com/Azure/Azure-Sentinel/issues",
          "tier": "Community"
        },
        "threatAnalysisTactics": [
          "InitialAccess",
          "Persistence"
        ],
        "threatAnalyticsTechniques": [
          "T1078",
          "T1098"
        ],
        "version": "1.0.2"
      },
      "name": "[concat(parameters('workspace'),'/Microsoft.SecurityInsights/', '95002681-4ecb-4da3-9ece-26d7e5feaa33')]"
    }
  ]
}