{
  "$schema": "https://schema.management.azure.com/schemas/2019-04-01/deploymentTemplate.json#",
  "contentVersion": "1.0.0.0",
  "parameters": {
    "location": {
      "type": "string",
      "minLength": 1,
      "defaultValue": "[resourceGroup().location]",
      "metadata": {
        "description": "Not used, but needed to pass arm-ttk test `Location-Should-Not-Be-Hardcoded`.  We instead use the `workspace-location` which is derived from the LA workspace"
      }
    },
    "workspace-location": {
      "type": "string",
      "defaultValue": "",
      "metadata": {
        "description": "[concat('Region to deploy solution resources -- separate from location selection',parameters('location'))]"
      }
    },
    "workspace": {
      "defaultValue": "",
      "type": "string",
      "metadata": {
        "description": "Workspace name for Log Analytics where Microsoft Sentinel is setup"
      }
    }
  },
  "variables": {},
  "resources": [
    {
      "type": "Microsoft.OperationalInsights/workspaces/providers/packages",
      "location": "[parameters('workspace-location')]",
      "apiVersion": "2022-08-01",
      "properties": {
        "packageKind": "Standalone",
        "packageItems": {
          "resources": [
            {
              "type": "Microsoft.OperationalInsights/workspaces/providers/contentTemplates",
              "name": "[concat(parameters('workspace'),'/Microsoft.SecurityInsights/', '3d023f64-8225-41a2-9570-2bd7c2c4535e')]",
              "location": "[parameters('workspace-location')]",
              "apiVersion": "2022-08-01",
              "properties": {
                "contentId": "3d023f64-8225-41a2-9570-2bd7c2c4535e",
                "displayName": "User account enabled and disabled within 10 mins",
                "contentKind": "AnalyticsRule",
                "mainTemplate": {
                  "$schema": "https://schema.management.azure.com/schemas/2019-04-01/deploymentTemplate.json#",
                  "contentVersion": "1.1.3",
                  "resources": [
                    {
                      "type": "Microsoft.OperationalInsights/workspaces/providers/alertRules",
                      "apiVersion": "2022-04-01-preview",
                      "name": "3d023f64-8225-41a2-9570-2bd7c2c4535e",
                      "kind": "Scheduled",
                      "location": "[parameters('workspace-location')]",
                      "properties": {
                        "description": "Identifies when a user account is enabled and then disabled within 10 minutes. This can be an indication of compromise and\nan adversary attempting to hide in the noise.",
                        "displayName": "User account enabled and disabled within 10 mins",
                        "enabled": false,
                        "query": "let timeframe = 1d;\nlet spanoftime = 10m;\nlet threshold = 0;\n(union isfuzzy=true\n(SecurityEvent\n| where TimeGenerated > ago(timeframe+spanoftime)\n// A user account was enabled\n| where EventID == 4722\n| where AccountType =~ \"User\"\n| where TargetAccount !endswith \"$\"\n| project EnableTime = TimeGenerated, EnableEventID = EventID, EnableActivity = Activity, Computer, UserPrincipalName, \nAccountUsedToEnable = SubjectAccount, SIDofAccountUsedToEnable = SubjectUserSid, TargetAccount = tolower(TargetAccount), TargetSid\n),\n(\nWindowsEvent\n| where TimeGenerated > ago(timeframe+spanoftime)\n// A user account was enabled\n| where EventID == 4722\n| extend SubjectUserSid = tostring(EventData.SubjectUserSid)\n| extend AccountType=case(EventData.SubjectUserName endswith \"$\" or SubjectUserSid in (\"S-1-5-18\", \"S-1-5-19\", \"S-1-5-20\"), \"Machine\", isempty(SubjectUserSid), \"\", \"User\")\n| where AccountType =~ \"User\"\n| extend SubjectAccount = strcat(tostring(EventData.SubjectDomainName),\"\\\\\", tostring(EventData.SubjectUserName))\n| extend TargetAccount = strcat(EventData.TargetDomainName,\"\\\\\", EventData.TargetUserName)\n| where TargetAccount !endswith \"$\"\n| extend Activity=\"4722 - A user account was enabled.\"\n| extend TargetSid = tostring(EventData.TargetSid)\n| extend UserPrincipalName = tostring(EventData.UserPrincipalName)\n| project EnableTime = TimeGenerated, EnableEventID = EventID, EnableActivity = Activity, Computer, UserPrincipalName, \nAccountUsedToEnable = SubjectAccount, SIDofAccountUsedToEnable = SubjectUserSid, TargetAccount = tolower(TargetAccount), TargetSid\n))\n| join kind= inner (\n  (union isfuzzy=true\n  (SecurityEvent\n  | where TimeGenerated > ago(timeframe)\n  // A user account was disabled\n  | where EventID == 4725\n| where AccountType =~ \"User\"\n| project DisableTime = TimeGenerated, DisableEventID = EventID, DisableActivity = Activity, Computer, UserPrincipalName, \nAccountUsedToDisable = SubjectAccount, SIDofAccountUsedToDisable = SubjectUserSid, TargetAccount = tolower(TargetAccount), TargetSid\n),\n(WindowsEvent\n  | where TimeGenerated > ago(timeframe)\n  // A user account was disabled\n  | where EventID == 4725\n| extend SubjectUserSid = tostring(EventData.SubjectUserSid)\n| extend AccountType=case(EventData.SubjectUserName endswith \"$\" or SubjectUserSid in (\"S-1-5-18\", \"S-1-5-19\", \"S-1-5-20\"), \"Machine\", isempty(SubjectUserSid), \"\", \"User\")\n| where AccountType =~ \"User\"\n| extend SubjectAccount = strcat(tostring(EventData.SubjectDomainName),\"\\\\\", tostring(EventData.SubjectUserName))\n| extend TargetAccount = strcat(EventData.TargetDomainName,\"\\\\\", EventData.TargetUserName)\n| extend TargetSid = tostring(EventData.TargetSid)\n| extend UserPrincipalName = tostring(EventData.UserPrincipalName)\n| extend Activity = \"4725 - A user account was disabled.\"\n| project DisableTime = TimeGenerated, DisableEventID = EventID, DisableActivity = Activity, Computer, UserPrincipalName, \nAccountUsedToDisable = SubjectAccount, SIDofAccountUsedToDisable = SubjectUserSid, TargetAccount = tolower(TargetAccount), TargetSid))\n) on Computer, TargetAccount\n| where DisableTime - EnableTime < spanoftime\n| extend TimeDelta = DisableTime - EnableTime\n| where tolong(TimeDelta) >= threshold\n| project TimeDelta, EnableTime, EnableEventID, EnableActivity, Computer, TargetAccount, TargetSid, UserPrincipalName, AccountUsedToEnable, SIDofAccountUsedToEnable, \nDisableTime, DisableEventID, DisableActivity, AccountUsedToDisable, SIDofAccountUsedToDisable\n| extend timestamp = EnableTime, AccountCustomEntity = AccountUsedToEnable, HostCustomEntity = Computer\n",
                        "queryFrequency": "P1D",
                        "queryPeriod": "PT25H",
                        "severity": "Medium",
                        "status": "Available",
                        "suppressionDuration": "PT1H",
                        "suppressionEnabled": false,
                        "triggerOperator": "GreaterThan",
                        "triggerThreshold": 0,
                        "tactics": [
                          "Persistence",
                          "PrivilegeEscalation"
                        ],
                        "techniques": [
                          "T1098",
                          "T1078"
                        ],
                        "entityMappings": [
                          {
                            "entityType": "Account",
                            "fieldMappings": [
                              {
                                "columnName": "AccountCustomEntity",
                                "identifier": "FullName"
                              },
                              {
                                "columnName": "SIDofAccountUsedToEnable",
                                "identifier": "Sid"
                              }
                            ]
                          },
                          {
                            "entityType": "Host",
                            "fieldMappings": [
                              {
                                "columnName": "HostCustomEntity",
                                "identifier": "FullName"
                              }
                            ]
                          }
                        ],
                        "requiredDataConnectors": [
                          {
                            "connectorId": "SecurityEvents",
                            "dataTypes": [
                              "SecurityEvent"
                            ]
                          },
                          {
                            "connectorId": "WindowsForwardedEvents",
                            "dataTypes": [
                              "WindowsEvent"
                            ]
                          },
                          {
                            "connectorId": "WindowsSecurityEvents",
                            "dataTypes": [
                              "SecurityEvents"
                            ]
                          }
                        ]
                      }
                    },
                    {
                      "type": "Microsoft.OperationalInsights/workspaces/providers/metadata",
                      "apiVersion": "2021-03-01-preview",
                      "properties": {
                        "description": "Identifies when a user account is enabled and then disabled within 10 minutes. This can be an indication of compromise and\nan adversary attempting to hide in the noise.",
                        "version": "1.1.3",
                        "author": {
                          "name": "Samik Roy"
                        },
                        "support": {
                          "tier": "Community",
                          "name": "Community",
                          "link": "https://github.com/Azure/Azure-Sentinel/issues"
                        },
                        "source": {
                          "kind": "Community",
                          "name": "Standalone"
                        },
                        "threatAnalysisTactics": [
                          "Persistence",
                          "PrivilegeEscalation"
                        ],
                        "threatAnalyticsTechniques": [
                          "T1098",
                          "T1078"
                        ],
                        "contentId": "3d023f64-8225-41a2-9570-2bd7c2c4535e",
                        "parentId": "3d023f64-8225-41a2-9570-2bd7c2c4535e",
                        "kind": "AnalyticsRule",
                        "dependencies": {
                          "operator": "AND",
                          "criteria": [
                            {
                              "contentId": "SecurityEvent",
                              "kind": "DataType"
                            },
                            {
                              "contentId": "SecurityEvents",
                              "kind": "DataType"
                            },
                            {
                              "contentId": "WindowsEvent",
                              "kind": "DataType"
                            }
                          ]
                        }
                      }
                    }
                  ]
                }
              }
            }
          ]
        },
        "author": {
          "name": "Samik Roy"
        },
        "categories": {
          "domains": [
            "Security - Others",
            "Identity"
          ]
        },
        "dependencies": {
          "operator": "AND",
          "criteria": [
            {
              "contentId": "3d023f64-8225-41a2-9570-2bd7c2c4535e",
              "kind": "AnalyticsRule"
            }
          ]
        },
        "description": "Identifies when a user account is enabled and then disabled within 10 minutes. This can be an indication of compromise and\nan adversary attempting to hide in the noise.",
        "displayName": "User account enabled and disabled within 10 mins",
        "packageId": "3d023f64-8225-41a2-9570-2bd7c2c4535e",
        "source": {
          "kind": "Community",
          "name": "Standalone"
        },
        "support": {
          "tier": "Community",
          "name": "Community",
          "link": "https://github.com/Azure/Azure-Sentinel/issues"
        },
        "threatAnalysisTactics": [
          "Persistence",
          "PrivilegeEscalation"
        ],
        "threatAnalyticsTechniques": [
          "T1098",
          "T1078"
        ],
        "version": "1.1.3"
      },
      "name": "[concat(parameters('workspace'),'/Microsoft.SecurityInsights/', '3d023f64-8225-41a2-9570-2bd7c2c4535e')]"
    }
  ]
}