{
  "$schema": "https://schema.management.azure.com/schemas/2019-04-01/deploymentTemplate.json#",
  "contentVersion": "1.0.0.0",
  "parameters": {
    "location": {
      "type": "string",
      "minLength": 1,
      "defaultValue": "[resourceGroup().location]",
      "metadata": {
        "description": "Not used, but needed to pass arm-ttk test `Location-Should-Not-Be-Hardcoded`.  We instead use the `workspace-location` which is derived from the LA workspace"
      }
    },
    "workspace-location": {
      "type": "string",
      "defaultValue": "",
      "metadata": {
        "description": "[concat('Region to deploy solution resources -- separate from location selection',parameters('location'))]"
      }
    },
    "workspace": {
      "defaultValue": "",
      "type": "string",
      "metadata": {
        "description": "Workspace name for Log Analytics where Microsoft Sentinel is setup"
      }
    }
  },
  "variables": {},
  "resources": [
    {
      "type": "Microsoft.OperationalInsights/workspaces/providers/packages",
      "location": "[parameters('workspace-location')]",
      "apiVersion": "2022-08-01",
      "properties": {
        "packageKind": "Standalone",
        "packageItems": {
          "resources": [
            {
              "type": "Microsoft.OperationalInsights/workspaces/providers/contentTemplates",
              "name": "[concat(parameters('workspace'),'/Microsoft.SecurityInsights/', 'c2da1106-bfe4-4a63-bf14-5ab73130ccd5')]",
              "location": "[parameters('workspace-location')]",
              "apiVersion": "2022-08-01",
              "properties": {
                "contentId": "c2da1106-bfe4-4a63-bf14-5ab73130ccd5",
                "displayName": "AppServices AV Scan Failure",
                "contentKind": "AnalyticsRule",
                "mainTemplate": {
                  "$schema": "https://schema.management.azure.com/schemas/2019-04-01/deploymentTemplate.json#",
                  "contentVersion": "1.0.1",
                  "resources": [
                    {
                      "type": "Microsoft.OperationalInsights/workspaces/providers/alertRules",
                      "apiVersion": "2022-04-01-preview",
                      "name": "c2da1106-bfe4-4a63-bf14-5ab73130ccd5",
                      "kind": "Scheduled",
                      "location": "[parameters('workspace-location')]",
                      "properties": {
                        "description": "Identifies if an AV scan fails in Azure App Services.",
                        "displayName": "AppServices AV Scan Failure",
                        "enabled": false,
                        "query": "\nlet timeframe = ago(1d);\nAppServiceAntivirusScanAuditLogs\n| where ScanStatus == \"Failed\"\n| extend HostCustomEntity = _ResourceId, timestamp = TimeGenerated\n",
                        "queryFrequency": "P1D",
                        "queryPeriod": "P1D",
                        "severity": "Informational",
                        "status": "Available",
                        "suppressionDuration": "PT1H",
                        "suppressionEnabled": false,
                        "triggerOperator": "GreaterThan",
                        "triggerThreshold": 1,
                        "entityMappings": [
                          {
                            "entityType": "Host",
                            "fieldMappings": [
                              {
                                "columnName": "HostCustomEntity",
                                "identifier": "FullName"
                              }
                            ]
                          }
                        ]
                      }
                    },
                    {
                      "type": "Microsoft.OperationalInsights/workspaces/providers/metadata",
                      "apiVersion": "2021-03-01-preview",
                      "properties": {
                        "description": "Identifies if an AV scan fails in Azure App Services.",
                        "version": "1.0.1",
                        "author": {
                          "name": "SecurityJedi"
                        },
                        "support": {
                          "tier": "Community",
                          "name": "Community",
                          "link": "https://github.com/Azure/Azure-Sentinel/issues"
                        },
                        "source": {
                          "kind": "Community",
                          "name": "Standalone"
                        },
                        "contentId": "c2da1106-bfe4-4a63-bf14-5ab73130ccd5",
                        "parentId": "c2da1106-bfe4-4a63-bf14-5ab73130ccd5",
                        "kind": "AnalyticsRule"
                      }
                    }
                  ]
                }
              }
            }
          ]
        },
        "author": {
          "name": "SecurityJedi"
        },
        "categories": {
          "domains": [
            "Security - Others",
            "Platform"
          ]
        },
        "dependencies": {
          "operator": "AND",
          "criteria": [
            {
              "contentId": "c2da1106-bfe4-4a63-bf14-5ab73130ccd5",
              "kind": "AnalyticsRule"
            }
          ]
        },
        "description": "Identifies if an AV scan fails in Azure App Services.",
        "displayName": "AppServices AV Scan Failure",
        "packageId": "c2da1106-bfe4-4a63-bf14-5ab73130ccd5",
        "source": {
          "kind": "Community",
          "name": "Standalone"
        },
        "support": {
          "tier": "Community",
          "name": "Community",
          "link": "https://github.com/Azure/Azure-Sentinel/issues"
        },
        "version": "1.0.1"
      },
      "name": "[concat(parameters('workspace'),'/Microsoft.SecurityInsights/', 'c2da1106-bfe4-4a63-bf14-5ab73130ccd5')]"
    }
  ]
}