{
  "$schema": "https://schema.management.azure.com/schemas/2019-04-01/deploymentTemplate.json#",
  "contentVersion": "1.0.0.0",
  "parameters": {
    "location": {
      "type": "string",
      "minLength": 1,
      "defaultValue": "[resourceGroup().location]",
      "metadata": {
        "description": "Not used, but needed to pass arm-ttk test `Location-Should-Not-Be-Hardcoded`.  We instead use the `workspace-location` which is derived from the LA workspace"
      }
    },
    "workspace-location": {
      "type": "string",
      "defaultValue": "",
      "metadata": {
        "description": "[concat('Region to deploy solution resources -- separate from location selection',parameters('location'))]"
      }
    },
    "workspace": {
      "defaultValue": "",
      "type": "string",
      "metadata": {
        "description": "Workspace name for Log Analytics where Microsoft Sentinel is setup"
      }
    }
  },
  "variables": {},
  "resources": [
    {
      "type": "Microsoft.OperationalInsights/workspaces/providers/packages",
      "location": "[parameters('workspace-location')]",
      "apiVersion": "2022-08-01",
      "properties": {
        "packageKind": "Standalone",
        "packageItems": {
          "resources": [
            {
              "type": "Microsoft.OperationalInsights/workspaces/providers/contentTemplates",
              "name": "[concat(parameters('workspace'),'/Microsoft.SecurityInsights/', '6e715730-82c0-496c-983b-7a20c4590bd9')]",
              "location": "[parameters('workspace-location')]",
              "apiVersion": "2022-08-01",
              "properties": {
                "contentId": "6e715730-82c0-496c-983b-7a20c4590bd9",
                "displayName": "Windows host username encoded in base64 web request",
                "contentKind": "AnalyticsRule",
                "mainTemplate": {
                  "$schema": "https://schema.management.azure.com/schemas/2019-04-01/deploymentTemplate.json#",
                  "contentVersion": "1.0.1",
                  "resources": [
                    {
                      "type": "Microsoft.OperationalInsights/workspaces/providers/alertRules",
                      "apiVersion": "2022-04-01-preview",
                      "name": "6e715730-82c0-496c-983b-7a20c4590bd9",
                      "kind": "Scheduled",
                      "location": "[parameters('workspace-location')]",
                      "properties": {
                        "description": "This detection will identify network requests in HTTP proxy data that contains Base64 encoded usernames from machines in the DeviceEvents table.\nThis technique was seen usee by POLONIUM in their RunningRAT tool.",
                        "displayName": "Windows host username encoded in base64 web request",
                        "enabled": false,
                        "query": "let accountLookback = 3d;\nlet requestLookback = 3d;\nlet extraction_regex = @\"(?:\\?|&)[a-zA-Z0-9\\%]*=([a-zA-Z0-9\\/\\+\\=]*)\";\n// Collect account names and base64 encode them\nDeviceEvents\n| where TimeGenerated > ago(accountLookback)\n| summarize make_set(DeviceId), make_set(DeviceName) by InitiatingProcessAccountName\n| where isnotempty(InitiatingProcessAccountName)\n| extend base64_user = base64_encode_tostring(InitiatingProcessAccountName)\n| join (\n    // Collect requests and extract base64 parameters\n    CommonSecurityLog\n    | where TimeGenerated > ago(requestLookback)\n    | where isnotempty(RequestURL)\n    // Summarize early on the RequestURL\n    | summarize FirstRequest=min(TimeGenerated), LastRequest=max(TimeGenerated), NumberOfRequests=count() by RequestURL\n    | extend base64_candidate = extract_all(extraction_regex, RequestURL)\n    | mv-expand base64_candidate  to typeof(string)\n) on $left.base64_user == $right.base64_candidate\n| project FirstRequest, LastRequest, NumberOfRequests, RequestURL, DeviceIds=set_DeviceId, DeviceNames=set_DeviceName, UserName=InitiatingProcessAccountName\n",
                        "queryFrequency": "P1D",
                        "queryPeriod": "P1D",
                        "severity": "Medium",
                        "status": "Available",
                        "suppressionDuration": "PT1H",
                        "suppressionEnabled": false,
                        "triggerOperator": "GreaterThan",
                        "triggerThreshold": 0,
                        "tactics": [
                          "Exfiltration",
                          "CommandAndControl"
                        ],
                        "techniques": [
                          "T1041",
                          "T1071"
                        ],
                        "entityMappings": [
                          {
                            "entityType": "Account",
                            "fieldMappings": [
                              {
                                "columnName": "UserName",
                                "identifier": "Name"
                              }
                            ]
                          },
                          {
                            "entityType": "Host",
                            "fieldMappings": [
                              {
                                "columnName": "DeviceNames",
                                "identifier": "HostName"
                              }
                            ]
                          },
                          {
                            "entityType": "URL",
                            "fieldMappings": [
                              {
                                "columnName": "RequestURL",
                                "identifier": "Url"
                              }
                            ]
                          }
                        ],
                        "requiredDataConnectors": [
                          {
                            "connectorId": "CheckPoint",
                            "dataTypes": [
                              "CommonSecurityLog"
                            ]
                          },
                          {
                            "connectorId": "Fortinet",
                            "dataTypes": [
                              "CommonSecurityLog"
                            ]
                          },
                          {
                            "connectorId": "MicrosoftThreatProtection",
                            "dataTypes": [
                              "DeviceNetworkEvents"
                            ]
                          },
                          {
                            "connectorId": "PaloAltoNetworks",
                            "dataTypes": [
                              "CommonSecurityLog"
                            ]
                          },
                          {
                            "connectorId": "Zscaler",
                            "dataTypes": [
                              "CommonSecurityLog"
                            ]
                          }
                        ]
                      }
                    },
                    {
                      "type": "Microsoft.OperationalInsights/workspaces/providers/metadata",
                      "apiVersion": "2021-03-01-preview",
                      "properties": {
                        "description": "This detection will identify network requests in HTTP proxy data that contains Base64 encoded usernames from machines in the DeviceEvents table.\nThis technique was seen usee by POLONIUM in their RunningRAT tool.",
                        "version": "1.0.1",
                        "author": {
                          "name": "Thomas McElroy"
                        },
                        "support": {
                          "tier": "Community",
                          "name": "Community",
                          "link": "https://github.com/Azure/Azure-Sentinel/issues"
                        },
                        "source": {
                          "kind": "Community",
                          "name": "Standalone"
                        },
                        "threatAnalysisTactics": [
                          "Exfiltration",
                          "CommandAndControl"
                        ],
                        "threatAnalyticsTechniques": [
                          "T1041",
                          "T1071.001"
                        ],
                        "contentId": "6e715730-82c0-496c-983b-7a20c4590bd9",
                        "parentId": "6e715730-82c0-496c-983b-7a20c4590bd9",
                        "kind": "AnalyticsRule",
                        "dependencies": {
                          "operator": "AND",
                          "criteria": [
                            {
                              "contentId": "CommonSecurityLog",
                              "kind": "DataType"
                            },
                            {
                              "contentId": "CommonSecurityLog",
                              "kind": "DataType"
                            },
                            {
                              "contentId": "CommonSecurityLog",
                              "kind": "DataType"
                            },
                            {
                              "contentId": "CommonSecurityLog",
                              "kind": "DataType"
                            },
                            {
                              "contentId": "DeviceNetworkEvents",
                              "kind": "DataType"
                            }
                          ]
                        }
                      }
                    }
                  ]
                }
              }
            }
          ]
        },
        "author": {
          "name": "Thomas McElroy"
        },
        "categories": {
          "domains": [
            "Security - Others"
          ]
        },
        "dependencies": {
          "operator": "AND",
          "criteria": [
            {
              "contentId": "6e715730-82c0-496c-983b-7a20c4590bd9",
              "kind": "AnalyticsRule"
            }
          ]
        },
        "description": "This detection will identify network requests in HTTP proxy data that contains Base64 encoded usernames from machines in the DeviceEvents table.\nThis technique was seen usee by POLONIUM in their RunningRAT tool.",
        "displayName": "Windows host username encoded in base64 web request",
        "packageId": "6e715730-82c0-496c-983b-7a20c4590bd9",
        "source": {
          "kind": "Community",
          "name": "Standalone"
        },
        "support": {
          "tier": "Community",
          "name": "Community",
          "link": "https://github.com/Azure/Azure-Sentinel/issues"
        },
        "threatAnalysisTactics": [
          "Exfiltration",
          "CommandAndControl"
        ],
        "threatAnalyticsTechniques": [
          "T1041",
          "T1071.001"
        ],
        "version": "1.0.1"
      },
      "name": "[concat(parameters('workspace'),'/Microsoft.SecurityInsights/', '6e715730-82c0-496c-983b-7a20c4590bd9')]"
    }
  ]
}