{
  "$schema": "https://schema.management.azure.com/schemas/2019-04-01/deploymentTemplate.json#",
  "contentVersion": "1.0.0.0",
  "parameters": {
    "location": {
      "type": "string",
      "minLength": 1,
      "defaultValue": "[resourceGroup().location]",
      "metadata": {
        "description": "Not used, but needed to pass arm-ttk test `Location-Should-Not-Be-Hardcoded`.  We instead use the `workspace-location` which is derived from the LA workspace"
      }
    },
    "workspace-location": {
      "type": "string",
      "defaultValue": "",
      "metadata": {
        "description": "[concat('Region to deploy solution resources -- separate from location selection',parameters('location'))]"
      }
    },
    "workspace": {
      "defaultValue": "",
      "type": "string",
      "metadata": {
        "description": "Workspace name for Log Analytics where Microsoft Sentinel is setup"
      }
    }
  },
  "variables": {},
  "resources": [
    {
      "type": "Microsoft.OperationalInsights/workspaces/providers/packages",
      "location": "[parameters('workspace-location')]",
      "apiVersion": "2022-08-01",
      "properties": {
        "packageKind": "Standalone",
        "packageItems": {
          "resources": [
            {
              "type": "Microsoft.OperationalInsights/workspaces/providers/contentTemplates",
              "name": "[concat(parameters('workspace'),'/Microsoft.SecurityInsights/', '6a2e2ff4-5568-475e-bef2-b95f12b9367b')]",
              "location": "[parameters('workspace-location')]",
              "apiVersion": "2022-08-01",
              "properties": {
                "contentId": "6a2e2ff4-5568-475e-bef2-b95f12b9367b",
                "displayName": "Potential Password Spray Attack (Uses Authentication Normalization)",
                "contentKind": "AnalyticsRule",
                "mainTemplate": {
                  "$schema": "https://schema.management.azure.com/schemas/2019-04-01/deploymentTemplate.json#",
                  "contentVersion": "1.1.2",
                  "resources": [
                    {
                      "type": "Microsoft.OperationalInsights/workspaces/providers/alertRules",
                      "apiVersion": "2022-04-01-preview",
                      "name": "6a2e2ff4-5568-475e-bef2-b95f12b9367b",
                      "kind": "Scheduled",
                      "location": "[parameters('workspace-location')]",
                      "properties": {
                        "description": "This query searches for failed attempts to log in from more than 15 various users within a 5 minute timeframe from the same source. This is a potential indication of a password spray attack\n To use this analytics rule, make sure you have deployed the [ASIM normalization parsers](https://aka.ms/ASimAuthentication)",
                        "displayName": "Potential Password Spray Attack (Uses Authentication Normalization)",
                        "enabled": false,
                        "query": "let FailureThreshold = 15;\nimAuthentication\n| where EventType== 'Logon' and  EventResult== 'Failure'\n// reason: creds \n| where EventResultDetails in ('No such user or password', 'Incorrect password')\n| summarize UserCount=dcount(TargetUserId), Vendors=make_set(EventVendor), Products=make_set(EventVendor)\n  , Users = make_set(TargetUserId,100) \n    by SrcDvcIpAddr, SrcGeoCountry, bin(TimeGenerated, 5m)\n| where UserCount > FailureThreshold\n| extend timestamp = TimeGenerated, IPCustomEntity = SrcDvcIpAddr\n",
                        "queryFrequency": "PT1H",
                        "queryPeriod": "PT1H",
                        "severity": "Medium",
                        "status": "Available",
                        "suppressionDuration": "PT1H",
                        "suppressionEnabled": false,
                        "triggerOperator": "GreaterThan",
                        "triggerThreshold": 0,
                        "tactics": [
                          "CredentialAccess"
                        ],
                        "techniques": [
                          "T1110"
                        ],
                        "entityMappings": [
                          {
                            "entityType": "IP",
                            "fieldMappings": [
                              {
                                "columnName": "IPCustomEntity",
                                "identifier": "Address"
                              }
                            ]
                          }
                        ]
                      }
                    },
                    {
                      "type": "Microsoft.OperationalInsights/workspaces/providers/metadata",
                      "apiVersion": "2021-03-01-preview",
                      "properties": {
                        "description": "This query searches for failed attempts to log in from more than 15 various users within a 5 minute timeframe from the same source. This is a potential indication of a password spray attack\n To use this analytics rule, make sure you have deployed the [ASIM normalization parsers](https://aka.ms/ASimAuthentication)",
                        "version": "1.1.2",
                        "author": {
                          "name": "Ofer Shezaf"
                        },
                        "support": {
                          "tier": "Community",
                          "name": "Community",
                          "link": "https://github.com/Azure/Azure-Sentinel/issues"
                        },
                        "source": {
                          "kind": "Community",
                          "name": "Standalone"
                        },
                        "threatAnalysisTactics": [
                          "CredentialAccess"
                        ],
                        "threatAnalyticsTechniques": [
                          "T1110"
                        ],
                        "contentId": "6a2e2ff4-5568-475e-bef2-b95f12b9367b",
                        "parentId": "6a2e2ff4-5568-475e-bef2-b95f12b9367b",
                        "kind": "AnalyticsRule"
                      }
                    }
                  ]
                }
              }
            }
          ]
        },
        "author": {
          "name": "Ofer Shezaf"
        },
        "categories": {
          "domains": [
            "Security - Others",
            "Identity"
          ]
        },
        "dependencies": {
          "operator": "AND",
          "criteria": [
            {
              "contentId": "6a2e2ff4-5568-475e-bef2-b95f12b9367b",
              "kind": "AnalyticsRule"
            }
          ]
        },
        "description": "This query searches for failed attempts to log in from more than 15 various users within a 5 minute timeframe from the same source. This is a potential indication of a password spray attack\n To use this analytics rule, make sure you have deployed the [ASIM normalization parsers](https://aka.ms/ASimAuthentication)",
        "displayName": "Potential Password Spray Attack (Uses Authentication Normalization)",
        "packageId": "6a2e2ff4-5568-475e-bef2-b95f12b9367b",
        "source": {
          "kind": "Community",
          "name": "Standalone"
        },
        "support": {
          "tier": "Community",
          "name": "Community",
          "link": "https://github.com/Azure/Azure-Sentinel/issues"
        },
        "threatAnalysisTactics": [
          "CredentialAccess"
        ],
        "threatAnalyticsTechniques": [
          "T1110"
        ],
        "version": "1.1.2"
      },
      "name": "[concat(parameters('workspace'),'/Microsoft.SecurityInsights/', '6a2e2ff4-5568-475e-bef2-b95f12b9367b')]"
    }
  ]
}