{
  "$schema": "https://schema.management.azure.com/schemas/2019-04-01/deploymentTemplate.json#",
  "contentVersion": "1.0.0.0",
  "parameters": {
    "location": {
      "type": "string",
      "minLength": 1,
      "defaultValue": "[resourceGroup().location]",
      "metadata": {
        "description": "Not used, but needed to pass arm-ttk test `Location-Should-Not-Be-Hardcoded`.  We instead use the `workspace-location` which is derived from the LA workspace"
      }
    },
    "workspace-location": {
      "type": "string",
      "defaultValue": "",
      "metadata": {
        "description": "[concat('Region to deploy solution resources -- separate from location selection',parameters('location'))]"
      }
    },
    "workspace": {
      "defaultValue": "",
      "type": "string",
      "metadata": {
        "description": "Workspace name for Log Analytics where Microsoft Sentinel is setup"
      }
    }
  },
  "variables": {},
  "resources": [
    {
      "type": "Microsoft.OperationalInsights/workspaces/providers/packages",
      "location": "[parameters('workspace-location')]",
      "apiVersion": "2022-08-01",
      "properties": {
        "packageKind": "Standalone",
        "packageItems": {
          "resources": [
            {
              "type": "Microsoft.OperationalInsights/workspaces/providers/contentTemplates",
              "name": "[concat(parameters('workspace'),'/Microsoft.SecurityInsights/', '45b903c5-6f56-4969-af10-ae62ac709718')]",
              "location": "[parameters('workspace-location')]",
              "apiVersion": "2022-08-01",
              "properties": {
                "contentId": "45b903c5-6f56-4969-af10-ae62ac709718",
                "displayName": "Rare RDP Connections",
                "contentKind": "AnalyticsRule",
                "mainTemplate": {
                  "$schema": "https://schema.management.azure.com/schemas/2019-04-01/deploymentTemplate.json#",
                  "contentVersion": "1.2.3",
                  "resources": [
                    {
                      "type": "Microsoft.OperationalInsights/workspaces/providers/alertRules",
                      "apiVersion": "2022-04-01-preview",
                      "name": "45b903c5-6f56-4969-af10-ae62ac709718",
                      "kind": "Scheduled",
                      "location": "[parameters('workspace-location')]",
                      "properties": {
                        "description": "Identifies when an RDP connection is new or rare related to any logon type by a given account today based on comparison with the previous 14 days.\nRDP connections are indicated by the EventID 4624 with LogonType = 10",
                        "displayName": "Rare RDP Connections",
                        "enabled": false,
                        "query": "let starttime = 14d;\nlet endtime = 1d;\n(union isfuzzy=true\n(SecurityEvent\n| where TimeGenerated >= ago(endtime)\n| where EventID == 4624 and LogonType == 10\n| summarize StartTime = min(TimeGenerated), EndTime = max(TimeGenerated), ConnectionCount = count()\nby Account = tolower(Account), Computer = toupper(Computer), IpAddress, AccountType, Activity, LogonTypeName, ProcessName\n// use left anti to exclude anything from the previous 14 days that is not rare\n),\n(WindowsEvent\n| where TimeGenerated >= ago(endtime)\n| where EventID == 4624 and EventData has (\"10\")\n| extend LogonType = tostring(EventData.LogonType)\n| where  LogonType == 10\n| extend Account = strcat(tostring(EventData.TargetDomainName),\"\\\\\", tostring(EventData.TargetUserName))\n| extend ProcessName = tostring(EventData.ProcessName)\n| extend IpAddress = tostring(EventData.IpAddress)\n| extend TargetUserSid = tostring(EventData.TargetUserSid)\n| extend AccountType=case(Account endswith \"$\" or TargetUserSid in (\"S-1-5-18\", \"S-1-5-19\", \"S-1-5-20\"), \"Machine\", isempty(TargetUserSid), \"\", \"User\")\n| extend Activity=\"4624 - An account was successfully logged on.\"\n| extend LogonTypeName=\"10 - RemoteInteractive\"\n| summarize StartTime = min(TimeGenerated), EndTime = max(TimeGenerated), ConnectionCount = count()\nby Account = tolower(Account), Computer = toupper(Computer), IpAddress, AccountType, Activity, LogonTypeName, ProcessName\n))\n| join kind=leftanti (\n(union isfuzzy=true\n(SecurityEvent\n| where TimeGenerated between (ago(starttime) .. ago(endtime))\n| where EventID == 4624\n| summarize by Computer = toupper(Computer), IpAddress, Account = tolower(Account)\n),\n( WindowsEvent\n| where TimeGenerated between (ago(starttime) .. ago(endtime))\n| where EventID == 4624\n| extend IpAddress = tostring(EventData.IpAddress)\n| extend Account = strcat(tostring(EventData.TargetDomainName),\"\\\\\", tostring(EventData.TargetUserName))\n| summarize by Computer = toupper(Computer), IpAddress, Account = tolower(Account)\n))\n) on Account, Computer\n| summarize StartTime = min(StartTime), EndTime = max(EndTime), ConnectionCount = sum(ConnectionCount)\nby Account, Computer, IpAddress, AccountType, Activity, LogonTypeName, ProcessName\n| extend timestamp = StartTime, AccountCustomEntity = Account, HostCustomEntity = Computer, IPCustomEntity = IpAddress\n",
                        "queryFrequency": "P1D",
                        "queryPeriod": "P14D",
                        "severity": "Medium",
                        "status": "Available",
                        "suppressionDuration": "PT1H",
                        "suppressionEnabled": false,
                        "triggerOperator": "GreaterThan",
                        "triggerThreshold": 0,
                        "tactics": [
                          "LateralMovement"
                        ],
                        "techniques": [
                          "T1021"
                        ],
                        "entityMappings": [
                          {
                            "entityType": "Account",
                            "fieldMappings": [
                              {
                                "columnName": "AccountCustomEntity",
                                "identifier": "FullName"
                              }
                            ]
                          },
                          {
                            "entityType": "Host",
                            "fieldMappings": [
                              {
                                "columnName": "HostCustomEntity",
                                "identifier": "FullName"
                              }
                            ]
                          },
                          {
                            "entityType": "IP",
                            "fieldMappings": [
                              {
                                "columnName": "IPCustomEntity",
                                "identifier": "Address"
                              }
                            ]
                          }
                        ],
                        "requiredDataConnectors": [
                          {
                            "connectorId": "SecurityEvents",
                            "dataTypes": [
                              "SecurityEvent"
                            ]
                          },
                          {
                            "connectorId": "WindowsForwardedEvents",
                            "dataTypes": [
                              "WindowsEvent"
                            ]
                          },
                          {
                            "connectorId": "WindowsSecurityEvents",
                            "dataTypes": [
                              "SecurityEvent"
                            ]
                          }
                        ]
                      }
                    },
                    {
                      "type": "Microsoft.OperationalInsights/workspaces/providers/metadata",
                      "apiVersion": "2021-03-01-preview",
                      "properties": {
                        "description": "Identifies when an RDP connection is new or rare related to any logon type by a given account today based on comparison with the previous 14 days.\nRDP connections are indicated by the EventID 4624 with LogonType = 10",
                        "version": "1.2.3",
                        "author": {
                          "name": "Shain"
                        },
                        "support": {
                          "tier": "Community",
                          "name": "Community",
                          "link": "https://github.com/Azure/Azure-Sentinel/issues"
                        },
                        "source": {
                          "kind": "Community",
                          "name": "Standalone"
                        },
                        "threatAnalysisTactics": [
                          "LateralMovement"
                        ],
                        "threatAnalyticsTechniques": [
                          "T1021"
                        ],
                        "contentId": "45b903c5-6f56-4969-af10-ae62ac709718",
                        "parentId": "45b903c5-6f56-4969-af10-ae62ac709718",
                        "kind": "AnalyticsRule",
                        "dependencies": {
                          "operator": "AND",
                          "criteria": [
                            {
                              "contentId": "SecurityEvent",
                              "kind": "DataType"
                            },
                            {
                              "contentId": "SecurityEvent",
                              "kind": "DataType"
                            },
                            {
                              "contentId": "WindowsEvent",
                              "kind": "DataType"
                            }
                          ]
                        }
                      }
                    }
                  ]
                }
              }
            }
          ]
        },
        "author": {
          "name": "Shain"
        },
        "categories": {
          "domains": [
            "Security - Threat Protection"
          ]
        },
        "dependencies": {
          "operator": "AND",
          "criteria": [
            {
              "contentId": "45b903c5-6f56-4969-af10-ae62ac709718",
              "kind": "AnalyticsRule"
            }
          ]
        },
        "description": "Identifies when an RDP connection is new or rare related to any logon type by a given account today based on comparison with the previous 14 days.\nRDP connections are indicated by the EventID 4624 with LogonType = 10",
        "displayName": "Rare RDP Connections",
        "packageId": "45b903c5-6f56-4969-af10-ae62ac709718",
        "source": {
          "kind": "Community",
          "name": "Standalone"
        },
        "support": {
          "tier": "Community",
          "name": "Community",
          "link": "https://github.com/Azure/Azure-Sentinel/issues"
        },
        "threatAnalysisTactics": [
          "LateralMovement"
        ],
        "threatAnalyticsTechniques": [
          "T1021"
        ],
        "version": "1.2.3"
      },
      "name": "[concat(parameters('workspace'),'/Microsoft.SecurityInsights/', '45b903c5-6f56-4969-af10-ae62ac709718')]"
    }
  ]
}