{
  "$schema": "https://schema.management.azure.com/schemas/2019-04-01/deploymentTemplate.json#",
  "contentVersion": "1.0.0.0",
  "parameters": {
    "location": {
      "type": "string",
      "minLength": 1,
      "defaultValue": "[resourceGroup().location]",
      "metadata": {
        "description": "Not used, but needed to pass arm-ttk test `Location-Should-Not-Be-Hardcoded`.  We instead use the `workspace-location` which is derived from the LA workspace"
      }
    },
    "workspace-location": {
      "type": "string",
      "defaultValue": "",
      "metadata": {
        "description": "[concat('Region to deploy solution resources -- separate from location selection',parameters('location'))]"
      }
    },
    "workspace": {
      "defaultValue": "",
      "type": "string",
      "metadata": {
        "description": "Workspace name for Log Analytics where Microsoft Sentinel is setup"
      }
    }
  },
  "variables": {},
  "resources": [
    {
      "type": "Microsoft.OperationalInsights/workspaces/providers/packages",
      "location": "[parameters('workspace-location')]",
      "apiVersion": "2022-08-01",
      "properties": {
        "packageKind": "Standalone",
        "packageItems": {
          "resources": [
            {
              "type": "Microsoft.OperationalInsights/workspaces/providers/contentTemplates",
              "name": "[concat(parameters('workspace'),'/Microsoft.SecurityInsights/', 'ed8c9153-6f7a-4602-97b4-48c336b299e1')]",
              "location": "[parameters('workspace-location')]",
              "apiVersion": "2022-08-01",
              "properties": {
                "contentId": "ed8c9153-6f7a-4602-97b4-48c336b299e1",
                "displayName": "COM Registry Key Modified to Point to File in Color Profile Folder",
                "contentKind": "AnalyticsRule",
                "mainTemplate": {
                  "$schema": "https://schema.management.azure.com/schemas/2019-04-01/deploymentTemplate.json#",
                  "contentVersion": "1.0.1",
                  "resources": [
                    {
                      "type": "Microsoft.OperationalInsights/workspaces/providers/alertRules",
                      "apiVersion": "2022-04-01-preview",
                      "name": "ed8c9153-6f7a-4602-97b4-48c336b299e1",
                      "kind": "Scheduled",
                      "location": "[parameters('workspace-location')]",
                      "properties": {
                        "description": "This query looks for changes to COM registry keys to point to files in C:\\Windows\\System32\\spool\\drivers\\color\\.\n  This can be used to enable COM hijacking for persistence.\n  Ref: https://www.microsoft.com/security/blog/2022/07/27/untangling-knotweed-european-private-sector-offensive-actor-using-0-day-exploits/",
                        "displayName": "COM Registry Key Modified to Point to File in Color Profile Folder",
                        "enabled": false,
                        "query": "let guids = dynamic([\"{ddc05a5a-351a-4e06-8eaf-54ec1bc2dcea}\",\"{1f486a52-3cb1-48fd-8f50-b8dc300d9f9d}\",\"{4590f811-1d3a-11d0-891f-00aa004b2e24}\", \"{4de225bf-cf59-4cfc-85f7-68b90f185355}\", \"{F56F6FDD-AA9D-4618-A949-C1B91AF43B1A}\"]);\n  let mde_data = DeviceRegistryEvents\n  | where ActionType =~ \"RegistryValueSet\"\n  | where RegistryKey contains \"HKEY_LOCAL_MACHINE\\\\SOFTWARE\\\\Classes\\\\CLSID\"\n  | where RegistryKey has_any (guids)\n  | where RegistryValueData has \"System32\\\\spool\\\\drivers\\\\color\";\n  let event_data = SecurityEvent\n  | where EventID == 4657\n  | where ObjectName contains \"HKEY_LOCAL_MACHINE\\\\SOFTWARE\\\\Classes\\\\CLSID\"\n  | where ObjectName has_any (guids)\n  | where NewValue has \"System32\\\\spool\\\\drivers\\\\color\"\n  | extend RegistryKey = ObjectName, RegistryValueData = NewValue, DeviceName=Computer, InitiatingProcessFileName = Process, InitiatingProcessAccountName=SubjectAccount;\n  union mde_data, event_data\n",
                        "queryFrequency": "P1D",
                        "queryPeriod": "P1D",
                        "severity": "Medium",
                        "status": "Available",
                        "suppressionDuration": "PT1H",
                        "suppressionEnabled": false,
                        "triggerOperator": "GreaterThan",
                        "triggerThreshold": 0,
                        "tactics": [
                          "Persistence"
                        ],
                        "techniques": [
                          "T1574"
                        ],
                        "entityMappings": [
                          {
                            "entityType": "Account",
                            "fieldMappings": [
                              {
                                "columnName": "InitiatingProcessAccountName",
                                "identifier": "FullName"
                              }
                            ]
                          },
                          {
                            "entityType": "Host",
                            "fieldMappings": [
                              {
                                "columnName": "DeviceName",
                                "identifier": "HostName"
                              }
                            ]
                          },
                          {
                            "entityType": "Process",
                            "fieldMappings": [
                              {
                                "columnName": "InitiatingProcessFileName",
                                "identifier": "ProcessId"
                              }
                            ]
                          },
                          {
                            "entityType": "RegistryKey",
                            "fieldMappings": [
                              {
                                "columnName": "RegistryKey",
                                "identifier": "Key"
                              }
                            ]
                          }
                        ],
                        "requiredDataConnectors": [
                          {
                            "connectorId": "MicrosoftThreatProtection",
                            "dataTypes": [
                              "DeviceRegistryEvents"
                            ]
                          },
                          {
                            "connectorId": "SecurityEvents",
                            "dataTypes": [
                              "SecurityEvents"
                            ]
                          }
                        ]
                      }
                    },
                    {
                      "type": "Microsoft.OperationalInsights/workspaces/providers/metadata",
                      "apiVersion": "2021-03-01-preview",
                      "properties": {
                        "description": "This query looks for changes to COM registry keys to point to files in C:\\Windows\\System32\\spool\\drivers\\color\\.\n  This can be used to enable COM hijacking for persistence.\n  Ref: https://www.microsoft.com/security/blog/2022/07/27/untangling-knotweed-european-private-sector-offensive-actor-using-0-day-exploits/",
                        "version": "1.0.1",
                        "author": {
                          "name": "Pete Bryan"
                        },
                        "support": {
                          "tier": "Community",
                          "name": "Community",
                          "link": "https://github.com/Azure/Azure-Sentinel/issues"
                        },
                        "source": {
                          "kind": "Community",
                          "name": "Standalone"
                        },
                        "threatAnalysisTactics": [
                          "Persistence"
                        ],
                        "threatAnalyticsTechniques": [
                          "T1574"
                        ],
                        "contentId": "ed8c9153-6f7a-4602-97b4-48c336b299e1",
                        "parentId": "ed8c9153-6f7a-4602-97b4-48c336b299e1",
                        "kind": "AnalyticsRule",
                        "dependencies": {
                          "operator": "AND",
                          "criteria": [
                            {
                              "contentId": "DeviceRegistryEvents",
                              "kind": "DataType"
                            },
                            {
                              "contentId": "SecurityEvents",
                              "kind": "DataType"
                            }
                          ]
                        }
                      }
                    }
                  ]
                }
              }
            }
          ]
        },
        "author": {
          "name": "Pete Bryan"
        },
        "categories": {
          "domains": [
            "Security - Others"
          ]
        },
        "dependencies": {
          "operator": "AND",
          "criteria": [
            {
              "contentId": "ed8c9153-6f7a-4602-97b4-48c336b299e1",
              "kind": "AnalyticsRule"
            }
          ]
        },
        "description": "This query looks for changes to COM registry keys to point to files in C:\\Windows\\System32\\spool\\drivers\\color\\.\n  This can be used to enable COM hijacking for persistence.\n  Ref: https://www.microsoft.com/security/blog/2022/07/27/untangling-knotweed-european-private-sector-offensive-actor-using-0-day-exploits/",
        "displayName": "COM Registry Key Modified to Point to File in Color Profile Folder",
        "packageId": "ed8c9153-6f7a-4602-97b4-48c336b299e1",
        "source": {
          "kind": "Community",
          "name": "Standalone"
        },
        "support": {
          "tier": "Community",
          "name": "Community",
          "link": "https://github.com/Azure/Azure-Sentinel/issues"
        },
        "threatAnalysisTactics": [
          "Persistence"
        ],
        "threatAnalyticsTechniques": [
          "T1574"
        ],
        "version": "1.0.1"
      },
      "name": "[concat(parameters('workspace'),'/Microsoft.SecurityInsights/', 'ed8c9153-6f7a-4602-97b4-48c336b299e1')]"
    }
  ]
}