{
  "$schema": "https://schema.management.azure.com/schemas/2019-04-01/deploymentTemplate.json#",
  "contentVersion": "1.0.0.0",
  "parameters": {
    "location": {
      "type": "string",
      "minLength": 1,
      "defaultValue": "[resourceGroup().location]",
      "metadata": {
        "description": "Not used, but needed to pass arm-ttk test `Location-Should-Not-Be-Hardcoded`.  We instead use the `workspace-location` which is derived from the LA workspace"
      }
    },
    "workspace-location": {
      "type": "string",
      "defaultValue": "",
      "metadata": {
        "description": "[concat('Region to deploy solution resources -- separate from location selection',parameters('location'))]"
      }
    },
    "workspace": {
      "defaultValue": "",
      "type": "string",
      "metadata": {
        "description": "Workspace name for Log Analytics where Microsoft Sentinel is setup"
      }
    }
  },
  "variables": {},
  "resources": [
    {
      "type": "Microsoft.OperationalInsights/workspaces/providers/packages",
      "location": "[parameters('workspace-location')]",
      "apiVersion": "2022-08-01",
      "properties": {
        "packageKind": "Standalone",
        "packageItems": {
          "resources": [
            {
              "type": "Microsoft.OperationalInsights/workspaces/providers/contentTemplates",
              "name": "[concat(parameters('workspace'),'/Microsoft.SecurityInsights/', 'baedfdf4-7cc8-45a1-81a9-065821628b83')]",
              "location": "[parameters('workspace-location')]",
              "apiVersion": "2022-08-01",
              "properties": {
                "contentId": "baedfdf4-7cc8-45a1-81a9-065821628b83",
                "displayName": "RunningRAT request parameters",
                "contentKind": "AnalyticsRule",
                "mainTemplate": {
                  "$schema": "https://schema.management.azure.com/schemas/2019-04-01/deploymentTemplate.json#",
                  "contentVersion": "1.0.1",
                  "resources": [
                    {
                      "type": "Microsoft.OperationalInsights/workspaces/providers/alertRules",
                      "apiVersion": "2022-04-01-preview",
                      "name": "baedfdf4-7cc8-45a1-81a9-065821628b83",
                      "kind": "Scheduled",
                      "location": "[parameters('workspace-location')]",
                      "properties": {
                        "description": "This detection will alert when RunningRAT URI parameters or paths are detect in an HTTP request. Id the device blocked this communication\npresence of this alert means the RunningRAT implant is likely still executing on the source host.",
                        "displayName": "RunningRAT request parameters",
                        "enabled": false,
                        "query": "let runningRAT_parameters = dynamic(['/ui/chk', 'mactok=', 'UsRnMe=', 'IlocalP=', 'kMnD=']);\nCommonSecurityLog\n| where RequestMethod == \"GET\"\n| project TimeGenerated, DeviceVendor, DeviceProduct, DeviceAction, DestinationDnsDomain, DestinationIP, RequestURL, SourceIP, SourceHostName, RequestClientApplication\n| where RequestURL has_any (runningRAT_parameters)\n",
                        "queryFrequency": "P1D",
                        "queryPeriod": "P1D",
                        "severity": "High",
                        "status": "Available",
                        "suppressionDuration": "PT1H",
                        "suppressionEnabled": false,
                        "triggerOperator": "GreaterThan",
                        "triggerThreshold": 0,
                        "tactics": [
                          "Exfiltration",
                          "CommandAndControl"
                        ],
                        "techniques": [
                          "T1041",
                          "T1071"
                        ],
                        "entityMappings": [
                          {
                            "entityType": "Host",
                            "fieldMappings": [
                              {
                                "columnName": "SourceHostName",
                                "identifier": "HostName"
                              }
                            ]
                          },
                          {
                            "entityType": "IP",
                            "fieldMappings": [
                              {
                                "columnName": "SourceIP",
                                "identifier": "Address"
                              }
                            ]
                          },
                          {
                            "entityType": "IP",
                            "fieldMappings": [
                              {
                                "columnName": "DestinationIP",
                                "identifier": "Address"
                              }
                            ]
                          },
                          {
                            "entityType": "URL",
                            "fieldMappings": [
                              {
                                "columnName": "RequestURL",
                                "identifier": "Url"
                              }
                            ]
                          }
                        ],
                        "requiredDataConnectors": [
                          {
                            "connectorId": "CheckPoint",
                            "dataTypes": [
                              "CommonSecurityLog"
                            ]
                          },
                          {
                            "connectorId": "Fortinet",
                            "dataTypes": [
                              "CommonSecurityLog"
                            ]
                          },
                          {
                            "connectorId": "PaloAltoNetworks",
                            "dataTypes": [
                              "CommonSecurityLog"
                            ]
                          },
                          {
                            "connectorId": "Zscaler",
                            "dataTypes": [
                              "CommonSecurityLog"
                            ]
                          }
                        ]
                      }
                    },
                    {
                      "type": "Microsoft.OperationalInsights/workspaces/providers/metadata",
                      "apiVersion": "2021-03-01-preview",
                      "properties": {
                        "description": "This detection will alert when RunningRAT URI parameters or paths are detect in an HTTP request. Id the device blocked this communication\npresence of this alert means the RunningRAT implant is likely still executing on the source host.",
                        "version": "1.0.1",
                        "author": {
                          "name": "Thomas McElroy"
                        },
                        "support": {
                          "tier": "Community",
                          "name": "Community",
                          "link": "https://github.com/Azure/Azure-Sentinel/issues"
                        },
                        "source": {
                          "kind": "Community",
                          "name": "Standalone"
                        },
                        "threatAnalysisTactics": [
                          "Exfiltration",
                          "CommandAndControl"
                        ],
                        "threatAnalyticsTechniques": [
                          "T1041",
                          "T1071.001"
                        ],
                        "contentId": "baedfdf4-7cc8-45a1-81a9-065821628b83",
                        "parentId": "baedfdf4-7cc8-45a1-81a9-065821628b83",
                        "kind": "AnalyticsRule",
                        "dependencies": {
                          "operator": "AND",
                          "criteria": [
                            {
                              "contentId": "CommonSecurityLog",
                              "kind": "DataType"
                            },
                            {
                              "contentId": "CommonSecurityLog",
                              "kind": "DataType"
                            },
                            {
                              "contentId": "CommonSecurityLog",
                              "kind": "DataType"
                            },
                            {
                              "contentId": "CommonSecurityLog",
                              "kind": "DataType"
                            }
                          ]
                        }
                      }
                    }
                  ]
                }
              }
            }
          ]
        },
        "author": {
          "name": "Thomas McElroy"
        },
        "categories": {
          "domains": [
            "Security - Others"
          ]
        },
        "dependencies": {
          "operator": "AND",
          "criteria": [
            {
              "contentId": "baedfdf4-7cc8-45a1-81a9-065821628b83",
              "kind": "AnalyticsRule"
            }
          ]
        },
        "description": "This detection will alert when RunningRAT URI parameters or paths are detect in an HTTP request. Id the device blocked this communication\npresence of this alert means the RunningRAT implant is likely still executing on the source host.",
        "displayName": "RunningRAT request parameters",
        "packageId": "baedfdf4-7cc8-45a1-81a9-065821628b83",
        "source": {
          "kind": "Community",
          "name": "Standalone"
        },
        "support": {
          "tier": "Community",
          "name": "Community",
          "link": "https://github.com/Azure/Azure-Sentinel/issues"
        },
        "threatAnalysisTactics": [
          "Exfiltration",
          "CommandAndControl"
        ],
        "threatAnalyticsTechniques": [
          "T1041",
          "T1071.001"
        ],
        "version": "1.0.1"
      },
      "name": "[concat(parameters('workspace'),'/Microsoft.SecurityInsights/', 'baedfdf4-7cc8-45a1-81a9-065821628b83')]"
    }
  ]
}