{
  "$schema": "https://schema.management.azure.com/schemas/2019-04-01/deploymentTemplate.json#",
  "contentVersion": "1.0.0.0",
  "parameters": {
    "location": {
      "type": "string",
      "minLength": 1,
      "defaultValue": "[resourceGroup().location]",
      "metadata": {
        "description": "Not used, but needed to pass arm-ttk test `Location-Should-Not-Be-Hardcoded`.  We instead use the `workspace-location` which is derived from the LA workspace"
      }
    },
    "workspace-location": {
      "type": "string",
      "defaultValue": "",
      "metadata": {
        "description": "[concat('Region to deploy solution resources -- separate from location selection',parameters('location'))]"
      }
    },
    "workspace": {
      "defaultValue": "",
      "type": "string",
      "metadata": {
        "description": "Workspace name for Log Analytics where Microsoft Sentinel is setup"
      }
    }
  },
  "variables": {},
  "resources": [
    {
      "type": "Microsoft.OperationalInsights/workspaces/providers/packages",
      "location": "[parameters('workspace-location')]",
      "apiVersion": "2022-08-01",
      "properties": {
        "packageKind": "Standalone",
        "packageItems": {
          "resources": [
            {
              "type": "Microsoft.OperationalInsights/workspaces/providers/contentTemplates",
              "name": "[concat(parameters('workspace'),'/Microsoft.SecurityInsights/', '0433c8a3-9aa6-4577-beef-2ea23be41137')]",
              "location": "[parameters('workspace-location')]",
              "apiVersion": "2022-08-01",
              "properties": {
                "contentId": "0433c8a3-9aa6-4577-beef-2ea23be41137",
                "displayName": "Privileged Account Permissions Changed",
                "contentKind": "AnalyticsRule",
                "mainTemplate": {
                  "$schema": "https://schema.management.azure.com/schemas/2019-04-01/deploymentTemplate.json#",
                  "contentVersion": "1.0.1",
                  "resources": [
                    {
                      "type": "Microsoft.OperationalInsights/workspaces/providers/alertRules",
                      "apiVersion": "2022-04-01-preview",
                      "name": "0433c8a3-9aa6-4577-beef-2ea23be41137",
                      "kind": "Scheduled",
                      "location": "[parameters('workspace-location')]",
                      "properties": {
                        "description": "Detects changes to permissions assigned to admin users. Threat actors may try and increase permission scope by adding additional roles to already privileged accounts.\nReview any modifications to ensure they were made legitimately.\nRef: https://docs.microsoft.com/azure/active-directory/fundamentals/security-operations-privileged-accounts#changes-to-privileged-accounts",
                        "displayName": "Privileged Account Permissions Changed",
                        "enabled": false,
                        "query": "let admin_users = (IdentityInfo\n  | where TimeGenerated > ago(2d)\n  | summarize arg_max(TimeGenerated, *) by AccountUPN\n  | where AssignedRoles contains \"admin\"\n  | summarize by tolower(AccountUPN));\n  AuditLogs\n  | where Category =~ \"RoleManagement\"\n  | where OperationName has \"Add eligible member\"\n  | extend userPrincipalName = tostring(TargetResources[0].userPrincipalName)\n  | where tolower(userPrincipalName) in (admin_users)\n  | extend Group = tostring(TargetResources[0].displayName)\n  | extend AddedTo = iif(isnotempty(userPrincipalName), userPrincipalName, Group)\n  | extend mod_props = TargetResources[0].modifiedProperties\n  | extend appName = tostring(parse_json(tostring(InitiatedBy.app)).displayName)\n  | extend UPN = tostring(parse_json(tostring(InitiatedBy.user)).userPrincipalName)\n  | extend AddedBy = iif(isnotempty(appName), appName, UPN)\n  | mv-expand mod_props\n  | where mod_props.displayName == \"Role.DisplayName\"\n  | extend RoleAdded = tostring(parse_json(tostring(mod_props.newValue)))\n  | project-reorder TimeGenerated, OperationName, AddedTo, RoleAdded, AddedBy\n",
                        "queryFrequency": "P1D",
                        "queryPeriod": "P2D",
                        "severity": "Medium",
                        "status": "Available",
                        "suppressionDuration": "PT1H",
                        "suppressionEnabled": false,
                        "triggerOperator": "GreaterThan",
                        "triggerThreshold": 0,
                        "tactics": [
                          "PrivilegeEscalation"
                        ],
                        "techniques": [
                          "T1078"
                        ],
                        "entityMappings": [
                          {
                            "entityType": "Account",
                            "fieldMappings": [
                              {
                                "columnName": "userPrincipalName",
                                "identifier": "FullName"
                              }
                            ]
                          },
                          {
                            "entityType": "Account",
                            "fieldMappings": [
                              {
                                "columnName": "AddedBy",
                                "identifier": "FullName"
                              }
                            ]
                          }
                        ],
                        "requiredDataConnectors": [
                          {
                            "connectorId": "AzureActiveDirectory",
                            "dataTypes": [
                              "AuditLogs"
                            ]
                          },
                          {
                            "connectorId": "BehaviorAnalytics",
                            "dataTypes": [
                              "BehaviorAnalytics"
                            ]
                          }
                        ]
                      }
                    },
                    {
                      "type": "Microsoft.OperationalInsights/workspaces/providers/metadata",
                      "apiVersion": "2021-03-01-preview",
                      "properties": {
                        "description": "Detects changes to permissions assigned to admin users. Threat actors may try and increase permission scope by adding additional roles to already privileged accounts.\nReview any modifications to ensure they were made legitimately.\nRef: https://docs.microsoft.com/azure/active-directory/fundamentals/security-operations-privileged-accounts#changes-to-privileged-accounts",
                        "version": "1.0.1",
                        "author": {
                          "name": "Pete Bryan"
                        },
                        "support": {
                          "tier": "Community",
                          "name": "Community",
                          "link": "https://github.com/Azure/Azure-Sentinel/issues"
                        },
                        "source": {
                          "kind": "Community",
                          "name": "Standalone"
                        },
                        "threatAnalysisTactics": [
                          "PrivilegeEscalation"
                        ],
                        "threatAnalyticsTechniques": [
                          "T1078.004"
                        ],
                        "contentId": "0433c8a3-9aa6-4577-beef-2ea23be41137",
                        "parentId": "0433c8a3-9aa6-4577-beef-2ea23be41137",
                        "kind": "AnalyticsRule",
                        "dependencies": {
                          "operator": "AND",
                          "criteria": [
                            {
                              "contentId": "AuditLogs",
                              "kind": "DataType"
                            },
                            {
                              "contentId": "BehaviorAnalytics",
                              "kind": "DataType"
                            }
                          ]
                        }
                      }
                    }
                  ]
                }
              }
            }
          ]
        },
        "author": {
          "name": "Pete Bryan"
        },
        "categories": {
          "domains": [
            "Security - Others",
            "Identity"
          ]
        },
        "dependencies": {
          "operator": "AND",
          "criteria": [
            {
              "contentId": "0433c8a3-9aa6-4577-beef-2ea23be41137",
              "kind": "AnalyticsRule"
            }
          ]
        },
        "description": "Detects changes to permissions assigned to admin users. Threat actors may try and increase permission scope by adding additional roles to already privileged accounts.\nReview any modifications to ensure they were made legitimately.\nRef: https://docs.microsoft.com/azure/active-directory/fundamentals/security-operations-privileged-accounts#changes-to-privileged-accounts",
        "displayName": "Privileged Account Permissions Changed",
        "packageId": "0433c8a3-9aa6-4577-beef-2ea23be41137",
        "source": {
          "kind": "Community",
          "name": "Standalone"
        },
        "support": {
          "tier": "Community",
          "name": "Community",
          "link": "https://github.com/Azure/Azure-Sentinel/issues"
        },
        "threatAnalysisTactics": [
          "PrivilegeEscalation"
        ],
        "threatAnalyticsTechniques": [
          "T1078.004"
        ],
        "version": "1.0.1"
      },
      "name": "[concat(parameters('workspace'),'/Microsoft.SecurityInsights/', '0433c8a3-9aa6-4577-beef-2ea23be41137')]"
    }
  ]
}