{
  "$schema": "https://schema.management.azure.com/schemas/2019-04-01/deploymentTemplate.json#",
  "contentVersion": "1.0.0.0",
  "parameters": {
    "location": {
      "type": "string",
      "minLength": 1,
      "defaultValue": "[resourceGroup().location]",
      "metadata": {
        "description": "Not used, but needed to pass arm-ttk test `Location-Should-Not-Be-Hardcoded`.  We instead use the `workspace-location` which is derived from the LA workspace"
      }
    },
    "workspace-location": {
      "type": "string",
      "defaultValue": "",
      "metadata": {
        "description": "[concat('Region to deploy solution resources -- separate from location selection',parameters('location'))]"
      }
    },
    "workspace": {
      "defaultValue": "",
      "type": "string",
      "metadata": {
        "description": "Workspace name for Log Analytics where Microsoft Sentinel is setup"
      }
    }
  },
  "variables": {},
  "resources": [
    {
      "type": "Microsoft.OperationalInsights/workspaces/providers/packages",
      "location": "[parameters('workspace-location')]",
      "apiVersion": "2022-08-01",
      "properties": {
        "packageKind": "Standalone",
        "packageItems": {
          "resources": [
            {
              "type": "Microsoft.OperationalInsights/workspaces/providers/contentTemplates",
              "name": "[concat(parameters('workspace'),'/Microsoft.SecurityInsights/', '2bf19f27-0466-4c16-a821-ce84e524476d')]",
              "location": "[parameters('workspace-location')]",
              "kind": "shared",
              "apiVersion": "2022-08-01",
              "properties": {
                "contentId": "2bf19f27-0466-4c16-a821-ce84e524476d",
                "displayName": "Query looking for secrets",
                "contentKind": "HuntingQuery",
                "mainTemplate": {
                  "$schema": "https://schema.management.azure.com/schemas/2019-04-01/deploymentTemplate.json#",
                  "contentVersion": "1.0.0",
                  "resources": [
                    {
                      "type": "Microsoft.OperationalInsights/savedSearches",
                      "apiVersion": "2020-08-01",
                      "name": "2bf19f27-0466-4c16-a821-ce84e524476d",
                      "location": "[parameters('workspace-location')]",
                      "properties": {
                        "eTag": "*",
                        "displayName": "Query looking for secrets",
                        "category": "Hunting Queries",
                        "query": "\n// Extend this list with items to search for\nlet keywords = dynamic([\"password\", \"pwd\", \"creds\", \"credentials\", \"secret\"]);\n// To exclude key phrases or tables to exclude add to these lists\nlet table_exclusions = dynamic([\"AuditLogs\",\"SigninLogs\", \"LAQueryLogs\", \"SecurityEvent\"]);\nlet keyword_exclusion = dynamic([\"reset user password\", \"change user password\"]);\nLAQueryLogs\n| where RequestClientApp != 'Sentinel-General'\n| extend querytext_lower = tolower(QueryText)\n| where querytext_lower has_any(keywords)\n| project TimeGenerated, AADEmail, QueryText, RequestClientApp, RequestTarget, ResponseCode, ResponseRowCount, ResponseDurationMs, CorrelationId\n| extend timestamp = TimeGenerated, AccountCustomEntity = AADEmail\n| join kind=leftanti ( LAQueryLogs\n| where RequestClientApp != 'Sentinel-General'\n| extend querytext_lower = tolower(QueryText)\n| where QueryText has_any(table_exclusions) or querytext_lower has_any(keyword_exclusion))\non CorrelationId\n",
                        "version": 2,
                        "tags": [
                          {
                            "name": "description",
                            "value": "This hunting query looks for queries that appear to be looking for secrets or passwords in tables."
                          },
                          {
                            "name": "techniques",
                            "value": ""
                          },
                          {
                            "name": "tactics",
                            "value": "Collection"
                          }
                        ]
                      }
                    },
                    {
                      "type": "Microsoft.OperationalInsights/workspaces/providers/metadata",
                      "apiVersion": "2021-03-01-preview",
                      "name": "[concat(parameters('workspace'),'/Microsoft.SecurityInsights/',concat('huntingQuery-', '2bf19f27-0466-4c16-a821-ce84e524476d'))]",
                      "properties": {
                        "description": "This hunting query looks for queries that appear to be looking for secrets or passwords in tables.",
                        "version": "1.0.0",
                        "author": {
                          "name": "Pete Bryan"
                        },
                        "support": {
                          "tier": "Microsoft",
                          "name": "Microsoft",
                          "email": "support@microsoft.com",
                          "link": "https://support.microsoft.com"
                        },
                        "source": {
                          "kind": "Community",
                          "name": "Standalone"
                        },
                        "threatAnalysisTactics": [
                          "Collection"
                        ],
                        "threatAnalyticsTechniques": [
                          "T1530",
                          "T1213"
                        ],
                        "contentId": "2bf19f27-0466-4c16-a821-ce84e524476d",
                        "parentId": "2bf19f27-0466-4c16-a821-ce84e524476d",
                        "kind": "HuntingQuery",
                        "dependencies": {
                          "operator": "AND",
                          "criteria": [
                            {
                              "contentId": "LAQueryLogs",
                              "kind": "DataType"
                            }
                          ]
                        }
                      }
                    }
                  ]
                }
              }
            }
          ]
        },
        "author": {
          "name": "Pete Bryan"
        },
        "categories": {
          "domains": [
            "Security - Threat Protection"
          ]
        },
        "dependencies": {
          "operator": "AND",
          "criteria": [
            {
              "contentId": "2bf19f27-0466-4c16-a821-ce84e524476d",
              "kind": "HuntingQuery"
            }
          ]
        },
        "description": "This hunting query looks for queries that appear to be looking for secrets or passwords in tables.",
        "displayName": "Query looking for secrets",
        "packageId": "2bf19f27-0466-4c16-a821-ce84e524476d",
        "source": {
          "kind": "Community",
          "name": "Standalone"
        },
        "support": {
          "tier": "Microsoft",
          "name": "Microsoft",
          "email": "support@microsoft.com",
          "link": "https://support.microsoft.com"
        },
        "threatAnalysisTactics": [
          "Collection"
        ],
        "threatAnalyticsTechniques": [
          "T1530",
          "T1213"
        ],
        "version": "1.0.0"
      },
      "name": "2bf19f27-0466-4c16-a821-ce84e524476d"
    }
  ]
}