{
  "$schema": "https://schema.management.azure.com/schemas/2019-04-01/deploymentTemplate.json#",
  "contentVersion": "1.0.0.0",
  "parameters": {
    "location": {
      "type": "string",
      "minLength": 1,
      "defaultValue": "[resourceGroup().location]",
      "metadata": {
        "description": "Not used, but needed to pass arm-ttk test `Location-Should-Not-Be-Hardcoded`.  We instead use the `workspace-location` which is derived from the LA workspace"
      }
    },
    "workspace-location": {
      "type": "string",
      "defaultValue": "",
      "metadata": {
        "description": "[concat('Region to deploy solution resources -- separate from location selection',parameters('location'))]"
      }
    },
    "workspace": {
      "defaultValue": "",
      "type": "string",
      "metadata": {
        "description": "Workspace name for Log Analytics where Microsoft Sentinel is setup"
      }
    }
  },
  "variables": {},
  "resources": [
    {
      "type": "Microsoft.OperationalInsights/workspaces/providers/packages",
      "location": "[parameters('workspace-location')]",
      "apiVersion": "2022-08-01",
      "properties": {
        "packageKind": "Standalone",
        "packageItems": {
          "resources": [
            {
              "type": "Microsoft.OperationalInsights/workspaces/providers/contentTemplates",
              "name": "[concat(parameters('workspace'),'/Microsoft.SecurityInsights/', '79cf4646-0959-442f-9707-60fc66eb8145')]",
              "location": "[parameters('workspace-location')]",
              "kind": "shared",
              "apiVersion": "2022-08-01",
              "properties": {
                "contentId": "79cf4646-0959-442f-9707-60fc66eb8145",
                "displayName": "Zoom room high CPU alerts",
                "contentKind": "HuntingQuery",
                "mainTemplate": {
                  "$schema": "https://schema.management.azure.com/schemas/2019-04-01/deploymentTemplate.json#",
                  "contentVersion": "1.0.0",
                  "resources": [
                    {
                      "type": "Microsoft.OperationalInsights/savedSearches",
                      "apiVersion": "2020-08-01",
                      "name": "79cf4646-0959-442f-9707-60fc66eb8145",
                      "location": "[parameters('workspace-location')]",
                      "properties": {
                        "eTag": "*",
                        "displayName": "Zoom room high CPU alerts",
                        "category": "Hunting Queries",
                        "query": "\nZoomLogs \n| where Event =~ \"zoomroom.alert\" \n| extend AlertType = toint(parse_json(RoomEvents).AlertType), AlertKind = toint(parse_json(RoomEvents).AlertKind) \n| extend RoomName = payload_object_room_name_s, User = payload_object_email_s\n| where AlertType == 1 and AlertKind == 1 \n| extend timestamp = TimeGenerated, AccountCustomEntity = User\n// Uncomment the lines below to analyse event over time\n//| summarize count() by bin(TimeGenerated, 1h), RoomName\n//| render timechart\n",
                        "version": 2,
                        "tags": [
                          {
                            "name": "description",
                            "value": "This hunting query identifies Zoom room systems with high CPU alerts that may be a sign of device compromise."
                          },
                          {
                            "name": "techniques",
                            "value": ""
                          },
                          {
                            "name": "tactics",
                            "value": "DefenseEvasion,Persistence"
                          }
                        ]
                      }
                    },
                    {
                      "type": "Microsoft.OperationalInsights/workspaces/providers/metadata",
                      "apiVersion": "2021-03-01-preview",
                      "name": "[concat(parameters('workspace'),'/Microsoft.SecurityInsights/',concat('huntingQuery-', '79cf4646-0959-442f-9707-60fc66eb8145'))]",
                      "properties": {
                        "description": "This hunting query identifies Zoom room systems with high CPU alerts that may be a sign of device compromise.",
                        "version": "1.0.0",
                        "author": {
                          "name": "Pete Bryan"
                        },
                        "support": {
                          "tier": "Community",
                          "name": "Community",
                          "link": "https://github.com/Azure/Azure-Sentinel/issues"
                        },
                        "source": {
                          "kind": "Community",
                          "name": "Standalone"
                        },
                        "threatAnalysisTactics": [
                          "DefenseEvasion",
                          "Persistence"
                        ],
                        "threatAnalyticsTechniques": [
                          "T1542"
                        ],
                        "contentId": "79cf4646-0959-442f-9707-60fc66eb8145",
                        "parentId": "79cf4646-0959-442f-9707-60fc66eb8145",
                        "kind": "HuntingQuery"
                      }
                    }
                  ]
                }
              }
            }
          ]
        },
        "author": {
          "name": "Pete Bryan"
        },
        "categories": {
          "domains": [
            "Security - Other"
          ]
        },
        "dependencies": {
          "operator": "AND",
          "criteria": [
            {
              "contentId": "79cf4646-0959-442f-9707-60fc66eb8145",
              "kind": "HuntingQuery"
            }
          ]
        },
        "description": "This hunting query identifies Zoom room systems with high CPU alerts that may be a sign of device compromise.",
        "displayName": "Zoom room high CPU alerts",
        "packageId": "79cf4646-0959-442f-9707-60fc66eb8145",
        "source": {
          "kind": "Community",
          "name": "Standalone"
        },
        "support": {
          "tier": "Community",
          "name": "Community",
          "link": "https://github.com/Azure/Azure-Sentinel/issues"
        },
        "threatAnalysisTactics": [
          "DefenseEvasion",
          "Persistence"
        ],
        "threatAnalyticsTechniques": [
          "T1542"
        ],
        "version": "1.0.0"
      },
      "name": "79cf4646-0959-442f-9707-60fc66eb8145"
    }
  ]
}