{
  "$schema": "https://schema.management.azure.com/schemas/2019-04-01/deploymentTemplate.json#",
  "contentVersion": "1.0.0.0",
  "parameters": {
    "location": {
      "type": "string",
      "minLength": 1,
      "defaultValue": "[resourceGroup().location]",
      "metadata": {
        "description": "Not used, but needed to pass arm-ttk test `Location-Should-Not-Be-Hardcoded`.  We instead use the `workspace-location` which is derived from the LA workspace"
      }
    },
    "workspace-location": {
      "type": "string",
      "defaultValue": "",
      "metadata": {
        "description": "[concat('Region to deploy solution resources -- separate from location selection',parameters('location'))]"
      }
    },
    "workspace": {
      "defaultValue": "",
      "type": "string",
      "metadata": {
        "description": "Workspace name for Log Analytics where Microsoft Sentinel is setup"
      }
    }
  },
  "variables": {},
  "resources": [
    {
      "type": "Microsoft.OperationalInsights/workspaces/providers/packages",
      "location": "[parameters('workspace-location')]",
      "apiVersion": "2022-08-01",
      "properties": {
        "packageKind": "Standalone",
        "packageItems": {
          "resources": [
            {
              "type": "Microsoft.OperationalInsights/workspaces/providers/contentTemplates",
              "name": "[concat(parameters('workspace'),'/Microsoft.SecurityInsights/', 'cdc9b092-8a16-4559-9e5e-831877e8209a')]",
              "location": "[parameters('workspace-location')]",
              "kind": "shared",
              "apiVersion": "2022-08-01",
              "properties": {
                "contentId": "cdc9b092-8a16-4559-9e5e-831877e8209a",
                "displayName": "Signins from Nord VPN Providers",
                "contentKind": "HuntingQuery",
                "mainTemplate": {
                  "$schema": "https://schema.management.azure.com/schemas/2019-04-01/deploymentTemplate.json#",
                  "contentVersion": "1.0.0",
                  "resources": [
                    {
                      "type": "Microsoft.OperationalInsights/savedSearches",
                      "apiVersion": "2020-08-01",
                      "name": "cdc9b092-8a16-4559-9e5e-831877e8209a",
                      "location": "[parameters('workspace-location')]",
                      "properties": {
                        "eTag": "*",
                        "displayName": "Signins from Nord VPN Providers",
                        "category": "Hunting Queries",
                        "query": "let nord_vpn_feed = (externaldata(id:int,ip_address: string,search_keywords: dynamic,categories:dynamic,name: string,domain:string,price:int,flag:string,country:string,location:dynamic ,load: int ,features:dynamic)\n  [@\"https://raw.githubusercontent.com/microsoft/mstic/master/nordvpn-servers.csv\"] with (format=\"csv\", ignoreFirstRecord=True));\nSigninLogs \n  | where TimeGenerated > ago(4h) \n  | where ResultType == 0 \n  | summarize TotalEvents = count(), AppList = make_set(AppDisplayName),  StartTime = min(TimeGenerated), EndTime = max(TimeGenerated) by IPAddress, UserPrincipalName, ClientAppUsed, ConditionalAccessStatus, AuthenticationRequirement, RiskDetail \n  | join kind= inner nord_vpn_feed on $left.IPAddress == $right.ip_address\n  | project StartTime , EndTime, IPAddress, UserPrincipalName, AppList, ClientAppUsed, ConditionalAccessStatus, AuthenticationRequirement, RiskDetail, categories, domain, country\n  | extend timestamp = StartTime, AccountCustomEntity = UserPrincipalName, IPCustomEntity = IPAddress\n",
                        "version": 2,
                        "tags": [
                          {
                            "name": "description",
                            "value": "This query looks for sign-in activity from Nord VPN providers using the Public feed leveraging NordVPN API which is updated daily. \nInvestigation any unknown sign-in attempts from VPN providers such as Nord VPN unless it is commonly seen from users in the organization"
                          },
                          {
                            "name": "techniques",
                            "value": ""
                          },
                          {
                            "name": "tactics",
                            "value": "InitialAccess"
                          }
                        ]
                      }
                    },
                    {
                      "type": "Microsoft.OperationalInsights/workspaces/providers/metadata",
                      "apiVersion": "2021-03-01-preview",
                      "name": "[concat(parameters('workspace'),'/Microsoft.SecurityInsights/',concat('huntingQuery-', 'cdc9b092-8a16-4559-9e5e-831877e8209a'))]",
                      "properties": {
                        "description": "This query looks for sign-in activity from Nord VPN providers using the Public feed leveraging NordVPN API which is updated daily. \nInvestigation any unknown sign-in attempts from VPN providers such as Nord VPN unless it is commonly seen from users in the organization",
                        "version": "1.0.0",
                        "author": {
                          "name": "Ashwin Patil"
                        },
                        "support": {
                          "tier": "Community",
                          "name": "Community",
                          "link": "https://github.com/Azure/Azure-Sentinel/issues"
                        },
                        "source": {
                          "kind": "Community",
                          "name": "Standalone"
                        },
                        "threatAnalysisTactics": [
                          "InitialAccess"
                        ],
                        "threatAnalyticsTechniques": [
                          "T1078"
                        ],
                        "contentId": "cdc9b092-8a16-4559-9e5e-831877e8209a",
                        "parentId": "cdc9b092-8a16-4559-9e5e-831877e8209a",
                        "kind": "HuntingQuery",
                        "dependencies": {
                          "operator": "AND",
                          "criteria": [
                            {
                              "contentId": "SigninLogs",
                              "kind": "DataType"
                            }
                          ]
                        }
                      }
                    }
                  ]
                }
              }
            }
          ]
        },
        "author": {
          "name": "Ashwin Patil"
        },
        "categories": {
          "domains": [
            "Security - Network",
            "Identity"
          ]
        },
        "dependencies": {
          "operator": "AND",
          "criteria": [
            {
              "contentId": "cdc9b092-8a16-4559-9e5e-831877e8209a",
              "kind": "HuntingQuery"
            }
          ]
        },
        "description": "This query looks for sign-in activity from Nord VPN providers using the Public feed leveraging NordVPN API which is updated daily. \nInvestigation any unknown sign-in attempts from VPN providers such as Nord VPN unless it is commonly seen from users in the organization",
        "displayName": "Signins from Nord VPN Providers",
        "packageId": "cdc9b092-8a16-4559-9e5e-831877e8209a",
        "source": {
          "kind": "Community",
          "name": "Standalone"
        },
        "support": {
          "tier": "Community",
          "name": "Community",
          "link": "https://github.com/Azure/Azure-Sentinel/issues"
        },
        "threatAnalysisTactics": [
          "InitialAccess"
        ],
        "threatAnalyticsTechniques": [
          "T1078"
        ],
        "version": "1.0.0"
      },
      "name": "cdc9b092-8a16-4559-9e5e-831877e8209a"
    }
  ]
}