{
  "$schema": "https://schema.management.azure.com/schemas/2019-04-01/deploymentTemplate.json#",
  "contentVersion": "1.0.0.0",
  "parameters": {
    "location": {
      "type": "string",
      "minLength": 1,
      "defaultValue": "[resourceGroup().location]",
      "metadata": {
        "description": "Not used, but needed to pass arm-ttk test `Location-Should-Not-Be-Hardcoded`.  We instead use the `workspace-location` which is derived from the LA workspace"
      }
    },
    "workspace-location": {
      "type": "string",
      "defaultValue": "",
      "metadata": {
        "description": "[concat('Region to deploy solution resources -- separate from location selection',parameters('location'))]"
      }
    },
    "workspace": {
      "defaultValue": "",
      "type": "string",
      "metadata": {
        "description": "Workspace name for Log Analytics where Microsoft Sentinel is setup"
      }
    }
  },
  "variables": {},
  "resources": [
    {
      "type": "Microsoft.OperationalInsights/workspaces/providers/packages",
      "location": "[parameters('workspace-location')]",
      "apiVersion": "2022-08-01",
      "properties": {
        "packageKind": "Standalone",
        "packageItems": {
          "resources": [
            {
              "type": "Microsoft.OperationalInsights/workspaces/providers/contentTemplates",
              "name": "[concat(parameters('workspace'),'/Microsoft.SecurityInsights/', '41fa6e2d-afe9-4398-9356-cec3a927e44e')]",
              "location": "[parameters('workspace-location')]",
              "kind": "shared",
              "apiVersion": "2022-08-01",
              "properties": {
                "contentId": "41fa6e2d-afe9-4398-9356-cec3a927e44e",
                "displayName": "Azure Active Directory signins from new locations",
                "contentKind": "HuntingQuery",
                "mainTemplate": {
                  "$schema": "https://schema.management.azure.com/schemas/2019-04-01/deploymentTemplate.json#",
                  "contentVersion": "1.0.0",
                  "resources": [
                    {
                      "type": "Microsoft.OperationalInsights/savedSearches",
                      "apiVersion": "2020-08-01",
                      "name": "41fa6e2d-afe9-4398-9356-cec3a927e44e",
                      "location": "[parameters('workspace-location')]",
                      "properties": {
                        "eTag": "*",
                        "displayName": "Azure Active Directory signins from new locations",
                        "category": "Hunting Queries",
                        "query": "\nlet starttime = todatetime('{{StartTimeISO}}');\nlet endtime = todatetime('{{EndTimeISO}}');\nlet lookback = starttime - 14d;\nlet countThreshold = 1;\nSigninLogs\n| where TimeGenerated between(starttime..endtime)\n| summarize StartTimeUtc = min(TimeGenerated), EndTimeUtc = max(TimeGenerated), perIdentityAuthCount = count()\nby UserPrincipalName, locationString = strcat(tostring(LocationDetails[\"countryOrRegion\"]), \"/\", tostring(LocationDetails[\"state\"]), \"/\",\ntostring(LocationDetails[\"city\"]), \";\" , tostring(LocationDetails[\"geoCoordinates\"]))\n| summarize StartTime = min(StartTimeUtc), EndTime = max(EndTimeUtc), distinctAccountCount = count(), identityList=makeset(UserPrincipalName) by locationString\n| extend identityList = iff(distinctAccountCount<10, identityList, \"multiple (>10)\")\n| join kind= anti (\nSigninLogs\n  | where TimeGenerated between(lookback..starttime)\n  | project locationString= strcat(tostring(LocationDetails[\"countryOrRegion\"]), \"/\", tostring(LocationDetails[\"state\"]), \"/\",\n  tostring(LocationDetails[\"city\"]), \";\" , tostring(LocationDetails[\"geoCoordinates\"]))\n  | summarize priorCount = count() by locationString\n)\non locationString\n// select threshold above which #new accounts from a new location is deemed suspicious\n| where distinctAccountCount > countThreshold\n| mv-expand todynamic(identityList)\n| extend timestamp = StartTime, AccountCustomEntity = identityList\n",
                        "version": 2,
                        "tags": [
                          {
                            "name": "description",
                            "value": "New Azure Active Directory signin locations today versus historical Azure Active Directory signin data.\nIn the case of password spraying or brute force attacks one might see authentication attempts for many\naccounts from a new location."
                          },
                          {
                            "name": "techniques",
                            "value": ""
                          },
                          {
                            "name": "tactics",
                            "value": "InitialAccess"
                          }
                        ]
                      }
                    },
                    {
                      "type": "Microsoft.OperationalInsights/workspaces/providers/metadata",
                      "apiVersion": "2021-03-01-preview",
                      "name": "[concat(parameters('workspace'),'/Microsoft.SecurityInsights/',concat('huntingQuery-', '41fa6e2d-afe9-4398-9356-cec3a927e44e'))]",
                      "properties": {
                        "description": "New Azure Active Directory signin locations today versus historical Azure Active Directory signin data.\nIn the case of password spraying or brute force attacks one might see authentication attempts for many\naccounts from a new location.",
                        "version": "1.0.0",
                        "author": {
                          "name": "Shain"
                        },
                        "support": {
                          "tier": "Community",
                          "name": "Community",
                          "link": "https://github.com/Azure/Azure-Sentinel/issues"
                        },
                        "source": {
                          "kind": "Community",
                          "name": "Standalone"
                        },
                        "threatAnalysisTactics": [
                          "InitialAccess"
                        ],
                        "threatAnalyticsTechniques": [
                          "T1078"
                        ],
                        "contentId": "41fa6e2d-afe9-4398-9356-cec3a927e44e",
                        "parentId": "41fa6e2d-afe9-4398-9356-cec3a927e44e",
                        "kind": "HuntingQuery",
                        "dependencies": {
                          "operator": "AND",
                          "criteria": [
                            {
                              "contentId": "SigninLogs",
                              "kind": "DataType"
                            }
                          ]
                        }
                      }
                    }
                  ]
                }
              }
            }
          ]
        },
        "author": {
          "name": "Shain"
        },
        "categories": {
          "domains": [
            "Security - Other",
            "Identity"
          ]
        },
        "dependencies": {
          "operator": "AND",
          "criteria": [
            {
              "contentId": "41fa6e2d-afe9-4398-9356-cec3a927e44e",
              "kind": "HuntingQuery"
            }
          ]
        },
        "description": "New Azure Active Directory signin locations today versus historical Azure Active Directory signin data.\nIn the case of password spraying or brute force attacks one might see authentication attempts for many\naccounts from a new location.",
        "displayName": "Azure Active Directory signins from new locations",
        "packageId": "41fa6e2d-afe9-4398-9356-cec3a927e44e",
        "source": {
          "kind": "Community",
          "name": "Standalone"
        },
        "support": {
          "tier": "Community",
          "name": "Community",
          "link": "https://github.com/Azure/Azure-Sentinel/issues"
        },
        "threatAnalysisTactics": [
          "InitialAccess"
        ],
        "threatAnalyticsTechniques": [
          "T1078"
        ],
        "version": "1.0.0"
      },
      "name": "41fa6e2d-afe9-4398-9356-cec3a927e44e"
    }
  ]
}