{
  "$schema": "https://schema.management.azure.com/schemas/2019-04-01/deploymentTemplate.json#",
  "contentVersion": "1.0.0.0",
  "parameters": {
    "location": {
      "type": "string",
      "minLength": 1,
      "defaultValue": "[resourceGroup().location]",
      "metadata": {
        "description": "Not used, but needed to pass arm-ttk test `Location-Should-Not-Be-Hardcoded`.  We instead use the `workspace-location` which is derived from the LA workspace"
      }
    },
    "workspace-location": {
      "type": "string",
      "defaultValue": "",
      "metadata": {
        "description": "[concat('Region to deploy solution resources -- separate from location selection',parameters('location'))]"
      }
    },
    "workspace": {
      "defaultValue": "",
      "type": "string",
      "metadata": {
        "description": "Workspace name for Log Analytics where Microsoft Sentinel is setup"
      }
    }
  },
  "variables": {},
  "resources": [
    {
      "type": "Microsoft.OperationalInsights/workspaces/providers/packages",
      "location": "[parameters('workspace-location')]",
      "apiVersion": "2022-08-01",
      "properties": {
        "packageKind": "Standalone",
        "packageItems": {
          "resources": [
            {
              "type": "Microsoft.OperationalInsights/workspaces/providers/contentTemplates",
              "name": "[concat(parameters('workspace'),'/Microsoft.SecurityInsights/', '42831fb3-f61d-41e9-95d9-f08797479a0e')]",
              "location": "[parameters('workspace-location')]",
              "kind": "shared",
              "apiVersion": "2022-08-01",
              "properties": {
                "contentId": "42831fb3-f61d-41e9-95d9-f08797479a0e",
                "displayName": "Azure CloudShell Usage",
                "contentKind": "HuntingQuery",
                "mainTemplate": {
                  "$schema": "https://schema.management.azure.com/schemas/2019-04-01/deploymentTemplate.json#",
                  "contentVersion": "1.0.0",
                  "resources": [
                    {
                      "type": "Microsoft.OperationalInsights/savedSearches",
                      "apiVersion": "2020-08-01",
                      "name": "42831fb3-f61d-41e9-95d9-f08797479a0e",
                      "location": "[parameters('workspace-location')]",
                      "properties": {
                        "eTag": "*",
                        "displayName": "Azure CloudShell Usage",
                        "category": "Hunting Queries",
                        "query": "\nAzureActivity\n   | where ActivityStatusValue == \"Succeeded\"\n   | where ResourceGroup has \"cloud-shell-storage\"\n   | where OperationNameValue == \"Microsoft.Storage/storageAccounts/listKeys/action\"\n   // Change the timekey scope below to get activity for a longer window \n   | summarize by Caller, timekey= bin(TimeGenerated, 1h)\n   | join (AzureActivity | where TimeGenerated >= ago(1d)\n   | where OperationNameValue != \"Microsoft.Storage/storageAccounts/listKeys/action\"\n   | where isnotempty(OperationName)\n    // Change the timekey scope below to get activity for a longer window \n   | summarize make_set(OperationName) by Caller, timekey=bin(TimeGenerated, 1h)) on Caller, timekey\n   | extend timestamp = timekey, AccountCustomEntity = Caller\n",
                        "version": 2,
                        "tags": [
                          {
                            "name": "description",
                            "value": "This query look for users starting an Azure CloudShell session and summarizes the Azure Activity from that\nuser account during that timeframe (by default 1 hour). This can be used to help identify abuse of the CloudShell\nto modify Azure resources."
                          },
                          {
                            "name": "techniques",
                            "value": ""
                          },
                          {
                            "name": "tactics",
                            "value": "Execution"
                          }
                        ]
                      }
                    },
                    {
                      "type": "Microsoft.OperationalInsights/workspaces/providers/metadata",
                      "apiVersion": "2021-03-01-preview",
                      "name": "[concat(parameters('workspace'),'/Microsoft.SecurityInsights/',concat('huntingQuery-', '42831fb3-f61d-41e9-95d9-f08797479a0e'))]",
                      "properties": {
                        "description": "This query look for users starting an Azure CloudShell session and summarizes the Azure Activity from that\nuser account during that timeframe (by default 1 hour). This can be used to help identify abuse of the CloudShell\nto modify Azure resources.",
                        "version": "1.0.0",
                        "author": {
                          "name": "Pete Bryan"
                        },
                        "support": {
                          "tier": "Community",
                          "name": "Community",
                          "link": "https://github.com/Azure/Azure-Sentinel/issues"
                        },
                        "source": {
                          "kind": "Community",
                          "name": "Standalone"
                        },
                        "threatAnalysisTactics": [
                          "Execution"
                        ],
                        "threatAnalyticsTechniques": [
                          "T1059"
                        ],
                        "contentId": "42831fb3-f61d-41e9-95d9-f08797479a0e",
                        "parentId": "42831fb3-f61d-41e9-95d9-f08797479a0e",
                        "kind": "HuntingQuery",
                        "dependencies": {
                          "operator": "AND",
                          "criteria": [
                            {
                              "contentId": "AuditLogs",
                              "kind": "DataType"
                            }
                          ]
                        }
                      }
                    }
                  ]
                }
              }
            }
          ]
        },
        "author": {
          "name": "Pete Bryan"
        },
        "categories": {
          "domains": [
            "Security - Other"
          ]
        },
        "dependencies": {
          "operator": "AND",
          "criteria": [
            {
              "contentId": "42831fb3-f61d-41e9-95d9-f08797479a0e",
              "kind": "HuntingQuery"
            }
          ]
        },
        "description": "This query look for users starting an Azure CloudShell session and summarizes the Azure Activity from that\nuser account during that timeframe (by default 1 hour). This can be used to help identify abuse of the CloudShell\nto modify Azure resources.",
        "displayName": "Azure CloudShell Usage",
        "packageId": "42831fb3-f61d-41e9-95d9-f08797479a0e",
        "source": {
          "kind": "Community",
          "name": "Standalone"
        },
        "support": {
          "tier": "Community",
          "name": "Community",
          "link": "https://github.com/Azure/Azure-Sentinel/issues"
        },
        "threatAnalysisTactics": [
          "Execution"
        ],
        "threatAnalyticsTechniques": [
          "T1059"
        ],
        "version": "1.0.0"
      },
      "name": "42831fb3-f61d-41e9-95d9-f08797479a0e"
    }
  ]
}