{
  "$schema": "https://schema.management.azure.com/schemas/2019-04-01/deploymentTemplate.json#",
  "contentVersion": "1.0.0.0",
  "parameters": {
    "location": {
      "type": "string",
      "minLength": 1,
      "defaultValue": "[resourceGroup().location]",
      "metadata": {
        "description": "Not used, but needed to pass arm-ttk test `Location-Should-Not-Be-Hardcoded`.  We instead use the `workspace-location` which is derived from the LA workspace"
      }
    },
    "workspace-location": {
      "type": "string",
      "defaultValue": "",
      "metadata": {
        "description": "[concat('Region to deploy solution resources -- separate from location selection',parameters('location'))]"
      }
    },
    "workspace": {
      "defaultValue": "",
      "type": "string",
      "metadata": {
        "description": "Workspace name for Log Analytics where Microsoft Sentinel is setup"
      }
    }
  },
  "variables": {},
  "resources": [
    {
      "type": "Microsoft.OperationalInsights/workspaces/providers/packages",
      "location": "[parameters('workspace-location')]",
      "apiVersion": "2022-08-01",
      "properties": {
        "packageKind": "Standalone",
        "packageItems": {
          "resources": [
            {
              "type": "Microsoft.OperationalInsights/workspaces/providers/contentTemplates",
              "name": "[concat(parameters('workspace'),'/Microsoft.SecurityInsights/', '0b520385-6a16-4e6f-ba89-c320d857695f')]",
              "location": "[parameters('workspace-location')]",
              "kind": "shared",
              "apiVersion": "2022-08-01",
              "properties": {
                "contentId": "0b520385-6a16-4e6f-ba89-c320d857695f",
                "displayName": "Alerts related to IP",
                "contentKind": "HuntingQuery",
                "mainTemplate": {
                  "$schema": "https://schema.management.azure.com/schemas/2019-04-01/deploymentTemplate.json#",
                  "contentVersion": "1.0.0",
                  "resources": [
                    {
                      "type": "Microsoft.OperationalInsights/savedSearches",
                      "apiVersion": "2020-08-01",
                      "name": "0b520385-6a16-4e6f-ba89-c320d857695f",
                      "location": "[parameters('workspace-location')]",
                      "properties": {
                        "eTag": "*",
                        "displayName": "Alerts related to IP",
                        "category": "Hunting Queries",
                        "query": "\nlet GetAllAlertsWithIp = (suspiciousEventTime:datetime, v_ipAddress:string){\n//-3d and +6h as some alerts fire after accumulation of events\nlet v_StartTime = suspiciousEventTime-3d;\nlet v_EndTime = suspiciousEventTime+6h;\nSecurityAlert\n| where TimeGenerated between (v_StartTime .. v_EndTime)\n// expand JSON properties\n| extend Extprop = parse_json(Entities)\n| mv-expand Extprop\n| extend Extprop = parse_json(Extprop)\n| extend IpAddress = iff(Extprop[\"Type\"] == \"ip\",Extprop['Address'], '')\n| where IpAddress == v_ipAddress\n| extend Account = Extprop['Name']\n| extend Domain = Extprop['UPNSuffix']\n| extend Account = iif(isnotempty(Domain) and Extprop['Type']==\"account\", tolower(strcat(Account, \"@\", Domain)), iif(Extprop['Type']==\"account\", tolower(Account), \"\"))\n| extend Computer = iff(Extprop['Type']==\"host\", Extprop['HostName'], '')\n| project StartTimeUtc = StartTime, EndTimeUtc = EndTime, AlertName, Computer, Account, IpAddress, ExtendedProperties, Entities\n| extend timestamp = StartTimeUtc, AccountCustomEntity = Account, HostCustomEntity = Computer, IPCustomEntity = IpAddress\n};\n// change datetime value and <ipaddress> value below\nGetAllAlertsWithIp(datetime('2019-02-05T10:02:51.000'), (\"<ipaddress>\"))\n",
                        "version": 2,
                        "tags": [
                          {
                            "name": "description",
                            "value": "Any Alerts that fired related to a given IpAddress during the range of +6h and -3d"
                          },
                          {
                            "name": "tactics",
                            "value": "Persistence,Discovery,LateralMovement,Collection"
                          }
                        ]
                      }
                    },
                    {
                      "type": "Microsoft.OperationalInsights/workspaces/providers/metadata",
                      "apiVersion": "2021-03-01-preview",
                      "name": "[concat(parameters('workspace'),'/Microsoft.SecurityInsights/',concat('huntingQuery-', '0b520385-6a16-4e6f-ba89-c320d857695f'))]",
                      "properties": {
                        "description": "Any Alerts that fired related to a given IpAddress during the range of +6h and -3d",
                        "version": "1.0.0",
                        "author": {
                          "name": "Shain"
                        },
                        "support": {
                          "tier": "Community",
                          "name": "Community",
                          "link": "https://github.com/Azure/Azure-Sentinel/issues"
                        },
                        "source": {
                          "kind": "Community",
                          "name": "Standalone"
                        },
                        "threatAnalysisTactics": [
                          "Persistence",
                          "Discovery",
                          "LateralMovement",
                          "Collection"
                        ],
                        "contentId": "0b520385-6a16-4e6f-ba89-c320d857695f",
                        "parentId": "0b520385-6a16-4e6f-ba89-c320d857695f",
                        "kind": "HuntingQuery",
                        "dependencies": {
                          "operator": "AND",
                          "criteria": [
                            {
                              "contentId": "SecurityAlert",
                              "kind": "DataType"
                            },
                            {
                              "contentId": "SecurityAlert",
                              "kind": "DataType"
                            }
                          ]
                        }
                      }
                    }
                  ]
                }
              }
            }
          ]
        },
        "author": {
          "name": "Shain"
        },
        "categories": {
          "domains": [
            "Security - Other"
          ]
        },
        "dependencies": {
          "operator": "AND",
          "criteria": [
            {
              "contentId": "0b520385-6a16-4e6f-ba89-c320d857695f",
              "kind": "HuntingQuery"
            }
          ]
        },
        "description": "Any Alerts that fired related to a given IpAddress during the range of +6h and -3d",
        "displayName": "Alerts related to IP",
        "packageId": "0b520385-6a16-4e6f-ba89-c320d857695f",
        "source": {
          "kind": "Community",
          "name": "Standalone"
        },
        "support": {
          "tier": "Community",
          "name": "Community",
          "link": "https://github.com/Azure/Azure-Sentinel/issues"
        },
        "threatAnalysisTactics": [
          "Persistence",
          "Discovery",
          "LateralMovement",
          "Collection"
        ],
        "version": "1.0.0"
      },
      "name": "0b520385-6a16-4e6f-ba89-c320d857695f"
    }
  ]
}