{
  "$schema": "https://schema.management.azure.com/schemas/2019-04-01/deploymentTemplate.json#",
  "contentVersion": "1.0.0.0",
  "parameters": {
    "location": {
      "type": "string",
      "minLength": 1,
      "defaultValue": "[resourceGroup().location]",
      "metadata": {
        "description": "Not used, but needed to pass arm-ttk test `Location-Should-Not-Be-Hardcoded`.  We instead use the `workspace-location` which is derived from the LA workspace"
      }
    },
    "workspace-location": {
      "type": "string",
      "defaultValue": "",
      "metadata": {
        "description": "[concat('Region to deploy solution resources -- separate from location selection',parameters('location'))]"
      }
    },
    "workspace": {
      "defaultValue": "",
      "type": "string",
      "metadata": {
        "description": "Workspace name for Log Analytics where Microsoft Sentinel is setup"
      }
    }
  },
  "variables": {},
  "resources": [
    {
      "type": "Microsoft.OperationalInsights/workspaces/providers/packages",
      "location": "[parameters('workspace-location')]",
      "apiVersion": "2022-08-01",
      "properties": {
        "packageKind": "Standalone",
        "packageItems": {
          "resources": [
            {
              "type": "Microsoft.OperationalInsights/workspaces/providers/contentTemplates",
              "name": "[concat(parameters('workspace'),'/Microsoft.SecurityInsights/', 'dde206fc-3f0b-4175-bb5d-42d2aae9d4c9')]",
              "location": "[parameters('workspace-location')]",
              "kind": "shared",
              "apiVersion": "2022-08-01",
              "properties": {
                "contentId": "dde206fc-3f0b-4175-bb5d-42d2aae9d4c9",
                "displayName": "Cobalt Strike DNS Beaconing",
                "contentKind": "HuntingQuery",
                "mainTemplate": {
                  "$schema": "https://schema.management.azure.com/schemas/2019-04-01/deploymentTemplate.json#",
                  "contentVersion": "1.0.0",
                  "resources": [
                    {
                      "type": "Microsoft.OperationalInsights/savedSearches",
                      "apiVersion": "2020-08-01",
                      "name": "dde206fc-3f0b-4175-bb5d-42d2aae9d4c9",
                      "location": "[parameters('workspace-location')]",
                      "properties": {
                        "eTag": "*",
                        "displayName": "Cobalt Strike DNS Beaconing",
                        "category": "Hunting Queries",
                        "query": "\nlet badNames = dynamic([\"aaa.stage.\", \"post.1\"]);\n(union isfuzzy=true\n(DnsEvents \n| where Name has_any (badNames)\n| extend Domain = Name, SourceIp = ClientIP, RemoteIP = todynamic(IPAddresses)\n| mvexpand RemoteIP\n| extend RemoteIP = tostring(RemoteIP)),\n(VMConnection\n| where isnotempty(RemoteDnsCanonicalNames) \n| parse RemoteDnsCanonicalNames with * '[\"' DNSName '\"]' *\n| where DNSName has_any (badNames)\n| extend Domain = DNSName, RemoteIP = RemoteIp\n))\n| summarize StartTimeUtc = min(TimeGenerated), EndTimeUtc = max(TimeGenerated) by Domain, SourceIp, RemoteIP, Computer\n| extend timestamp = StartTimeUtc, HostCustomEntity = Computer, IPCustomEntity = RemoteIP\n",
                        "version": 2,
                        "tags": [
                          {
                            "name": "description",
                            "value": "Cobalt Strike is a famous Pen Test tool that is used by pen testers as well as attackers alike To compromise an environment. \nThe query tries to detect suspicious DNS queries known from Cobalt Strike beacons.\nThis is based out of sigma rules described here: https://github.com/Neo23x0/sigma/blob/master/rules/network/net_mal_dns_cobaltstrike.yml"
                          },
                          {
                            "name": "techniques",
                            "value": ""
                          },
                          {
                            "name": "tactics",
                            "value": "CommandAndControl"
                          }
                        ]
                      }
                    },
                    {
                      "type": "Microsoft.OperationalInsights/workspaces/providers/metadata",
                      "apiVersion": "2021-03-01-preview",
                      "name": "[concat(parameters('workspace'),'/Microsoft.SecurityInsights/',concat('huntingQuery-', 'dde206fc-3f0b-4175-bb5d-42d2aae9d4c9'))]",
                      "properties": {
                        "description": "Cobalt Strike is a famous Pen Test tool that is used by pen testers as well as attackers alike To compromise an environment. \nThe query tries to detect suspicious DNS queries known from Cobalt Strike beacons.\nThis is based out of sigma rules described here: https://github.com/Neo23x0/sigma/blob/master/rules/network/net_mal_dns_cobaltstrike.yml",
                        "version": "1.0.0",
                        "author": {
                          "name": "Shain"
                        },
                        "support": {
                          "tier": "Community",
                          "name": "Community",
                          "link": "https://github.com/Azure/Azure-Sentinel/issues"
                        },
                        "source": {
                          "kind": "Community",
                          "name": "Standalone"
                        },
                        "threatAnalysisTactics": [
                          "CommandAndControl"
                        ],
                        "threatAnalyticsTechniques": [
                          "T1568",
                          "T1008"
                        ],
                        "contentId": "dde206fc-3f0b-4175-bb5d-42d2aae9d4c9",
                        "parentId": "dde206fc-3f0b-4175-bb5d-42d2aae9d4c9",
                        "kind": "HuntingQuery",
                        "dependencies": {
                          "operator": "AND",
                          "criteria": [
                            {
                              "contentId": "DnsEvents",
                              "kind": "DataType"
                            },
                            {
                              "contentId": "VMConnection",
                              "kind": "DataType"
                            }
                          ]
                        }
                      }
                    }
                  ]
                }
              }
            }
          ]
        },
        "author": {
          "name": "Shain"
        },
        "categories": {
          "domains": [
            "Security - Threat Protection",
            "Security - Network"
          ]
        },
        "dependencies": {
          "operator": "AND",
          "criteria": [
            {
              "contentId": "dde206fc-3f0b-4175-bb5d-42d2aae9d4c9",
              "kind": "HuntingQuery"
            }
          ]
        },
        "description": "Cobalt Strike is a famous Pen Test tool that is used by pen testers as well as attackers alike To compromise an environment. \nThe query tries to detect suspicious DNS queries known from Cobalt Strike beacons.\nThis is based out of sigma rules described here: https://github.com/Neo23x0/sigma/blob/master/rules/network/net_mal_dns_cobaltstrike.yml",
        "displayName": "Cobalt Strike DNS Beaconing",
        "packageId": "dde206fc-3f0b-4175-bb5d-42d2aae9d4c9",
        "source": {
          "kind": "Community",
          "name": "Standalone"
        },
        "support": {
          "tier": "Community",
          "name": "Community",
          "link": "https://github.com/Azure/Azure-Sentinel/issues"
        },
        "threatAnalysisTactics": [
          "CommandAndControl"
        ],
        "threatAnalyticsTechniques": [
          "T1568",
          "T1008"
        ],
        "version": "1.0.0"
      },
      "name": "dde206fc-3f0b-4175-bb5d-42d2aae9d4c9"
    }
  ]
}