{
  "$schema": "https://schema.management.azure.com/schemas/2019-04-01/deploymentTemplate.json#",
  "contentVersion": "1.0.0.0",
  "parameters": {
    "location": {
      "type": "string",
      "minLength": 1,
      "defaultValue": "[resourceGroup().location]",
      "metadata": {
        "description": "Not used, but needed to pass arm-ttk test `Location-Should-Not-Be-Hardcoded`.  We instead use the `workspace-location` which is derived from the LA workspace"
      }
    },
    "workspace-location": {
      "type": "string",
      "defaultValue": "",
      "metadata": {
        "description": "[concat('Region to deploy solution resources -- separate from location selection',parameters('location'))]"
      }
    },
    "workspace": {
      "defaultValue": "",
      "type": "string",
      "metadata": {
        "description": "Workspace name for Log Analytics where Microsoft Sentinel is setup"
      }
    }
  },
  "variables": {},
  "resources": [
    {
      "type": "Microsoft.OperationalInsights/workspaces/providers/packages",
      "location": "[parameters('workspace-location')]",
      "apiVersion": "2022-08-01",
      "properties": {
        "packageKind": "Standalone",
        "packageItems": {
          "resources": [
            {
              "type": "Microsoft.OperationalInsights/workspaces/providers/contentTemplates",
              "name": "[concat(parameters('workspace'),'/Microsoft.SecurityInsights/', '86490334-5371-40a2-971a-3749c2654954')]",
              "location": "[parameters('workspace-location')]",
              "kind": "shared",
              "apiVersion": "2022-08-01",
              "properties": {
                "contentId": "86490334-5371-40a2-971a-3749c2654954",
                "displayName": "Signins From VPS Providers",
                "contentKind": "HuntingQuery",
                "mainTemplate": {
                  "$schema": "https://schema.management.azure.com/schemas/2019-04-01/deploymentTemplate.json#",
                  "contentVersion": "1.0.0",
                  "resources": [
                    {
                      "type": "Microsoft.OperationalInsights/savedSearches",
                      "apiVersion": "2020-08-01",
                      "name": "86490334-5371-40a2-971a-3749c2654954",
                      "location": "[parameters('workspace-location')]",
                      "properties": {
                        "eTag": "*",
                        "displayName": "Signins From VPS Providers",
                        "category": "Hunting Queries",
                        "query": "\nlet IP_Data = (externaldata(network:string)\n[@\"https://raw.githubusercontent.com/Azure/Azure-Sentinel/master/Sample%20Data/Feeds/VPS_Networks.csv\"] with (format=\"csv\"));\nSigninLogs\n| where ResultType == 0\n| extend additionalDetails = tostring(Status.additionalDetails)\n| evaluate ipv4_lookup(IP_Data, IPAddress, network, return_unmatched = false)\n| summarize make_set(additionalDetails), StartTime = min(TimeGenerated), EndTime = max(TimeGenerated) by IPAddress, UserPrincipalName\n// Uncomment the remaining lines to only see logons from VPS providers with token only logons.\n//| where array_length(set_additionalDetails) == 2\n//| where (set_additionalDetails[1] == \"MFA requirement satisfied by claim in the token\" and set_additionalDetails[0] == \"MFA requirement satisfied by claim provided by external provider\") or (set_additionalDetails[0] == \"MFA requirement satisfied by claim in the token\" and set_additionalDetails[1] == \"MFA requirement satisfied by claim provided by external provider\")\n| extend timestamp = StartTime, AccountCustomEntity = UserPrincipalName, IPCustomEntity = IPAddress\n",
                        "version": 2,
                        "tags": [
                          {
                            "name": "description",
                            "value": "Looks for successful logons from known VPS provider network ranges with suspicious token based logon patterns.\nThis is not an exhaustive list of VPS provider ranges but covers some of the most prevelent providers observed."
                          },
                          {
                            "name": "techniques",
                            "value": ""
                          },
                          {
                            "name": "tactics",
                            "value": "InitialAccess"
                          }
                        ]
                      }
                    },
                    {
                      "type": "Microsoft.OperationalInsights/workspaces/providers/metadata",
                      "apiVersion": "2021-03-01-preview",
                      "name": "[concat(parameters('workspace'),'/Microsoft.SecurityInsights/',concat('huntingQuery-', '86490334-5371-40a2-971a-3749c2654954'))]",
                      "properties": {
                        "description": "Looks for successful logons from known VPS provider network ranges with suspicious token based logon patterns.\nThis is not an exhaustive list of VPS provider ranges but covers some of the most prevelent providers observed.",
                        "version": "1.0.0",
                        "author": {
                          "name": "Pete Bryan"
                        },
                        "support": {
                          "tier": "Community",
                          "name": "Community",
                          "link": "https://github.com/Azure/Azure-Sentinel/issues"
                        },
                        "source": {
                          "kind": "Community",
                          "name": "Standalone"
                        },
                        "threatAnalysisTactics": [
                          "InitialAccess"
                        ],
                        "threatAnalyticsTechniques": [
                          "T1078"
                        ],
                        "contentId": "86490334-5371-40a2-971a-3749c2654954",
                        "parentId": "86490334-5371-40a2-971a-3749c2654954",
                        "kind": "HuntingQuery",
                        "dependencies": {
                          "operator": "AND",
                          "criteria": [
                            {
                              "contentId": "SigninLogs",
                              "kind": "DataType"
                            }
                          ]
                        }
                      }
                    }
                  ]
                }
              }
            }
          ]
        },
        "author": {
          "name": "Pete Bryan"
        },
        "categories": {
          "domains": [
            "Security - Other",
            "Identity"
          ]
        },
        "dependencies": {
          "operator": "AND",
          "criteria": [
            {
              "contentId": "86490334-5371-40a2-971a-3749c2654954",
              "kind": "HuntingQuery"
            }
          ]
        },
        "description": "Looks for successful logons from known VPS provider network ranges with suspicious token based logon patterns.\nThis is not an exhaustive list of VPS provider ranges but covers some of the most prevelent providers observed.",
        "displayName": "Signins From VPS Providers",
        "packageId": "86490334-5371-40a2-971a-3749c2654954",
        "source": {
          "kind": "Community",
          "name": "Standalone"
        },
        "support": {
          "tier": "Community",
          "name": "Community",
          "link": "https://github.com/Azure/Azure-Sentinel/issues"
        },
        "threatAnalysisTactics": [
          "InitialAccess"
        ],
        "threatAnalyticsTechniques": [
          "T1078"
        ],
        "version": "1.0.0"
      },
      "name": "86490334-5371-40a2-971a-3749c2654954"
    }
  ]
}