{
  "$schema": "https://schema.management.azure.com/schemas/2019-04-01/deploymentTemplate.json#",
  "contentVersion": "1.0.0.0",
  "parameters": {
    "location": {
      "type": "string",
      "minLength": 1,
      "defaultValue": "[resourceGroup().location]",
      "metadata": {
        "description": "Not used, but needed to pass arm-ttk test `Location-Should-Not-Be-Hardcoded`.  We instead use the `workspace-location` which is derived from the LA workspace"
      }
    },
    "workspace-location": {
      "type": "string",
      "defaultValue": "",
      "metadata": {
        "description": "[concat('Region to deploy solution resources -- separate from location selection',parameters('location'))]"
      }
    },
    "workspace": {
      "defaultValue": "",
      "type": "string",
      "metadata": {
        "description": "Workspace name for Log Analytics where Microsoft Sentinel is setup"
      }
    }
  },
  "variables": {},
  "resources": [
    {
      "type": "Microsoft.OperationalInsights/workspaces/providers/packages",
      "location": "[parameters('workspace-location')]",
      "apiVersion": "2022-08-01",
      "properties": {
        "packageKind": "Standalone",
        "packageItems": {
          "resources": [
            {
              "type": "Microsoft.OperationalInsights/workspaces/providers/contentTemplates",
              "name": "[concat(parameters('workspace'),'/Microsoft.SecurityInsights/', 'b6baa3bb-a231-4e50-8ad1-4e28a958a0d3')]",
              "location": "[parameters('workspace-location')]",
              "kind": "shared",
              "apiVersion": "2022-08-01",
              "properties": {
                "contentId": "b6baa3bb-a231-4e50-8ad1-4e28a958a0d3",
                "displayName": "User Granted Access and created resources",
                "contentKind": "HuntingQuery",
                "mainTemplate": {
                  "$schema": "https://schema.management.azure.com/schemas/2019-04-01/deploymentTemplate.json#",
                  "contentVersion": "1.0.0",
                  "resources": [
                    {
                      "type": "Microsoft.OperationalInsights/savedSearches",
                      "apiVersion": "2020-08-01",
                      "name": "b6baa3bb-a231-4e50-8ad1-4e28a958a0d3",
                      "location": "[parameters('workspace-location')]",
                      "properties": {
                        "eTag": "*",
                        "displayName": "User Granted Access and created resources",
                        "category": "Hunting Queries",
                        "query": "\nlet starttime = todatetime('{{StartTimeISO}}');\nlet endtime = todatetime('{{EndTimeISO}}');\nlet auditLookback = starttime-14d;\nlet opName = dynamic([\"Add user\", \"Invite external user\"]);\n// Helper function to extract relevant fields from AuditLog events\nlet auditLogEvents = view (startTimeSpan:timespan, operation:dynamic)  {\n    AuditLogs | where TimeGenerated >= auditLookback\n    | where OperationName in~ (operation)\n    | extend ModProps = iff(TargetResources.[0].modifiedProperties != \"[]\", TargetResources.[0].modifiedProperties, todynamic(\"NoValues\"))\n    | extend IpAddress = iff(isnotempty(tostring(parse_json(tostring(InitiatedBy.user)).ipAddress)),\n    tostring(parse_json(tostring(InitiatedBy.user)).ipAddress), tostring(parse_json(tostring(InitiatedBy.app)).ipAddress))\n    | extend InitiatedByFull = iff(isnotempty(tostring(parse_json(tostring(InitiatedBy.user)).userPrincipalName)),\n    tostring(parse_json(tostring(InitiatedBy.user)).userPrincipalName), tostring(parse_json(tostring(InitiatedBy.app)).displayName))\n    | extend InitiatedBy = replace(\"_\",\"@\",tostring(split(InitiatedByFull, \"#\")[0]))\n    | extend TargetUserPrincipalName = tostring(TargetResources[0].userPrincipalName)\n    | extend TargetUserName = replace(\"_\",\"@\",tostring(split(TargetUserPrincipalName, \"#\")[0]))\n    | extend TargetResourceName = case(\n    isempty(tostring(TargetResources.[0].displayName)), TargetUserPrincipalName,\n    isnotempty(tostring(TargetResources.[0].displayName)) and tostring(TargetResources.[0].displayName) startswith \"upn:\", tolower(tostring(TargetResources.[0].displayName)),\n    tolower(tostring(TargetResources.[0].displayName))\n    )\n    | extend TargetUserName = replace(\"_\",\"@\",tostring(split(TargetUserPrincipalName, \"#\")[0]))\n    | extend TargetUserName = iff(isempty(TargetUserName), tostring(split(split(TargetResourceName, \",\")[0], \" \")[1]), TargetUserName )\n    | mvexpand ModProps\n    | extend PropertyName = tostring(ModProps.displayName), newValue = replace(\"\\\"\",\"\",tostring(ModProps.newValue));\n};\nlet UserAdd = auditLogEvents(auditLookback, opName)\n| project Action = \"User Added\", TimeGenerated, Type, InitiatedBy_Caller = InitiatedBy, IpAddress, TargetUserName = tolower(TargetUserName), OperationName, PropertyName_ResourceId = PropertyName, Value = newValue;\n// Get the simple list of creatd users so we can use later to get just the associated resource creation events\nlet SimpleUserList = UserAdd | project TimeGenerated, TargetUserName;\nlet ResourceCreation = AzureActivity\n| where TimeGenerated >= auditLookback\n// We look for any Operation that created and then succeeded where ActivityStatus has a value so that we can provide context\n| where OperationName has \"Create\"\n| where ActivityStatus has \"Succeeded\"\n| project Action = \"Resource Created\", ResourceCreationTimeGenerated = TimeGenerated, Type, InitiatedBy_Caller = tolower(Caller), IpAddress = CallerIpAddress, OperationName, Value = OperationNameValue, PropertyName_ResourceId = ResourceId;\n// Get just the Resources added by the new user\nlet ResourceMatch = SimpleUserList | join kind= innerunique (\n   ResourceCreation\n) on $left.TargetUserName == $right.InitiatedBy_Caller\n// where the resource creation is after (greater than) the user addition\n| where TimeGenerated < ResourceCreationTimeGenerated\n| project-away TimeGenerated\n| project-rename TimeGenerated = ResourceCreationTimeGenerated\n;\nlet SimpleResourceMatch = ResourceMatch | project InitiatedBy_Caller;\n// Get only resource add, remove, change by the new user\nlet UserAddWithResource = SimpleResourceMatch | join kind= rightsemi (\n   UserAdd\n) on $left.InitiatedBy_Caller == $right.TargetUserName;\n// union the user addition events and resource addition events and provide common column names, additionally pack the value, property and resource info to reduce result set.\nUserAddWithResource\n| union isfuzzy=true(ResourceMatch\n| extend PropertySet = pack(\"Value\", Value, \"PropertyName_ResourceId\", PropertyName_ResourceId)\n| summarize StartTimeUtc = min(TimeGenerated), EndTimeUtc = max(TimeGenerated), makeset(PropertySet)  by Action, Type, TargetUserName, InitiatedBy_Caller, IpAddress, OperationName\n| order by StartTimeUtc asc)\n| extend timestamp = StartTimeUtc, AccountCustomEntity = TargetUserName, IPCustomEntity = IpAddress\n",
                        "version": 2,
                        "tags": [
                          {
                            "name": "description",
                            "value": "Identifies when a new user is granted access and starts creating resources in Azure.  This can help you identify rogue or malicious user behavior."
                          },
                          {
                            "name": "techniques",
                            "value": ""
                          },
                          {
                            "name": "tactics",
                            "value": "Persistence,PrivilegeEscalation,Impact"
                          }
                        ]
                      }
                    },
                    {
                      "type": "Microsoft.OperationalInsights/workspaces/providers/metadata",
                      "apiVersion": "2021-03-01-preview",
                      "name": "[concat(parameters('workspace'),'/Microsoft.SecurityInsights/',concat('huntingQuery-', 'b6baa3bb-a231-4e50-8ad1-4e28a958a0d3'))]",
                      "properties": {
                        "description": "Identifies when a new user is granted access and starts creating resources in Azure.  This can help you identify rogue or malicious user behavior.",
                        "version": "1.0.0",
                        "author": {
                          "name": "Shain"
                        },
                        "support": {
                          "tier": "Community",
                          "name": "Community",
                          "link": "https://github.com/Azure/Azure-Sentinel/issues"
                        },
                        "source": {
                          "kind": "Community",
                          "name": "Standalone"
                        },
                        "threatAnalysisTactics": [
                          "Persistence",
                          "PrivilegeEscalation",
                          "Impact"
                        ],
                        "threatAnalyticsTechniques": [
                          "T1098",
                          "T1078",
                          "T1496"
                        ],
                        "contentId": "b6baa3bb-a231-4e50-8ad1-4e28a958a0d3",
                        "parentId": "b6baa3bb-a231-4e50-8ad1-4e28a958a0d3",
                        "kind": "HuntingQuery",
                        "dependencies": {
                          "operator": "AND",
                          "criteria": [
                            {
                              "contentId": "AuditLogs",
                              "kind": "DataType"
                            },
                            {
                              "contentId": "AzureActivity",
                              "kind": "DataType"
                            }
                          ]
                        }
                      }
                    }
                  ]
                }
              }
            }
          ]
        },
        "author": {
          "name": "Shain"
        },
        "categories": {
          "domains": [
            "Security - Threat Protection",
            "Cloud Provider"
          ]
        },
        "dependencies": {
          "operator": "AND",
          "criteria": [
            {
              "contentId": "b6baa3bb-a231-4e50-8ad1-4e28a958a0d3",
              "kind": "HuntingQuery"
            }
          ]
        },
        "description": "Identifies when a new user is granted access and starts creating resources in Azure.  This can help you identify rogue or malicious user behavior.",
        "displayName": "User Granted Access and created resources",
        "packageId": "b6baa3bb-a231-4e50-8ad1-4e28a958a0d3",
        "source": {
          "kind": "Community",
          "name": "Standalone"
        },
        "support": {
          "tier": "Community",
          "name": "Community",
          "link": "https://github.com/Azure/Azure-Sentinel/issues"
        },
        "threatAnalysisTactics": [
          "Persistence",
          "PrivilegeEscalation",
          "Impact"
        ],
        "threatAnalyticsTechniques": [
          "T1098",
          "T1078",
          "T1496"
        ],
        "version": "1.0.0"
      },
      "name": "b6baa3bb-a231-4e50-8ad1-4e28a958a0d3"
    }
  ]
}