{
  "$schema": "https://schema.management.azure.com/schemas/2019-04-01/deploymentTemplate.json#",
  "contentVersion": "1.0.0.0",
  "parameters": {
    "location": {
      "type": "string",
      "minLength": 1,
      "defaultValue": "[resourceGroup().location]",
      "metadata": {
        "description": "Not used, but needed to pass arm-ttk test `Location-Should-Not-Be-Hardcoded`.  We instead use the `workspace-location` which is derived from the LA workspace"
      }
    },
    "workspace-location": {
      "type": "string",
      "defaultValue": "",
      "metadata": {
        "description": "[concat('Region to deploy solution resources -- separate from location selection',parameters('location'))]"
      }
    },
    "workspace": {
      "defaultValue": "",
      "type": "string",
      "metadata": {
        "description": "Workspace name for Log Analytics where Microsoft Sentinel is setup"
      }
    }
  },
  "variables": {},
  "resources": [
    {
      "type": "Microsoft.OperationalInsights/workspaces/providers/packages",
      "location": "[parameters('workspace-location')]",
      "apiVersion": "2022-08-01",
      "properties": {
        "packageKind": "Standalone",
        "packageItems": {
          "resources": [
            {
              "type": "Microsoft.OperationalInsights/workspaces/providers/contentTemplates",
              "name": "[concat(parameters('workspace'),'/Microsoft.SecurityInsights/', '66fb97d1-55c3-4268-ac22-b9742d0fdccc')]",
              "location": "[parameters('workspace-location')]",
              "kind": "shared",
              "apiVersion": "2022-08-01",
              "properties": {
                "contentId": "66fb97d1-55c3-4268-ac22-b9742d0fdccc",
                "displayName": "Rare domains seen in Cloud Logs",
                "contentKind": "HuntingQuery",
                "mainTemplate": {
                  "$schema": "https://schema.management.azure.com/schemas/2019-04-01/deploymentTemplate.json#",
                  "contentVersion": "1.0.0",
                  "resources": [
                    {
                      "type": "Microsoft.OperationalInsights/savedSearches",
                      "apiVersion": "2020-08-01",
                      "name": "66fb97d1-55c3-4268-ac22-b9742d0fdccc",
                      "location": "[parameters('workspace-location')]",
                      "properties": {
                        "eTag": "*",
                        "displayName": "Rare domains seen in Cloud Logs",
                        "category": "Hunting Queries",
                        "query": "\n// Provide customLimit value with default above domainLimit value so it will not block unless changed\nlet customLimit = 11;\nlet domainLimit = 10;\nlet domainLookback = union isfuzzy=true\n(AuditLogs\n| extend UserPrincipalName = tolower(tostring(TargetResources.[0].userPrincipalName))\n// parse out AuditLog values for various locations where UPN could be\n| extend UserPrincipalName = iff(isnotempty(UserPrincipalName),\nUserPrincipalName, \niif((tostring(InitiatedBy.user.userPrincipalName)=='unknown'), \nextract(\"Email: ([a-zA-Z0-9_.+-]+@[a-zA-Z0-9-]+\\\\.[a-zA-Z0-9-.]+)\", 1, tostring(parse_json(TargetResources)[0].displayName)), \nInitiatedBy.user.userPrincipalName))\n| where UserPrincipalName has \"@\" or UserPrincipalName startswith \"NT AUTHORITY\"\n| extend RareDomain = toupper(tostring(split(UserPrincipalName, \"@\")[-1]))\n| where isnotempty(RareDomain) \n| summarize RareDomainCount = count() by Type, RareDomain\n| where RareDomainCount <= domainLimit\n| extend AccountCustomEntity = UserPrincipalName\n// remove comment from below if you would like to have a lower limit for RareDomainCount specific to AuditLog\n//| where RareDomainCount <= customLimit\n),\n(OfficeActivity\n| extend UserPrincipalName = tolower(UserId)\n| where UserPrincipalName has \"@\" or UserPrincipalName startswith \"NT AUTHORITY\"\n| extend RareDomain = toupper(tostring(split(UserPrincipalName, \"@\")[-1]))\n| summarize RareDomainCount = count() by Type, RareDomain\n| where RareDomainCount <= domainLimit\n| extend AccountCustomEntity = UserPrincipalName\n// remove comment from below if you would like to have a lower limit for RareDomainCount specific to OfficeActivity\n//| where RareDomainCount <= customLimit\n),\n(SigninLogs\n| where UserPrincipalName has \"@\" or UserPrincipalName startswith \"NT AUTHORITY\"\n| extend RareDomain = toupper(tostring(split(UserPrincipalName, \"@\")[-1]))\n| summarize RareDomainCount = count() by Type, RareDomain\n| where RareDomainCount <= domainLimit\n// remove comment from below if you would like to have a lower limit for RareDomainCount specific to SigninLogs\n//| where RareDomainCount <= customLimit\n);\nlet AuditLogsRef = domainLookback | join (\n   AuditLogs\n   | extend UserPrincipalName = tolower(tostring(TargetResources.[0].userPrincipalName))\n   | extend UserPrincipalName = iff(isempty(UserPrincipalName), tostring(InitiatedBy.user.userPrincipalName), UserPrincipalName)\n   | extend RareDomain = toupper(tostring(split(UserPrincipalName, \"@\")[-1]))\n   | where isnotempty(RareDomain) \n   | summarize UPNRefCount = count() by TimeGenerated, Type, RareDomain, UserPrincipalName, OperationName, Category, Result\n   | extend AccountCustomEntity = UserPrincipalName\n) on Type, RareDomain;\nlet OfficeActivityRef = domainLookback | join (\n    OfficeActivity\n    | extend UserPrincipalName = tolower(UserId)\n    | where UserPrincipalName has \"@\" or UserPrincipalName startswith \"NT AUTHORITY\"\n    | extend RareDomain = toupper(tostring(split(UserPrincipalName, \"@\")[-1]))\n    | summarize UPNRefCount = count() by TimeGenerated, Type, RareDomain, UserPrincipalName, OperationName = Operation, Category = OfficeWorkload, Result = ResultStatus\n    | extend AccountCustomEntity = UserPrincipalName\n) on Type, RareDomain;\nlet SigninLogsRef = domainLookback | join (\n    SigninLogs\n    | extend UserPrincipalName = tolower(UserId)\n    | where UserPrincipalName has \"@\" or UserPrincipalName startswith \"NT AUTHORITY\"\n    | extend RareDomain = toupper(tostring(split(UserPrincipalName, \"@\")[-1]))\n    | summarize UPNRefCount = count() by TimeGenerated, Type, RareDomain, UserPrincipalName, OperationName, Category = AppDisplayName, Result = ResultType\n    | extend AccountCustomEntity = UserPrincipalName\n) on Type, RareDomain;\nlet Results = union isfuzzy=true\nAuditLogsRef,OfficeActivityRef,SigninLogsRef;\nResults | project TimeGenerated, Type, RareDomain, UserPrincipalName, OperationName, Category, Result, UPNRefCount \n| order by TimeGenerated asc \n| extend timestamp = TimeGenerated, AccountCustomEntity = UserPrincipalName\n",
                        "version": 2,
                        "tags": [
                          {
                            "name": "description",
                            "value": "This will identify rare domain accounts accessing or attempting to access cloud resources by examining the AuditLogs, OfficeActivity and SigninLogs\nRare does not mean malicious, but it may be something you would be interested in investigating further\nAdditionally, it is possible that there may be many domains if you have allowed access by 3rd party domain accounts.\nLower the domainLimit value as needed.  For example, if you only want to see domains that have an access attempt count of 2 or less,\nthen set domainLimit = 2 below.  If you need to set it lower only for a given log, then use customLimit in the same way and uncomment \nthat line in the script."
                          },
                          {
                            "name": "techniques",
                            "value": ""
                          },
                          {
                            "name": "tactics",
                            "value": "InitialAccess,Discovery,Collection"
                          }
                        ]
                      }
                    },
                    {
                      "type": "Microsoft.OperationalInsights/workspaces/providers/metadata",
                      "apiVersion": "2021-03-01-preview",
                      "name": "[concat(parameters('workspace'),'/Microsoft.SecurityInsights/',concat('huntingQuery-', '66fb97d1-55c3-4268-ac22-b9742d0fdccc'))]",
                      "properties": {
                        "description": "This will identify rare domain accounts accessing or attempting to access cloud resources by examining the AuditLogs, OfficeActivity and SigninLogs\nRare does not mean malicious, but it may be something you would be interested in investigating further\nAdditionally, it is possible that there may be many domains if you have allowed access by 3rd party domain accounts.\nLower the domainLimit value as needed.  For example, if you only want to see domains that have an access attempt count of 2 or less,\nthen set domainLimit = 2 below.  If you need to set it lower only for a given log, then use customLimit in the same way and uncomment \nthat line in the script.",
                        "version": "1.0.0",
                        "author": {
                          "name": "Shain"
                        },
                        "support": {
                          "tier": "Community",
                          "name": "Community",
                          "link": "https://github.com/Azure/Azure-Sentinel/issues"
                        },
                        "source": {
                          "kind": "Community",
                          "name": "Standalone"
                        },
                        "threatAnalysisTactics": [
                          "InitialAccess",
                          "Discovery",
                          "Collection"
                        ],
                        "threatAnalyticsTechniques": [
                          "T1190",
                          "T1087",
                          "T1114"
                        ],
                        "contentId": "66fb97d1-55c3-4268-ac22-b9742d0fdccc",
                        "parentId": "66fb97d1-55c3-4268-ac22-b9742d0fdccc",
                        "kind": "HuntingQuery",
                        "dependencies": {
                          "operator": "AND",
                          "criteria": [
                            {
                              "contentId": "SigninLogs",
                              "kind": "DataType"
                            },
                            {
                              "contentId": "AuditLogs",
                              "kind": "DataType"
                            },
                            {
                              "contentId": "OfficeActivity",
                              "kind": "DataType"
                            }
                          ]
                        }
                      }
                    }
                  ]
                }
              }
            }
          ]
        },
        "author": {
          "name": "Shain"
        },
        "categories": {
          "domains": [
            "Security - Other"
          ]
        },
        "dependencies": {
          "operator": "AND",
          "criteria": [
            {
              "contentId": "66fb97d1-55c3-4268-ac22-b9742d0fdccc",
              "kind": "HuntingQuery"
            }
          ]
        },
        "description": "This will identify rare domain accounts accessing or attempting to access cloud resources by examining the AuditLogs, OfficeActivity and SigninLogs\nRare does not mean malicious, but it may be something you would be interested in investigating further\nAdditionally, it is possible that there may be many domains if you have allowed access by 3rd party domain accounts.\nLower the domainLimit value as needed.  For example, if you only want to see domains that have an access attempt count of 2 or less,\nthen set domainLimit = 2 below.  If you need to set it lower only for a given log, then use customLimit in the same way and uncomment \nthat line in the script.",
        "displayName": "Rare domains seen in Cloud Logs",
        "packageId": "66fb97d1-55c3-4268-ac22-b9742d0fdccc",
        "source": {
          "kind": "Community",
          "name": "Standalone"
        },
        "support": {
          "tier": "Community",
          "name": "Community",
          "link": "https://github.com/Azure/Azure-Sentinel/issues"
        },
        "threatAnalysisTactics": [
          "InitialAccess",
          "Discovery",
          "Collection"
        ],
        "threatAnalyticsTechniques": [
          "T1190",
          "T1087",
          "T1114"
        ],
        "version": "1.0.0"
      },
      "name": "66fb97d1-55c3-4268-ac22-b9742d0fdccc"
    }
  ]
}