{
  "$schema": "https://schema.management.azure.com/schemas/2019-04-01/deploymentTemplate.json#",
  "contentVersion": "1.0.0.0",
  "parameters": {
    "location": {
      "type": "string",
      "minLength": 1,
      "defaultValue": "[resourceGroup().location]",
      "metadata": {
        "description": "Not used, but needed to pass arm-ttk test `Location-Should-Not-Be-Hardcoded`.  We instead use the `workspace-location` which is derived from the LA workspace"
      }
    },
    "workspace-location": {
      "type": "string",
      "defaultValue": "",
      "metadata": {
        "description": "[concat('Region to deploy solution resources -- separate from location selection',parameters('location'))]"
      }
    },
    "workspace": {
      "defaultValue": "",
      "type": "string",
      "metadata": {
        "description": "Workspace name for Log Analytics where Microsoft Sentinel is setup"
      }
    }
  },
  "variables": {},
  "resources": [
    {
      "type": "Microsoft.OperationalInsights/workspaces/providers/packages",
      "location": "[parameters('workspace-location')]",
      "apiVersion": "2022-08-01",
      "properties": {
        "packageKind": "Standalone",
        "packageItems": {
          "resources": [
            {
              "type": "Microsoft.OperationalInsights/workspaces/providers/contentTemplates",
              "name": "[concat(parameters('workspace'),'/Microsoft.SecurityInsights/', '7498594f-e3a7-4e02-9280-a07be9cfd38a')]",
              "location": "[parameters('workspace-location')]",
              "kind": "shared",
              "apiVersion": "2022-08-01",
              "properties": {
                "contentId": "7498594f-e3a7-4e02-9280-a07be9cfd38a",
                "displayName": "Dynamics 365 Activity After Azure AD Alerts",
                "contentKind": "HuntingQuery",
                "mainTemplate": {
                  "$schema": "https://schema.management.azure.com/schemas/2019-04-01/deploymentTemplate.json#",
                  "contentVersion": "1.0.0",
                  "resources": [
                    {
                      "type": "Microsoft.OperationalInsights/savedSearches",
                      "apiVersion": "2020-08-01",
                      "name": "7498594f-e3a7-4e02-9280-a07be9cfd38a",
                      "location": "[parameters('workspace-location')]",
                      "properties": {
                        "eTag": "*",
                        "displayName": "Dynamics 365 Activity After Azure AD Alerts",
                        "category": "Hunting Queries",
                        "query": "let match_window = 1h;\nlet analysis_window = 1d;\nlet lookback_window = 7d;\nSecurityAlert\n| where TimeGenerated > ago(analysis_window)\n| where ProviderName == 'IPC'\n| extend UserName = tostring(parse_json(ExtendedProperties).[\"User Account\"])\n| extend UserName = tolower(UserName)\n| extend TimeKey = bin(TimeGenerated, match_window)\n| join kind=inner(Dynamics365Activity\n| where TimeGenerated > ago(analysis_window)\n| extend UserName = tolower(UserId)\n| extend TimeKey = bin(TimeGenerated, match_window))\non UserName, TimeKey\n| join kind=leftanti(Dynamics365Activity\n| where TimeGenerated between(ago(lookback_window)..ago(analysis_window))\n| extend UserName = tolower(UserId))\non UserName, OriginalObjectId\n| summarize Actions = make_set(OriginalObjectId), MostRecentAction = max(TimeGenerated1), IPs = make_set(split(tostring(ClientIP), ':')[0]), AADAlerts=make_set(Description), MostRecentAlert = max(TimeGenerated) by UserName\n| extend timestamp = MostRecentAction, AccountCustomEntity = UserName\n",
                        "version": 2,
                        "tags": [
                          {
                            "name": "description",
                            "value": "This hunting query looks for users conducting Dynamics 365 activity shortly after Azn Azure AD Identity Protection alert for that user. The query only looks for users not seen before or conducting Dynamics activity not previously seen."
                          },
                          {
                            "name": "techniques",
                            "value": ""
                          },
                          {
                            "name": "tactics",
                            "value": "InitialAccess"
                          }
                        ]
                      }
                    },
                    {
                      "type": "Microsoft.OperationalInsights/workspaces/providers/metadata",
                      "apiVersion": "2021-03-01-preview",
                      "name": "[concat(parameters('workspace'),'/Microsoft.SecurityInsights/',concat('huntingQuery-', '7498594f-e3a7-4e02-9280-a07be9cfd38a'))]",
                      "properties": {
                        "description": "This hunting query looks for users conducting Dynamics 365 activity shortly after Azn Azure AD Identity Protection alert for that user. The query only looks for users not seen before or conducting Dynamics activity not previously seen.",
                        "version": "1.0.0",
                        "author": {
                          "name": "Microsoft"
                        },
                        "support": {
                          "tier": "Microsoft",
                          "name": "Microsoft",
                          "email": "support@microsoft.com",
                          "link": "https://support.microsoft.com"
                        },
                        "source": {
                          "kind": "Community",
                          "name": "Standalone"
                        },
                        "threatAnalysisTactics": [
                          "InitialAccess"
                        ],
                        "threatAnalyticsTechniques": [
                          "T1078"
                        ],
                        "contentId": "7498594f-e3a7-4e02-9280-a07be9cfd38a",
                        "parentId": "7498594f-e3a7-4e02-9280-a07be9cfd38a",
                        "kind": "HuntingQuery",
                        "dependencies": {
                          "operator": "AND",
                          "criteria": [
                            {
                              "contentId": "Dynamics365Activity",
                              "kind": "DataType"
                            }
                          ]
                        }
                      }
                    }
                  ]
                }
              }
            }
          ]
        },
        "author": {
          "name": "Microsoft"
        },
        "categories": {
          "domains": [
            "Cloud Provider",
            "IT Operations",
            "Storage"
          ]
        },
        "dependencies": {
          "operator": "AND",
          "criteria": [
            {
              "contentId": "7498594f-e3a7-4e02-9280-a07be9cfd38a",
              "kind": "HuntingQuery"
            }
          ]
        },
        "description": "This hunting query looks for users conducting Dynamics 365 activity shortly after Azn Azure AD Identity Protection alert for that user. The query only looks for users not seen before or conducting Dynamics activity not previously seen.",
        "displayName": "Dynamics 365 Activity After Azure AD Alerts",
        "packageId": "7498594f-e3a7-4e02-9280-a07be9cfd38a",
        "source": {
          "kind": "Community",
          "name": "Standalone"
        },
        "support": {
          "tier": "Microsoft",
          "name": "Microsoft",
          "email": "support@microsoft.com",
          "link": "https://support.microsoft.com"
        },
        "threatAnalysisTactics": [
          "InitialAccess"
        ],
        "threatAnalyticsTechniques": [
          "T1078"
        ],
        "version": "1.0.0"
      },
      "name": "7498594f-e3a7-4e02-9280-a07be9cfd38a"
    }
  ]
}