{
  "$schema": "https://schema.management.azure.com/schemas/2019-04-01/deploymentTemplate.json#",
  "contentVersion": "1.0.0.0",
  "parameters": {
    "location": {
      "type": "string",
      "minLength": 1,
      "defaultValue": "[resourceGroup().location]",
      "metadata": {
        "description": "Not used, but needed to pass arm-ttk test `Location-Should-Not-Be-Hardcoded`.  We instead use the `workspace-location` which is derived from the LA workspace"
      }
    },
    "workspace-location": {
      "type": "string",
      "defaultValue": "",
      "metadata": {
        "description": "[concat('Region to deploy solution resources -- separate from location selection',parameters('location'))]"
      }
    },
    "workspace": {
      "defaultValue": "",
      "type": "string",
      "metadata": {
        "description": "Workspace name for Log Analytics where Microsoft Sentinel is setup"
      }
    }
  },
  "variables": {},
  "resources": [
    {
      "type": "Microsoft.OperationalInsights/workspaces/providers/packages",
      "location": "[parameters('workspace-location')]",
      "apiVersion": "2022-08-01",
      "properties": {
        "packageKind": "Standalone",
        "packageItems": {
          "resources": [
            {
              "type": "Microsoft.OperationalInsights/workspaces/providers/contentTemplates",
              "name": "[concat(parameters('workspace'),'/Microsoft.SecurityInsights/', '33aa0e01-87e2-43ea-87f9-2f7e3ff1d532')]",
              "location": "[parameters('workspace-location')]",
              "kind": "shared",
              "apiVersion": "2022-08-01",
              "properties": {
                "contentId": "33aa0e01-87e2-43ea-87f9-2f7e3ff1d532",
                "displayName": "Detect beacon like pattern based on repetitive time intervals in Wire Data Traffic",
                "contentKind": "HuntingQuery",
                "mainTemplate": {
                  "$schema": "https://schema.management.azure.com/schemas/2019-04-01/deploymentTemplate.json#",
                  "contentVersion": "1.0.0",
                  "resources": [
                    {
                      "type": "Microsoft.OperationalInsights/savedSearches",
                      "apiVersion": "2020-08-01",
                      "name": "33aa0e01-87e2-43ea-87f9-2f7e3ff1d532",
                      "location": "[parameters('workspace-location')]",
                      "properties": {
                        "eTag": "*",
                        "displayName": "Detect beacon like pattern based on repetitive time intervals in Wire Data Traffic",
                        "category": "Hunting Queries",
                        "query": "\nlet lookback = 1d;\nlet TimeDeltaThreshold = 10;\nlet TotalEventsThreshold = 15;\nlet PercentBeaconThreshold = 95;\nWireData\n| where TimeGenerated > lookback\n| where ipv4_is_private(RemoteIP) == false\n| project TimeGenerated , LocalIP , LocalPortNumber , RemoteIP, RemotePortNumber, ReceivedBytes, SentBytes\n| sort by LocalIP asc,TimeGenerated asc, RemoteIP asc, RemotePortNumber asc\n| serialize\n| extend nextTimeGenerated = next(TimeGenerated, 1), nextLocalIP = next(LocalIP, 1)\n| extend TimeDeltainSeconds = datetime_diff('second',nextTimeGenerated,TimeGenerated)\n| where LocalIP == nextLocalIP\n//Whitelisting criteria/ threshold criteria\n| where TimeDeltainSeconds > TimeDeltaThreshold\n| where RemotePortNumber != \"0\"\n| project TimeGenerated, TimeDeltainSeconds, LocalIP, LocalPortNumber,RemoteIP,RemotePortNumber, ReceivedBytes, SentBytes\n| summarize count(), sum(ReceivedBytes), sum(SentBytes), make_list(TimeDeltainSeconds) by TimeDeltainSeconds, bin(TimeGenerated, 1h), LocalIP, RemoteIP, RemotePortNumber\n| summarize (MostFrequentTimeDeltaCount, MostFrequentTimeDeltainSeconds)=arg_max(count_, TimeDeltainSeconds), TotalEvents=sum(count_), TotalSentBytes=sum(sum_SentBytes),TotalReceivedBytes=sum(sum_ReceivedBytes) by bin(TimeGenerated, 1h), LocalIP, RemoteIP, RemotePortNumber\n| where TotalEvents > TotalEventsThreshold\n| extend BeaconPercent = MostFrequentTimeDeltaCount/toreal(TotalEvents) * 100\n| where BeaconPercent > PercentBeaconThreshold\n| extend timestamp = TimeGenerated, IPCustomEntity = RemoteIP\n",
                        "version": 2,
                        "tags": [
                          {
                            "name": "description",
                            "value": "This query will identify beaconing patterns from Wire Data logs based on timedelta patterns. The query leverages various KQL functions\nto calculate time delta and then compare it with total events observed in a day to find percentage of beaconing.\nResults of such beaconing patterns to untrusted public networks can be a good starting point for investigation.\nReferences: Blog about creating dataset to identify network beaconing via repetitive time intervals seen against total traffic\nbetween same source-destination pair.\nhttp://www.austintaylor.io/detect/beaconing/intrusion/detection/system/command/control/flare/elastic/stack/2017/06/10/detect-beaconing-with-flare-elasticsearch-and-intrusion-detection-systems/"
                          },
                          {
                            "name": "techniques",
                            "value": ""
                          },
                          {
                            "name": "tactics",
                            "value": "CommandAndControl"
                          }
                        ]
                      }
                    },
                    {
                      "type": "Microsoft.OperationalInsights/workspaces/providers/metadata",
                      "apiVersion": "2021-03-01-preview",
                      "name": "[concat(parameters('workspace'),'/Microsoft.SecurityInsights/',concat('huntingQuery-', '33aa0e01-87e2-43ea-87f9-2f7e3ff1d532'))]",
                      "properties": {
                        "description": "This query will identify beaconing patterns from Wire Data logs based on timedelta patterns. The query leverages various KQL functions\nto calculate time delta and then compare it with total events observed in a day to find percentage of beaconing.\nResults of such beaconing patterns to untrusted public networks can be a good starting point for investigation.\nReferences: Blog about creating dataset to identify network beaconing via repetitive time intervals seen against total traffic\nbetween same source-destination pair.\nhttp://www.austintaylor.io/detect/beaconing/intrusion/detection/system/command/control/flare/elastic/stack/2017/06/10/detect-beaconing-with-flare-elasticsearch-and-intrusion-detection-systems/",
                        "version": "1.0.0",
                        "author": {
                          "name": "Shain"
                        },
                        "support": {
                          "tier": "Community",
                          "name": "Community",
                          "link": "https://github.com/Azure/Azure-Sentinel/issues"
                        },
                        "source": {
                          "kind": "Community",
                          "name": "Standalone"
                        },
                        "threatAnalysisTactics": [
                          "CommandAndControl"
                        ],
                        "threatAnalyticsTechniques": [
                          "T1071",
                          "T1571"
                        ],
                        "contentId": "33aa0e01-87e2-43ea-87f9-2f7e3ff1d532",
                        "parentId": "33aa0e01-87e2-43ea-87f9-2f7e3ff1d532",
                        "kind": "HuntingQuery",
                        "dependencies": {
                          "operator": "AND",
                          "criteria": [
                            {
                              "contentId": "WireData",
                              "kind": "DataType"
                            }
                          ]
                        }
                      }
                    }
                  ]
                }
              }
            }
          ]
        },
        "author": {
          "name": "Shain"
        },
        "categories": {
          "domains": [
            "Security - Other"
          ]
        },
        "dependencies": {
          "operator": "AND",
          "criteria": [
            {
              "contentId": "33aa0e01-87e2-43ea-87f9-2f7e3ff1d532",
              "kind": "HuntingQuery"
            }
          ]
        },
        "description": "This query will identify beaconing patterns from Wire Data logs based on timedelta patterns. The query leverages various KQL functions\nto calculate time delta and then compare it with total events observed in a day to find percentage of beaconing.\nResults of such beaconing patterns to untrusted public networks can be a good starting point for investigation.\nReferences: Blog about creating dataset to identify network beaconing via repetitive time intervals seen against total traffic\nbetween same source-destination pair.\nhttp://www.austintaylor.io/detect/beaconing/intrusion/detection/system/command/control/flare/elastic/stack/2017/06/10/detect-beaconing-with-flare-elasticsearch-and-intrusion-detection-systems/",
        "displayName": "Detect beacon like pattern based on repetitive time intervals in Wire Data Traffic",
        "packageId": "33aa0e01-87e2-43ea-87f9-2f7e3ff1d532",
        "source": {
          "kind": "Community",
          "name": "Standalone"
        },
        "support": {
          "tier": "Community",
          "name": "Community",
          "link": "https://github.com/Azure/Azure-Sentinel/issues"
        },
        "threatAnalysisTactics": [
          "CommandAndControl"
        ],
        "threatAnalyticsTechniques": [
          "T1071",
          "T1571"
        ],
        "version": "1.0.0"
      },
      "name": "33aa0e01-87e2-43ea-87f9-2f7e3ff1d532"
    }
  ]
}