{
  "$schema": "https://schema.management.azure.com/schemas/2019-04-01/deploymentTemplate.json#",
  "contentVersion": "1.0.0.0",
  "parameters": {
    "location": {
      "type": "string",
      "minLength": 1,
      "defaultValue": "[resourceGroup().location]",
      "metadata": {
        "description": "Not used, but needed to pass arm-ttk test `Location-Should-Not-Be-Hardcoded`.  We instead use the `workspace-location` which is derived from the LA workspace"
      }
    },
    "workspace-location": {
      "type": "string",
      "defaultValue": "",
      "metadata": {
        "description": "[concat('Region to deploy solution resources -- separate from location selection',parameters('location'))]"
      }
    },
    "workspace": {
      "defaultValue": "",
      "type": "string",
      "metadata": {
        "description": "Workspace name for Log Analytics where Microsoft Sentinel is setup"
      }
    }
  },
  "variables": {},
  "resources": [
    {
      "type": "Microsoft.OperationalInsights/workspaces/providers/packages",
      "location": "[parameters('workspace-location')]",
      "apiVersion": "2022-08-01",
      "properties": {
        "packageKind": "Standalone",
        "packageItems": {
          "resources": [
            {
              "type": "Microsoft.OperationalInsights/workspaces/providers/contentTemplates",
              "name": "[concat(parameters('workspace'),'/Microsoft.SecurityInsights/', '431cccd3-2dff-46ee-b34b-61933e45f556')]",
              "location": "[parameters('workspace-location')]",
              "kind": "shared",
              "apiVersion": "2022-08-01",
              "properties": {
                "contentId": "431cccd3-2dff-46ee-b34b-61933e45f556",
                "displayName": "Tracking Privileged Account Rare Activity",
                "contentKind": "HuntingQuery",
                "mainTemplate": {
                  "$schema": "https://schema.management.azure.com/schemas/2019-04-01/deploymentTemplate.json#",
                  "contentVersion": "1.0.0",
                  "resources": [
                    {
                      "type": "Microsoft.OperationalInsights/savedSearches",
                      "apiVersion": "2020-08-01",
                      "name": "431cccd3-2dff-46ee-b34b-61933e45f556",
                      "location": "[parameters('workspace-location')]",
                      "properties": {
                        "eTag": "*",
                        "displayName": "Tracking Privileged Account Rare Activity",
                        "category": "Hunting Queries",
                        "query": "\n\nlet LocalSID = \"S-1-5-32-5[0-9][0-9]$\";\nlet GroupSID = \"S-1-5-21-[0-9]*-[0-9]*-[0-9]*-5[0-9][0-9]$|S-1-5-21-[0-9]*-[0-9]*-[0-9]*-1102$|S-1-5-21-[0-9]*-[0-9]*-[0-9]*-1103$\";\nlet p_Accounts = SecurityEvent\n| where EventID in (\"4728\", \"4732\", \"4756\") and AccountType == \"User\" and MemberName == \"-\"\n// Exclude Remote Desktop Users group: S-1-5-32-555 and IIS Users group S-1-5-32-568\n| where TargetSid !in (\"S-1-5-32-555\", \"S-1-5-32-568\")\n| where TargetSid matches regex LocalSID or TargetSid matches regex GroupSID\n| summarize by DomainSlashAccount = tolower(SubjectAccount), NtDomain = SubjectDomainName,\nAccountAtDomain = tolower(strcat(SubjectUserName,\"@\",SubjectDomainName)), AccountName = tolower(SubjectUserName);\n// Build custom high value account list\nlet cust_Accounts = datatable(Account:string, NtDomain:string, Domain:string)[\n\"john\", \"Contoso\", \"contoso.com\",  \"greg\", \"Contoso\", \"contoso.com\",  \"larry\", \"Domain\", \"contoso.com\"];\nlet c_Accounts = cust_Accounts\n| extend AccountAtDomain = tolower(strcat(Account,\"@\",Domain)), AccountName = tolower(Account),\nDomainSlashAccount = tolower(strcat(NtDomain,\"\\\\\",Account));\nlet AccountFormat = p_Accounts | union c_Accounts | project AccountName, AccountAtDomain, DomainSlashAccount;\n// Normalize activity from diverse sources into common schema using a function\nlet activity = view (a_StartTime:datetime, a_EndTime:datetime) {\n(union isfuzzy=true\n(AccountFormat | join kind=inner\n(AWSCloudTrail\n| where TimeGenerated >= a_StartTime and TimeGenerated <= a_EndTime\n| extend ClientIP = \"-\", AccountName = tolower(UserIdentityUserName), WinSecEventDomain = \"-\"\n| project-rename EventType = EventName, ServiceOrSystem = EventSource)\non AccountName),\n(AccountFormat | join kind=inner\n(SigninLogs\n| where TimeGenerated >= a_StartTime and TimeGenerated <= a_EndTime\n| extend AccountName = tolower(split(UserPrincipalName, \"@\")[0]), WinSecEventDomain = \"-\"\n| project-rename EventType = strcat(OperationName, \"-\", ResultType, \"-\", ResultDescription), ServiceOrSystem = AppDisplayName, ClientIP = IPAddress)\non AccountName),\n(AccountFormat | join kind=inner\n(OfficeActivity\n| where TimeGenerated >= a_StartTime and TimeGenerated <= a_EndTime\n| extend AccountName = tolower(split(UserId, \"@\")[0]), WinSecEventDomain = \"-\"\n| project-rename EventType = strcat(Operation, \"-\", ResultStatus), ServiceOrSystem = OfficeWorkload)\non AccountName),\n(AccountFormat | join kind=inner\n(SecurityEvent\n| where TimeGenerated >= a_StartTime and TimeGenerated <= a_EndTime\n| where EventID in (4624, 4625)\n| extend ClientIP = \"-\"\n| extend AccountName = tolower(split(Account,\"\\\\\")[1]), Domain = tolower(split(Account,\"\\\\\")[0])\n| project-rename EventType = Activity, ServiceOrSystem = Computer, WinSecEventDomain = Domain)\non AccountName),\n(AccountFormat | join kind=inner\n(W3CIISLog\n| where TimeGenerated >= a_StartTime and TimeGenerated <= a_EndTime\n| where csUserName != \"-\" and isnotempty(csUserName)\n| extend AccountName = tolower(csUserName), WinSecEventDomain = \"-\"\n| project-rename EventType = csMethod, ServiceOrSystem = sSiteName, ClientIP = cIP)\non AccountName),\n(AccountFormat | join kind=inner\n(W3CIISLog\n| where TimeGenerated >= a_StartTime and TimeGenerated <= a_EndTime\n| where csUserName != \"-\" and isnotempty(csUserName)\n| extend AccountAtDomain = tolower(csUserName), WinSecEventDomain = \"-\"\n| project-rename EventType = csMethod, ServiceOrSystem = sSiteName, ClientIP = cIP)\non AccountAtDomain));\n};\n// Rare activity today versus prior week\nlet LastDay = startofday(ago(1d));\nlet PrevDay = endofday(ago(2d));\nlet Prev7Day = startofday(ago(8d));\nlet ra_LastDay = activity(LastDay, now())\n| summarize ra_StartTime = min(TimeGenerated), ra_EndTime = max(TimeGenerated),\nra_Count = count() by Type, AccountName, EventType, ClientIP, ServiceOrSystem, WinSecEventDomain;\nlet a_7day = activity(Prev7Day, PrevDay)\n| summarize ha_Count = count() by Type, AccountName, EventType, ClientIP, ServiceOrSystem, WinSecEventDomain;\nlet ra_Today = ra_LastDay | join kind=leftanti (a_7day) on Type, AccountName, ServiceOrSystem\n| extend RareServiceOrSystem = ServiceOrSystem;\n// Retrieve related activity as context\nlet a_Related =\n(union isfuzzy=true\n(// Make sure we at least publish the unusual activity we identified above - even if no related context activity is found in the subsequent union\nra_Today),\n// Remaining elements of the union look for related activity\n(ra_Today | join kind=inner\n(OfficeActivity\n| where TimeGenerated > LastDay\n| summarize rel_StartTime = min(TimeGenerated), rel_EndTime = max(TimeGenerated), rel_ServiceOrSystemCount = dcount(OfficeWorkload),\nrel_ServiceOrSystemSet = makeset(OfficeWorkload), rel_ClientIPSet = makeset(ClientIP),\nrel_Count = count() by AccountName = tolower(UserId), rel_EventType = Operation, Type\n) on AccountName),\n(ra_Today | join kind=inner\n(SecurityEvent | where TimeGenerated > LastDay\n| where EventID in (4624, 4625)\n| where AccountType == \"User\"\n| summarize rel_StartTime = min(TimeGenerated), rel_EndTime = max(TimeGenerated), rel_ServiceOrSystemCount = dcount(Computer),\nrel_ServiceOrSystemSet = makeset(Computer), rel_ClientIPSet = makeset(\"-\"),\nrel_Count = count() by DomainSlashAccount = tolower(Account), rel_EventType = Activity, Type\n) on DomainSlashAccount),\n(ra_Today | join kind=inner\n(Event | where TimeGenerated > LastDay\n// 7045: A service was installed in the system\n| where EventID == 7045\n| summarize rel_StartTime = min(TimeGenerated), rel_EndTime = max(TimeGenerated), rel_ServiceOrSystemCount = dcount(Computer),\nrel_ServiceOrSystemSet = makeset(Computer), rel_ClientIPSet = makeset(\"-\"),\nrel_Count = count() by DomainSlashAccount = tolower(UserName), rel_EventType = strcat(EventID, \"-\", tostring(split(RenderedDescription,\".\")[0])), Type\n) on DomainSlashAccount),\n(ra_Today | join kind=inner\n(SecurityEvent | where TimeGenerated > LastDay\n// 4720: Account created, 4726: Account deleted\n| where EventID in (4720,4726)\n| summarize rel_StartTime = min(TimeGenerated), rel_EndTime = max(TimeGenerated), rel_ServiceOrSystemCount = dcount(UserPrincipalName),\nrel_ServiceOrSystemSet = makeset(UserPrincipalName), rel_ClientIPSet = makeset(\"-\"),\nrel_Count = count() by DomainSlashAccount = tolower(Account), rel_EventType = Activity, Type\n) on DomainSlashAccount),\n(ra_Today | join kind=inner\n(SigninLogs | where TimeGenerated > LastDay\n| extend RemoteHost = tolower(tostring(parse_json(DeviceDetail.[\"displayName\"])))\n| extend OS = DeviceDetail.operatingSystem, Browser = DeviceDetail.browser, StatusCode = tostring(Status.errorCode),\nStatusDetails = tostring(Status.additionalDetails), State = tostring(LocationDetails.state)\n| summarize rel_StartTime = min(TimeGenerated), rel_EndTime = max(TimeGenerated), a_RelatedRemoteHostSet = makeset(RemoteHost),\nrel_ServiceOrSystemSet = makeset(AppDisplayName), rel_ServiceOrSystemCount = dcount(AppDisplayName), rel_ClientIPSet = makeset(IPAddress),\nrel_StateSet = makeset(State),\nrel_Count = count() by AccountAtDomain = tolower(UserPrincipalName), rel_EventType = iff(isnotempty(ResultDescription), ResultDescription, StatusDetails), Type\n) on AccountAtDomain),\n(ra_Today | join kind=inner\n(AWSCloudTrail | where TimeGenerated > LastDay\n| summarize rel_StartTime = min(TimeGenerated),rel_EndTime = max(TimeGenerated), rel_ServiceOrSystemSet = makeset(EventSource),\nrel_ServiceOrSystemCount = dcount(EventSource), rel_ClientIPSet = makeset(\"-\"),\nrel_Count= count() by AccountName = tolower(UserIdentityUserName), rel_EventType = EventName, Type\n) on AccountName),\n(ra_Today | join kind=inner\n(SecurityAlert | where TimeGenerated > LastDay\n| extend ExtProps=parse_json(ExtendedProperties)\n| extend AccountName = tostring(ExtProps.[\"user name\"])\n| summarize rel_StartTime = min(TimeGenerated), rel_EndTime = max(TimeGenerated), rel_ServiceOrSystemCount = dcount(AlertType),\nrel_ServiceOrSystemSet = makeset(AlertType),\nrel_Count = count() by DomainSlashAccount = tolower(AccountName), rel_EventType = ProductName, Type\n) on DomainSlashAccount)\n);\na_Related\n| project Type, RareActivtyStartTimeUtc = ra_StartTime, RareActivityEndTimeUtc = ra_EndTime, RareActivityCount = ra_Count,\nAccountName, WinSecEventDomain, EventType, RareServiceOrSystem, RelatedActivityStartTimeUtc = rel_StartTime,\nRelatedActivityEndTimeUtc = rel_EndTime, RelatedActivityEventType = rel_EventType, RelatedActivityClientIPSet = rel_ClientIPSet,\nRelatedActivityServiceOrSystemCount = rel_ServiceOrSystemCount, RelatedActivityServiceOrSystemSet = rel_ServiceOrSystemSet, RelatedActivityCount = rel_Count\n| extend timestamp = RareActivtyStartTimeUtc, AccountCustomEntity = AccountName\n",
                        "version": 2,
                        "tags": [
                          {
                            "name": "description",
                            "value": "This query will determine rare activity by a high-value account carried out on a system or service.\nHigh Value accounts are determined by Group Membership to High Value groups via events listed below.\nRare here means an activity type seen in the last day which has not been seen in the previous 7 days.\nIf any account with such rare activity is found, the query will attempt to retrieve related activity\nfrom that account on that same day and summarize the information.\n4728 - A member was added to a security-enabled global group\n4732 - A member was added to a security-enabled local group\n4756 - A member was added to a security-enabled universal group"
                          },
                          {
                            "name": "techniques",
                            "value": ""
                          },
                          {
                            "name": "tactics",
                            "value": "PrivilegeEscalation,Discovery"
                          }
                        ]
                      }
                    },
                    {
                      "type": "Microsoft.OperationalInsights/workspaces/providers/metadata",
                      "apiVersion": "2021-03-01-preview",
                      "name": "[concat(parameters('workspace'),'/Microsoft.SecurityInsights/',concat('huntingQuery-', '431cccd3-2dff-46ee-b34b-61933e45f556'))]",
                      "properties": {
                        "description": "This query will determine rare activity by a high-value account carried out on a system or service.\nHigh Value accounts are determined by Group Membership to High Value groups via events listed below.\nRare here means an activity type seen in the last day which has not been seen in the previous 7 days.\nIf any account with such rare activity is found, the query will attempt to retrieve related activity\nfrom that account on that same day and summarize the information.\n4728 - A member was added to a security-enabled global group\n4732 - A member was added to a security-enabled local group\n4756 - A member was added to a security-enabled universal group",
                        "version": "1.0.0",
                        "author": {
                          "name": "Shain"
                        },
                        "support": {
                          "tier": "Community",
                          "name": "Community",
                          "link": "https://github.com/Azure/Azure-Sentinel/issues"
                        },
                        "source": {
                          "kind": "Community",
                          "name": "Standalone"
                        },
                        "threatAnalysisTactics": [
                          "PrivilegeEscalation",
                          "Discovery"
                        ],
                        "threatAnalyticsTechniques": [
                          "T1078",
                          "T1087"
                        ],
                        "contentId": "431cccd3-2dff-46ee-b34b-61933e45f556",
                        "parentId": "431cccd3-2dff-46ee-b34b-61933e45f556",
                        "kind": "HuntingQuery",
                        "dependencies": {
                          "operator": "AND",
                          "criteria": [
                            {
                              "contentId": "SigninLogs",
                              "kind": "DataType"
                            },
                            {
                              "contentId": "OfficeActivity",
                              "kind": "DataType"
                            },
                            {
                              "contentId": "AWSCloudTrail",
                              "kind": "DataType"
                            },
                            {
                              "contentId": "SecurityEvent",
                              "kind": "DataType"
                            },
                            {
                              "contentId": "W3CIISLog",
                              "kind": "DataType"
                            }
                          ]
                        }
                      }
                    }
                  ]
                }
              }
            }
          ]
        },
        "author": {
          "name": "Shain"
        },
        "categories": {
          "domains": [
            "Security - Other",
            "Identity"
          ]
        },
        "dependencies": {
          "operator": "AND",
          "criteria": [
            {
              "contentId": "431cccd3-2dff-46ee-b34b-61933e45f556",
              "kind": "HuntingQuery"
            }
          ]
        },
        "description": "This query will determine rare activity by a high-value account carried out on a system or service.\nHigh Value accounts are determined by Group Membership to High Value groups via events listed below.\nRare here means an activity type seen in the last day which has not been seen in the previous 7 days.\nIf any account with such rare activity is found, the query will attempt to retrieve related activity\nfrom that account on that same day and summarize the information.\n4728 - A member was added to a security-enabled global group\n4732 - A member was added to a security-enabled local group\n4756 - A member was added to a security-enabled universal group",
        "displayName": "Tracking Privileged Account Rare Activity",
        "packageId": "431cccd3-2dff-46ee-b34b-61933e45f556",
        "source": {
          "kind": "Community",
          "name": "Standalone"
        },
        "support": {
          "tier": "Community",
          "name": "Community",
          "link": "https://github.com/Azure/Azure-Sentinel/issues"
        },
        "threatAnalysisTactics": [
          "PrivilegeEscalation",
          "Discovery"
        ],
        "threatAnalyticsTechniques": [
          "T1078",
          "T1087"
        ],
        "version": "1.0.0"
      },
      "name": "431cccd3-2dff-46ee-b34b-61933e45f556"
    }
  ]
}