{
  "$schema": "https://schema.management.azure.com/schemas/2019-04-01/deploymentTemplate.json#",
  "contentVersion": "1.0.0.0",
  "parameters": {
    "location": {
      "type": "string",
      "minLength": 1,
      "defaultValue": "[resourceGroup().location]",
      "metadata": {
        "description": "Not used, but needed to pass arm-ttk test `Location-Should-Not-Be-Hardcoded`.  We instead use the `workspace-location` which is derived from the LA workspace"
      }
    },
    "workspace-location": {
      "type": "string",
      "defaultValue": "",
      "metadata": {
        "description": "[concat('Region to deploy solution resources -- separate from location selection',parameters('location'))]"
      }
    },
    "workspace": {
      "defaultValue": "",
      "type": "string",
      "metadata": {
        "description": "Workspace name for Log Analytics where Microsoft Sentinel is setup"
      }
    }
  },
  "variables": {},
  "resources": [
    {
      "type": "Microsoft.OperationalInsights/workspaces/providers/packages",
      "location": "[parameters('workspace-location')]",
      "apiVersion": "2022-08-01",
      "properties": {
        "packageKind": "Standalone",
        "packageItems": {
          "resources": [
            {
              "type": "Microsoft.OperationalInsights/workspaces/providers/contentTemplates",
              "name": "[concat(parameters('workspace'),'/Microsoft.SecurityInsights/', 'ccef3c74-4b4f-445b-8109-06d38687e4a4')]",
              "location": "[parameters('workspace-location')]",
              "kind": "shared",
              "apiVersion": "2022-08-01",
              "properties": {
                "contentId": "ccef3c74-4b4f-445b-8109-06d38687e4a4",
                "displayName": "GitHub Repo Clone - Time Series Anomly",
                "contentKind": "HuntingQuery",
                "mainTemplate": {
                  "$schema": "https://schema.management.azure.com/schemas/2019-04-01/deploymentTemplate.json#",
                  "contentVersion": "1.0.0",
                  "resources": [
                    {
                      "type": "Microsoft.OperationalInsights/savedSearches",
                      "apiVersion": "2020-08-01",
                      "name": "ccef3c74-4b4f-445b-8109-06d38687e4a4",
                      "location": "[parameters('workspace-location')]",
                      "properties": {
                        "eTag": "*",
                        "displayName": "GitHub Repo Clone - Time Series Anomly",
                        "category": "Hunting Queries",
                        "query": "\nlet min_t = toscalar(GitHubRepo\n| summarize min(timestamp_t));\nlet max_t = toscalar(GitHubRepo\n| summarize max(timestamp_t));\nGitHubRepo\n| where Action == \"Clones\"\n| distinct TimeGenerated, Repository, Count\n| make-series num=sum(tolong(Count)) default=0 on TimeGenerated in range(min_t, max_t, 1h) by Repository \n| extend (anomalies, score, baseline) = series_decompose_anomalies(num, 1.5, -1, 'linefit')\n| render timechart \n",
                        "version": 2,
                        "tags": [
                          {
                            "name": "description",
                            "value": "Attacker can exfiltrate data from you GitHub repository after gaining access to it by performing clone action. This hunting queries allows you to track the clones activities for each of your repositories. The visualization allow you to quickly identify anomalies/excessive clone, to further investigate repo access & permissions"
                          },
                          {
                            "name": "techniques",
                            "value": ""
                          },
                          {
                            "name": "tactics",
                            "value": "Collection"
                          }
                        ]
                      }
                    },
                    {
                      "type": "Microsoft.OperationalInsights/workspaces/providers/metadata",
                      "apiVersion": "2021-03-01-preview",
                      "name": "[concat(parameters('workspace'),'/Microsoft.SecurityInsights/',concat('huntingQuery-', 'ccef3c74-4b4f-445b-8109-06d38687e4a4'))]",
                      "properties": {
                        "description": "Attacker can exfiltrate data from you GitHub repository after gaining access to it by performing clone action. This hunting queries allows you to track the clones activities for each of your repositories. The visualization allow you to quickly identify anomalies/excessive clone, to further investigate repo access & permissions",
                        "version": "1.0.0",
                        "author": {
                          "name": "itay6588"
                        },
                        "support": {
                          "tier": "Microsoft",
                          "name": "Microsoft",
                          "email": "support@microsoft.com",
                          "link": "https://support.microsoft.com"
                        },
                        "source": {
                          "kind": "Community",
                          "name": "Standalone"
                        },
                        "threatAnalysisTactics": [
                          "Collection"
                        ],
                        "threatAnalyticsTechniques": [
                          "T1213"
                        ],
                        "contentId": "ccef3c74-4b4f-445b-8109-06d38687e4a4",
                        "parentId": "ccef3c74-4b4f-445b-8109-06d38687e4a4",
                        "kind": "HuntingQuery"
                      }
                    }
                  ]
                }
              }
            }
          ]
        },
        "author": {
          "name": "itay6588"
        },
        "categories": {
          "domains": [
            "Security - Threat Protection"
          ]
        },
        "dependencies": {
          "operator": "AND",
          "criteria": [
            {
              "contentId": "ccef3c74-4b4f-445b-8109-06d38687e4a4",
              "kind": "HuntingQuery"
            }
          ]
        },
        "description": "Attacker can exfiltrate data from you GitHub repository after gaining access to it by performing clone action. This hunting queries allows you to track the clones activities for each of your repositories. The visualization allow you to quickly identify anomalies/excessive clone, to further investigate repo access & permissions",
        "displayName": "GitHub Repo Clone - Time Series Anomly",
        "packageId": "ccef3c74-4b4f-445b-8109-06d38687e4a4",
        "source": {
          "kind": "Community",
          "name": "Standalone"
        },
        "support": {
          "tier": "Microsoft",
          "name": "Microsoft",
          "email": "support@microsoft.com",
          "link": "https://support.microsoft.com"
        },
        "threatAnalysisTactics": [
          "Collection"
        ],
        "threatAnalyticsTechniques": [
          "T1213"
        ],
        "version": "1.0.0"
      },
      "name": "ccef3c74-4b4f-445b-8109-06d38687e4a4"
    }
  ]
}