{
  "$schema": "https://schema.management.azure.com/schemas/2019-04-01/deploymentTemplate.json#",
  "contentVersion": "1.0.2",
  "parameters": {
    "location": {
      "type": "string",
      "minLength": 1,
      "defaultValue": "[resourceGroup().location]",
      "metadata": {
        "description": "Not used, but needed to pass arm-ttk test `Location-Should-Not-Be-Hardcoded`.  We instead use the `workspace-location` which is derived from the LA workspace"
      }
    },
    "workspace": {
      "defaultValue": "",
      "type": "string",
      "metadata": {
        "description": "Workspace name for Log Analytics where Microsoft Sentinel is setup"
      }
    },
    "workspace-location": {
      "type": "string",
      "defaultValue": "",
      "metadata": {
        "description": "[concat('Region to deploy solution resources -- separate from location selection',parameters('location'))]"
      }
    }
  },
  "resources": [
    {
      "type": "Microsoft.OperationalInsights/workspaces/providers/contentTemplates",
      "name": "[concat(parameters('workspace'),'/Microsoft.SecurityInsights/',concat(concat(parameters('workspace'),'-ar-',uniquestring('a9bf1b8c-c761-4840-b9a8-7535ca68ca28')),'1.0.2'))]",
      "location": "[parameters('workspace-location')]",
      "apiVersion": "2022-08-01",
      "dependsOn": [
        "[extensionResourceId(resourceId('Microsoft.OperationalInsights/workspaces', parameters('workspace')), 'Microsoft.SecurityInsights/contentPackages', 'argoscloudsecurity1605618416175.argos-sentinel')]"
      ],
      "properties": {
        "contentId": "a9bf1b8c-c761-4840-b9a8-7535ca68ca28",
        "displayName": "ARGOS Cloud Security - Exploitable Cloud Resources",
        "contentKind": "AnalyticsRule",
        "mainTemplate": {
          "resources": [
            {
              "type": "Microsoft.SecurityInsights/AlertRuleTemplates",
              "name": "a9bf1b8c-c761-4840-b9a8-7535ca68ca28",
              "apiVersion": "2022-04-01-preview",
              "kind": "Scheduled",
              "location": "[parameters('workspace-location')]",
              "properties": {
                "description": "Exploitable Cloud Security Issues are ones that expose cloud resources to the internet and allow initial access to your environment.",
                "displayName": "ARGOS Cloud Security - Exploitable Cloud Resources",
                "enabled": false,
                "query": "ARGOS_CL | where exploitable_b\n",
                "queryFrequency": "PT1H",
                "queryPeriod": "PT1H",
                "severity": "High",
                "suppressionDuration": "PT1H",
                "suppressionEnabled": false,
                "triggerOperator": "GreaterThan",
                "triggerThreshold": 0,
                "status": "Available",
                "requiredDataConnectors": [
                  {
                    "connectorId": "ARGOSCloudSecurity",
                    "dataTypes": [
                      "ARGOS_CL"
                    ]
                  }
                ],
                "tactics": [
                  "InitialAccess"
                ],
                "entityMappings": [
                  {
                    "entityType": "AzureResource",
                    "fieldMappings": [
                      {
                        "columnName": "ResourceId",
                        "identifier": "ResourceId"
                      }
                    ]
                  },
                  {
                    "entityType": "URL",
                    "fieldMappings": [
                      {
                        "columnName": "url_s",
                        "identifier": "Url"
                      }
                    ]
                  }
                ],
                "eventGroupingSettings": {
                  "aggregationKind": "AlertPerResult"
                },
                "alertDetailsOverride": {
                  "alertDisplayNameFormat": "New exploitable cloud resource - {{name_s}} - {{ruleId_s}}"
                },
                "incidentConfiguration": {
                  "createIncident": true,
                  "groupingConfiguration": {
                    "enabled": false,
                    "lookbackDuration": "PT5H",
                    "reopenClosedIncident": false,
                    "matchingMethod": "AllEntities"
                  }
                }
              }
            },
            {
              "type": "Microsoft.OperationalInsights/workspaces/providers/metadata",
              "apiVersion": "2022-01-01-preview",
              "name": "[concat(parameters('workspace'),'/Microsoft.SecurityInsights/',concat('AnalyticsRule-', last(split(resourceId('Microsoft.SecurityInsights/AlertRuleTemplates', 'a9bf1b8c-c761-4840-b9a8-7535ca68ca28'),'/'))))]",
              "properties": {
                "description": "ARGOSCloudSecurity Analytics Rule 1",
                "parentId": "[resourceId('Microsoft.SecurityInsights/AlertRuleTemplates', 'a9bf1b8c-c761-4840-b9a8-7535ca68ca28')]",
                "contentId": "a9bf1b8c-c761-4840-b9a8-7535ca68ca28",
                "kind": "AnalyticsRule",
                "version": "1.0.2",
                "source": {
                  "kind": "Solution",
                  "name": "ARGOSCloudSecurity",
                  "sourceId": "argoscloudsecurity1605618416175.argos-sentinel"
                },
                "author": {
                  "name": "ARGOS Cloud Security",
                  "email": "support@argos-security.io"
                },
                "support": {
                  "name": "ARGOS Cloud Security",
                  "email": "support@argos-security.io",
                  "tier": "Partner",
                  "link": "https://argos-security.io/contact-us"
                }
              }
            }
          ]
        },
        "packageKind": "Solution",
        "packageVersion": "2.0.0",
        "packageName": "ARGOS Cloud Security for Microsoft Sentinel",
        "packageId": "argoscloudsecurity1605618416175.argos-sentinel",
        "contentSchemaVersion": "2.0.0"
      }
    }
  ]
}