{
  "$schema": "https://schema.management.azure.com/schemas/2019-04-01/deploymentTemplate.json#",
  "contentVersion": "1.0.0",
  "parameters": {
    "location": {
      "type": "string",
      "minLength": 1,
      "defaultValue": "[resourceGroup().location]",
      "metadata": {
        "description": "Not used, but needed to pass arm-ttk test `Location-Should-Not-Be-Hardcoded`.  We instead use the `workspace-location` which is derived from the LA workspace"
      }
    },
    "workspace": {
      "defaultValue": "",
      "type": "string",
      "metadata": {
        "description": "Workspace name for Log Analytics where Microsoft Sentinel is setup"
      }
    },
    "workspace-location": {
      "type": "string",
      "defaultValue": "",
      "metadata": {
        "description": "[concat('Region to deploy solution resources -- separate from location selection',parameters('location'))]"
      }
    }
  },
  "resources": [
    {
      "type": "Microsoft.OperationalInsights/workspaces/providers/contentTemplates",
      "name": "[concat(parameters('workspace'),'/Microsoft.SecurityInsights/',concat(concat(parameters('workspace'),'-wb-',uniquestring('ArmorbloxOverview')),'1.0.0'))]",
      "location": "[parameters('workspace-location')]",
      "apiVersion": "2022-08-01",
      "dependsOn": [
        "[extensionResourceId(resourceId('Microsoft.OperationalInsights/workspaces', parameters('workspace')), 'Microsoft.SecurityInsights/contentPackages', 'armorblox1601081599926.armorblox_sentinel_1')]"
      ],
      "properties": {
        "contentId": "ArmorbloxOverview",
        "displayName": "Armorblox",
        "contentKind": "Workbook",
        "mainTemplate": {
          "resources": [
            {
              "type": "Microsoft.Insights/workbooks",
              "name": "ArmorbloxOverview",
              "location": "[parameters('workspace-location')]",
              "kind": "shared",
              "apiVersion": "2021-08-01",
              "metadata": {
                "description": "INCIDENTS FROM SELECTED TIME RANGE"
              },
              "properties": {
                "displayName": "Armorblox",
                "serializedData": "{\"version\":\"Notebook/1.0\",\"items\":[{\"type\":1,\"content\":{\"json\":\"## INCIDENTS FROM ARMORBLOX\"},\"name\":\"text - 0\",\"styleSettings\":{\"margin\":\"5px\",\"padding\":\"5px\"}},{\"type\":9,\"content\":{\"version\":\"KqlParameterItem/1.0\",\"parameters\":[{\"id\":\"57bfc245-223e-4ef2-892a-35f9b3049ee0\",\"version\":\"KqlParameterItem/1.0\",\"name\":\"TimeRange\",\"type\":4,\"description\":\"INCIDENTS FROM SELECTED TIME RANGE\",\"isRequired\":true,\"value\":{\"durationMs\":259200000},\"typeSettings\":{\"selectableValues\":[{\"durationMs\":300000},{\"durationMs\":900000},{\"durationMs\":1800000},{\"durationMs\":3600000},{\"durationMs\":14400000},{\"durationMs\":43200000},{\"durationMs\":86400000},{\"durationMs\":172800000},{\"durationMs\":259200000},{\"durationMs\":604800000},{\"durationMs\":1209600000},{\"durationMs\":2419200000},{\"durationMs\":2592000000},{\"durationMs\":5184000000},{\"durationMs\":7776000000}]},\"timeContext\":{\"durationMs\":86400000}}],\"style\":\"pills\",\"queryType\":0,\"resourceType\":\"microsoft.operationalinsights/workspaces\"},\"name\":\"parameters - 1\"},{\"type\":3,\"content\":{\"version\":\"KqlItem/1.0\",\"query\":\"Armorblox_CL\\r\\n| sort by TimeGenerated desc\\r\\n| where TimeGenerated {TimeRange}\\r\\n| summarize count() by priority_s\\r\\n\",\"size\":1,\"timeContext\":{\"durationMs\":259200000},\"timeContextFromParameter\":\"TimeRange\",\"queryType\":0,\"resourceType\":\"microsoft.operationalinsights/workspaces\",\"visualization\":\"piechart\",\"chartSettings\":{\"yAxis\":[\"count_\"],\"showLegend\":true}},\"customWidth\":\"50\",\"name\":\"query - 3\",\"styleSettings\":{\"margin\":\"5\",\"padding\":\"5\",\"showBorder\":true}},{\"type\":3,\"content\":{\"version\":\"KqlItem/1.0\",\"query\":\"Armorblox_CL\\r\\n| sort by TimeGenerated desc\\r\\n| where TimeGenerated {TimeRange}\\r\\n| summarize count() by incident_type_s\\r\\n\",\"size\":1,\"timeContext\":{\"durationMs\":259200000},\"timeContextFromParameter\":\"TimeRange\",\"queryType\":0,\"resourceType\":\"microsoft.operationalinsights/workspaces\",\"visualization\":\"piechart\"},\"customWidth\":\"50\",\"name\":\"query - 4\",\"styleSettings\":{\"margin\":\"5\",\"padding\":\"5\",\"showBorder\":true}},{\"type\":3,\"content\":{\"version\":\"KqlItem/1.0\",\"query\":\"Armorblox_CL\\r\\n| sort by TimeGenerated desc\\r\\n| where TimeGenerated {TimeRange} and incident_type_s=='THREAT_INCIDENT_TYPE'\\r\\n| extend policy = substring(policy_names_s, 1, strlen(policy_names_s)-2)\\r\\n| summarize count() by policy\\r\\n\",\"size\":1,\"timeContext\":{\"durationMs\":259200000},\"timeContextFromParameter\":\"TimeRange\",\"queryType\":0,\"resourceType\":\"microsoft.operationalinsights/workspaces\",\"visualization\":\"piechart\",\"tileSettings\":{\"showBorder\":false,\"titleContent\":{\"columnMatch\":\"policy_names_s\",\"formatter\":1},\"leftContent\":{\"columnMatch\":\"count_\",\"formatter\":12,\"formatOptions\":{\"palette\":\"auto\"},\"numberFormat\":{\"unit\":17,\"options\":{\"maximumSignificantDigits\":3,\"maximumFractionDigits\":2}}}}},\"customWidth\":\"50\",\"name\":\"query - 6\",\"styleSettings\":{\"margin\":\"5\",\"padding\":\"5\",\"showBorder\":true}},{\"type\":3,\"content\":{\"version\":\"KqlItem/1.0\",\"query\":\"Armorblox_CL\\r\\n| sort by TimeGenerated desc\\r\\n| where TimeGenerated {TimeRange} and incident_type_s=='DLP_INCIDENT_TYPE'\\r\\n| extend policy = substring(policy_names_s, 1, strlen(policy_names_s)-2)\\r\\n| summarize count() by policy\\r\\n\",\"size\":1,\"timeContext\":{\"durationMs\":259200000},\"timeContextFromParameter\":\"TimeRange\",\"queryType\":0,\"resourceType\":\"microsoft.operationalinsights/workspaces\",\"visualization\":\"piechart\"},\"customWidth\":\"50\",\"name\":\"query - 7\",\"styleSettings\":{\"margin\":\"5\",\"padding\":\"5\",\"showBorder\":true}},{\"type\":1,\"content\":{\"json\":\"## INCIDENTS\"},\"name\":\"text - 5\"},{\"type\":3,\"content\":{\"version\":\"KqlItem/1.0\",\"query\":\"Armorblox_CL\\r\\n| project TimeGenerated, date_t, id_s, priority_s, policy_names_s, title_s, remediation_actions_s, resolution_state_s, research_status_s\\r\\n| project-rename OccurredDate=date_t, IncidentId=id_s, Priority=priority_s, Subject=title_s, RemediationAction=remediation_actions_s, ResolutionState=resolution_state_s, ResearchStatus=research_status_s\\r\\n| where TimeGenerated {TimeRange}\\r\\n| sort by TimeGenerated desc\\r\\n\",\"size\":0,\"timeContext\":{\"durationMs\":259200000},\"timeContextFromParameter\":\"TimeRange\",\"queryType\":0,\"resourceType\":\"microsoft.operationalinsights/workspaces\"},\"name\":\"query - 2\",\"styleSettings\":{\"margin\":\"5\",\"padding\":\"5\",\"showBorder\":true}}],\"fromTemplateId\":\"sentinel-ArmorbloxOverview\",\"$schema\":\"https://github.com/Microsoft/Application-Insights-Workbooks/blob/master/schema/workbook.json\"}\r\n",
                "version": "1.0",
                "sourceId": "[resourceId('microsoft.OperationalInsights/Workspaces', parameters('workspace'))]",
                "category": "sentinel"
              }
            },
            {
              "type": "Microsoft.OperationalInsights/workspaces/providers/metadata",
              "apiVersion": "2022-01-01-preview",
              "name": "[concat(parameters('workspace'),'/Microsoft.SecurityInsights/',concat('Workbook-', last(split(resourceId('Microsoft.Insights/workbooks', 'ArmorbloxOverview'),'/'))))]",
              "properties": {
                "description": "@{workbookKey=ArmorbloxOverview; logoFileName=armorblox.svg; description=INCIDENTS FROM SELECTED TIME RANGE; dataTypesDependencies=System.Object[]; dataConnectorsDependencies=System.Object[]; previewImagesFileNames=System.Object[]; version=1.0.0; title=Armorblox; templateRelativePath=ArmorbloxOverview.json; subtitle=; provider=Armorblox}.description",
                "parentId": "[resourceId('Microsoft.Insights/workbooks', 'ArmorbloxOverview')]",
                "contentId": "ArmorbloxOverview",
                "kind": "Workbook",
                "version": "1.0.0",
                "source": {
                  "kind": "Solution",
                  "name": "Armorblox",
                  "sourceId": "armorblox1601081599926.armorblox_sentinel_1"
                },
                "author": {
                  "name": "Armorblox",
                  "email": "support@armorblox.com"
                },
                "support": {
                  "name": "armorblox",
                  "tier": "Partner",
                  "link": "https://www.armorblox.com/contact/"
                },
                "dependencies": {
                  "operator": "AND",
                  "criteria": [
                    {
                      "contentId": "Armorblox_CL",
                      "kind": "DataType"
                    },
                    {
                      "contentId": "Armorblox",
                      "kind": "DataConnector"
                    }
                  ]
                }
              }
            }
          ]
        },
        "packageKind": "Solution",
        "packageVersion": "2.0.1",
        "packageName": "Armorblox for Microsoft Sentinel",
        "packageId": "armorblox1601081599926.armorblox_sentinel_1",
        "contentSchemaVersion": "2.0.0"
      }
    }
  ]
}