{
  "$schema": "https://schema.management.azure.com/schemas/2019-04-01/deploymentTemplate.json#",
  "contentVersion": "1.0.0.0",
  "metadata": {
    "author": "Microsoft - support@microsoft.com",
    "comments": "Solution template for Alibaba Cloud"
  },
  "parameters": {
    "location": {
      "type": "string",
      "minLength": 1,
      "defaultValue": "[resourceGroup().location]",
      "metadata": {
        "description": "Not used, but needed to pass arm-ttk test `Location-Should-Not-Be-Hardcoded`.  We instead use the `workspace-location` which is derived from the LA workspace"
      }
    },
    "workspace-location": {
      "type": "string",
      "defaultValue": "",
      "metadata": {
        "description": "[concat('Region to deploy solution resources -- separate from location selection',parameters('location'))]"
      }
    },
    "workspace": {
      "defaultValue": "",
      "type": "string",
      "metadata": {
        "description": "Workspace name for Log Analytics where Microsoft Sentinel is setup"
      }
    }
  },
  "resources": [
    {
      "name": "pid-4391bc24-5613-4c76-aba1-4d2e5cebb4d5-partnercenter",
      "type": "Microsoft.Resources/deployments",
      "apiVersion": "2020-10-01",
      "properties": {
        "mode": "Incremental",
        "template": {
          "$schema": "https://schema.management.azure.com/schemas/2019-04-01/deploymentTemplate.json#",
          "contentVersion": "1.0.0.0",
          "resources": []
        }
      }
    },
    {
      "type": "Microsoft.OperationalInsights/workspaces/providers/contentTemplates",
      "name": "[concat(parameters('workspace'),'/Microsoft.SecurityInsights/',concat(concat(parameters('workspace'),'-pr-',uniquestring('AliCloud-Parser')),'1.0.0'))]",
      "location": "[parameters('workspace-location')]",
      "apiVersion": "2022-08-01",
      "dependsOn": [
        "[extensionResourceId(resourceId('Microsoft.OperationalInsights/workspaces', parameters('workspace')), 'Microsoft.SecurityInsights/contentPackages', 'azuresentinel.azure-sentinel-solution-alibabacloud')]"
      ],
      "properties": {
        "contentId": "AliCloud-Parser",
        "displayName": "AliCloud",
        "contentKind": "Parser",
        "mainTemplate": {
          "resources": [
            {
              "name": "[concat(parameters('workspace'),'/','AliCloud')]",
              "apiVersion": "2020-08-01",
              "type": "Microsoft.OperationalInsights/workspaces/savedSearches",
              "location": "[parameters('workspace-location')]",
              "properties": {
                "eTag": "*",
                "displayName": "AliCloud",
                "category": "Samples",
                "functionAlias": "AliCloud",
                "query": "\nAliCloud_CL\r\n| extend EventVendor = 'Alibaba Cloud',\r\n         EventProduct = 'Alibaba Cloud',\r\n         EventCount = 1,\r\n         CreatedAt = unixtime_seconds_todatetime(timestamp_d)\r\n| extend d=parse_json(contents_event_s)\r\n| evaluate bag_unpack(d)\r\n| extend ContentTopic = contents___topic___s,\r\n        SourceName = source_s,\r\n        ContentTagPackId = contents___tag_____pack_id___s\r\n|project-away   timestamp_d,\r\n                contents_event_s,\r\n                contents___topic___s,\r\n                source_s,\r\n                contents___tag_____pack_id___s",
                "version": 1,
                "tags": [
                  {
                    "name": "description",
                    "value": "AliCloud"
                  }
                ]
              }
            },
            {
              "type": "Microsoft.OperationalInsights/workspaces/providers/metadata",
              "apiVersion": "2022-01-01-preview",
              "name": "[concat(parameters('workspace'),'/Microsoft.SecurityInsights/',concat('Parser-', last(split(resourceId('Microsoft.OperationalInsights/workspaces/savedSearches', parameters('workspace'), 'AliCloud'),'/'))))]",
              "dependsOn": [
                "[concat(parameters('workspace'),'/','AliCloud')]"
              ],
              "properties": {
                "parentId": "[resourceId('Microsoft.OperationalInsights/workspaces/savedSearches', parameters('workspace'), 'AliCloud')]",
                "contentId": "AliCloud-Parser",
                "kind": "Parser",
                "version": "1.0.0",
                "source": {
                  "name": "Alibaba Cloud",
                  "kind": "Solution",
                  "sourceId": "azuresentinel.azure-sentinel-solution-alibabacloud"
                },
                "author": {
                  "name": "Microsoft",
                  "email": "support@microsoft.com"
                },
                "support": {
                  "name": "Microsoft Corporation",
                  "email": "support@microsoft.com",
                  "tier": "Microsoft",
                  "link": "https://support.microsoft.com"
                }
              }
            }
          ]
        },
        "packageKind": "Solution",
        "packageVersion": "2.0.0",
        "packageName": "Alibaba Cloud (Preview)",
        "packageId": "azuresentinel.azure-sentinel-solution-alibabacloud",
        "contentSchemaVersion": "2.0.0"
      }
    },
    {
      "type": "Microsoft.OperationalInsights/workspaces/savedSearches",
      "apiVersion": "2021-06-01",
      "name": "[concat(parameters('workspace'),'/','AliCloud')]",
      "location": "[parameters('workspace-location')]",
      "properties": {
        "eTag": "*",
        "displayName": "AliCloud",
        "category": "Samples",
        "functionAlias": "AliCloud",
        "query": "\nAliCloud_CL\r\n| extend EventVendor = 'Alibaba Cloud',\r\n         EventProduct = 'Alibaba Cloud',\r\n         EventCount = 1,\r\n         CreatedAt = unixtime_seconds_todatetime(timestamp_d)\r\n| extend d=parse_json(contents_event_s)\r\n| evaluate bag_unpack(d)\r\n| extend ContentTopic = contents___topic___s,\r\n        SourceName = source_s,\r\n        ContentTagPackId = contents___tag_____pack_id___s\r\n|project-away   timestamp_d,\r\n                contents_event_s,\r\n                contents___topic___s,\r\n                source_s,\r\n                contents___tag_____pack_id___s",
        "version": 1
      }
    },
    {
      "type": "Microsoft.OperationalInsights/workspaces/providers/metadata",
      "apiVersion": "2022-01-01-preview",
      "location": "[parameters('workspace-location')]",
      "name": "[concat(parameters('workspace'),'/Microsoft.SecurityInsights/',concat('Parser-', last(split(resourceId('Microsoft.OperationalInsights/workspaces/savedSearches', parameters('workspace'), 'AliCloud'),'/'))))]",
      "dependsOn": [
        "[resourceId('Microsoft.OperationalInsights/workspaces/savedSearches', parameters('workspace'), 'AliCloud')]"
      ],
      "properties": {
        "parentId": "[resourceId('Microsoft.OperationalInsights/workspaces/savedSearches', parameters('workspace'), 'AliCloud')]",
        "contentId": "AliCloud-Parser",
        "kind": "Parser",
        "version": "1.0.0",
        "source": {
          "kind": "Solution",
          "name": "Alibaba Cloud",
          "sourceId": "azuresentinel.azure-sentinel-solution-alibabacloud"
        },
        "author": {
          "name": "Microsoft",
          "email": "support@microsoft.com"
        },
        "support": {
          "name": "Microsoft Corporation",
          "email": "support@microsoft.com",
          "tier": "Microsoft",
          "link": "https://support.microsoft.com"
        }
      }
    },
    {
      "type": "Microsoft.OperationalInsights/workspaces/providers/contentTemplates",
      "name": "[concat(parameters('workspace'),'/Microsoft.SecurityInsights/',concat(concat(parameters('workspace'),'-dc-',uniquestring('AliCloud')),'1.0.0'))]",
      "location": "[parameters('workspace-location')]",
      "apiVersion": "2022-08-01",
      "dependsOn": [
        "[extensionResourceId(resourceId('Microsoft.OperationalInsights/workspaces', parameters('workspace')), 'Microsoft.SecurityInsights/contentPackages', 'azuresentinel.azure-sentinel-solution-alibabacloud')]"
      ],
      "properties": {
        "contentId": "AliCloud",
        "displayName": "AliCloud (using Azure Function)",
        "contentKind": "DataConnector",
        "mainTemplate": {
          "resources": [
            {
              "name": "[concat(parameters('workspace'),'/Microsoft.SecurityInsights/','AliCloud')]",
              "apiVersion": "2021-03-01-preview",
              "type": "Microsoft.OperationalInsights/workspaces/providers/dataConnectors",
              "location": "[parameters('workspace-location')]",
              "kind": "GenericUI",
              "properties": {
                "connectorUiConfig": {
                  "id": "AliCloud",
                  "title": "AliCloud (using Azure Function)",
                  "publisher": "AliCloud",
                  "descriptionMarkdown": "The [AliCloud](https://www.alibabacloud.com/product/log-service) data connector provides the capability to retrieve logs from cloud applications using the Cloud API and store events into Microsoft Sentinel through the [REST API](https://aliyun-log-python-sdk.readthedocs.io/api.html). The connector provides ability to get events which helps to examine potential security risks, analyze your team's use of collaboration, diagnose configuration problems and more.",
                  "additionalRequirementBanner": ">This data connector depends on a parser based on a Kusto Function to work as expected [**AliCloud**](https://aka.ms/sentinel-AliCloud-parser) which is deployed with the Microsoft Sentinel Solution.",
                  "graphQueries": [
                    {
                      "metricName": "Total data received",
                      "legend": "AliCloud_CL",
                      "baseQuery": "AliCloud_CL"
                    }
                  ],
                  "sampleQueries": [
                    {
                      "description": "AliCloud Events - All Activities.",
                      "query": "AliCloud\n | sort by TimeGenerated desc"
                    }
                  ],
                  "dataTypes": [
                    {
                      "name": "AliCloud_CL",
                      "lastDataReceivedQuery": "AliCloud_CL\n            | summarize Time = max(TimeGenerated)\n            | where isnotempty(Time)"
                    }
                  ],
                  "connectivityCriterias": [
                    {
                      "type": "IsConnectedQuery",
                      "value": [
                        "AliCloud_CL\n            | summarize LastLogReceived = max(TimeGenerated)\n            | project IsConnected = LastLogReceived > ago(30d)"
                      ]
                    }
                  ],
                  "availability": {
                    "status": 1,
                    "isPreview": false
                  },
                  "permissions": {
                    "resourceProvider": [
                      {
                        "provider": "Microsoft.OperationalInsights/workspaces",
                        "permissionsDisplayText": "read and write permissions on the workspace are required.",
                        "providerDisplayName": "Workspace",
                        "scope": "Workspace",
                        "requiredPermissions": {
                          "write": true,
                          "read": true,
                          "delete": true
                        }
                      },
                      {
                        "provider": "Microsoft.OperationalInsights/workspaces/sharedKeys",
                        "permissionsDisplayText": "read permissions to shared keys for the workspace are required. [See the documentation to learn more about workspace keys](https://docs.microsoft.com/azure/azure-monitor/platform/agent-windows#obtain-workspace-id-and-key).",
                        "providerDisplayName": "Keys",
                        "scope": "Workspace",
                        "requiredPermissions": {
                          "action": true
                        }
                      }
                    ],
                    "customs": [
                      {
                        "name": "Microsoft.Web/sites permissions",
                        "description": "Read and write permissions to Azure Functions to create a Function App is required. [See the documentation to learn more about Azure Functions](https://docs.microsoft.com/azure/azure-functions/)."
                      },
                      {
                        "name": "REST API Credentials/permissions",
                        "description": "**AliCloudAccessKeyId** and **AliCloudAccessKey** are required for making API calls."
                      }
                    ]
                  },
                  "instructionSteps": [
                    {
                      "description": ">**NOTE:** This connector uses Azure Functions to connect to the Azure Blob Storage API to pull logs into Microsoft Sentinel. This might result in additional costs for data ingestion and for storing data in Azure Blob Storage costs. Check the [Azure Functions pricing page](https://azure.microsoft.com/pricing/details/functions/) and [Azure Blob Storage pricing page](https://azure.microsoft.com/pricing/details/storage/blobs/) for details."
                    },
                    {
                      "description": ">**(Optional Step)** Securely store workspace and API authorization key(s) or token(s) in Azure Key Vault. Azure Key Vault provides a secure mechanism to store and retrieve key values. [Follow these instructions](https://docs.microsoft.com/azure/app-service/app-service-key-vault-references) to use Azure Key Vault with an Azure Function App."
                    },
                    {
                      "description": ">**NOTE:** This data connector depends on a parser based on a Kusto Function to work as expected [**AliCloud**](https://aka.ms/sentinel-AliCloud-parser) which is deployed with the Microsoft Sentinel Solution."
                    },
                    {
                      "description": "**STEP 1 - Configuration steps for the AliCloud API**\n\n Follow the instructions to obtain the credentials.\n\n1. Obtain the  **AliCloudAccessKeyId** and **AliCloudAccessKey**: log in the account, click on AccessKey Management then click View Secret.\n2. Save credentials for using in the data connector."
                    },
                    {
                      "description": "**STEP 2 - Choose ONE from the following two deployment options to deploy the connector and the associated Azure Function**\n\n>**IMPORTANT:** Before deploying the AliCloud data connector, have the Workspace ID and Workspace Primary Key (can be copied from the following).",
                      "instructions": [
                        {
                          "parameters": {
                            "fillWith": [
                              "WorkspaceId"
                            ],
                            "label": "Workspace ID"
                          },
                          "type": "CopyableLabel"
                        },
                        {
                          "parameters": {
                            "fillWith": [
                              "PrimaryKey"
                            ],
                            "label": "Primary Key"
                          },
                          "type": "CopyableLabel"
                        }
                      ]
                    },
                    {
                      "description": "**Option 1 - Azure Resource Manager (ARM) Template**\n\nUse this method for automated deployment of the AliCloud data connector using an ARM Tempate.\n\n1. Click the **Deploy to Azure** button below. \n\n\t[![Deploy To Azure](https://aka.ms/deploytoazurebutton)](https://aka.ms/sentinel-AliCloudAPI-azuredeploy)\n2. Select the preferred **Subscription**, **Resource Group** and **Location**. \n> **NOTE:** Within the same resource group, you can't mix Windows and Linux apps in the same region. Select existing resource group without Windows apps in it or create new resource group.\n3. Enter the **AliCloudEnvId**, **AliCloudAppName**, **AliCloudUsername** and **AliCloudPassword**  and deploy. \n4. Mark the checkbox labeled **I agree to the terms and conditions stated above**. \n5. Click **Purchase** to deploy."
                    },
                    {
                      "description": "**Option 2 - Manual Deployment of Azure Functions**\n\nUse the following step-by-step instructions to deploy the AliCloud data connector manually with Azure Functions (Deployment via Visual Studio Code)."
                    },
                    {
                      "description": "**1. Deploy a Function App**\n\n> **NOTE:** You will need to [prepare VS code](https://docs.microsoft.com/azure/azure-functions/functions-create-first-function-python#prerequisites) for Azure function development.\n\n1. Download the [Azure Function App](https://aka.ms/sentinel-AliCloudAPI-functionapp) file. Extract archive to your local development computer.\n2. Start VS Code. Choose File in the main menu and select Open Folder.\n3. Select the top level folder from extracted files.\n4. Choose the Azure icon in the Activity bar, then in the **Azure: Functions** area, choose the **Deploy to function app** button.\nIf you aren't already signed in, choose the Azure icon in the Activity bar, then in the **Azure: Functions** area, choose **Sign in to Azure**\nIf you're already signed in, go to the next step.\n5. Provide the following information at the prompts:\n\n\ta. **Select folder:** Choose a folder from your workspace or browse to one that contains your function app.\n\n\tb. **Select Subscription:** Choose the subscription to use.\n\n\tc. Select **Create new Function App in Azure** (Don't choose the Advanced option)\n\n\td. **Enter a globally unique name for the function app:** Type a name that is valid in a URL path. The name you type is validated to make sure that it's unique in Azure Functions. (e.g. AliCloudXXXXX).\n\n\te. **Select a runtime:** Choose Python 3.8.\n\n\tf. Select a location for new resources. For better performance and lower costs choose the same [region](https://azure.microsoft.com/regions/) where Microsoft Sentinel is located.\n\n6. Deployment will begin. A notification is displayed after your function app is created and the deployment package is applied.\n7. Go to Azure Portal for the Function App configuration."
                    },
                    {
                      "description": "**2. Configure the Function App**\n\n1. In the Function App, select the Function App Name and select **Configuration**.\n2. In the **Application settings** tab, select ** New application setting**.\n3. Add each of the following application settings individually, with their respective string values (case-sensitive): \n\t\tAliCloudAccessKeyId\n\t\tAliCloudAccessKey\n\t\tWorkspaceID\n\t\tWorkspaceKey\n\t\tlogAnalyticsUri (optional)\n\t\tAliCloudProjects (optional)\n\t\tAliCloudWorkers (optional)\n> - Use logAnalyticsUri to override the log analytics API endpoint for dedicated cloud. For example, for public cloud, leave the value empty; for Azure GovUS cloud environment, specify the value in the following format: `https://<CustomerId>.ods.opinsights.azure.us`.\n4. Once all application settings have been entered, click **Save**."
                    }
                  ],
                  "metadata": {
                    "id": "0b86e8ca-2880-4cdf-a381-8a7a703bbc35",
                    "version": "1.0.0",
                    "kind": "dataConnector",
                    "source": {
                      "kind": "community"
                    },
                    "author": {
                      "name": "Microsoft"
                    },
                    "support": {
                      "tier": "community",
                      "name": "Microsoft",
                      "link": "https://github.com/Azure/Azure-Sentinel/issues"
                    }
                  }
                }
              }
            },
            {
              "type": "Microsoft.OperationalInsights/workspaces/providers/metadata",
              "apiVersion": "2022-01-01-preview",
              "name": "[concat(parameters('workspace'),'/Microsoft.SecurityInsights/',concat('DataConnector-', last(split(extensionResourceId(resourceId('Microsoft.OperationalInsights/workspaces', parameters('workspace')), 'Microsoft.SecurityInsights/dataConnectors', 'AliCloud'),'/'))))]",
              "properties": {
                "parentId": "[extensionResourceId(resourceId('Microsoft.OperationalInsights/workspaces', parameters('workspace')), 'Microsoft.SecurityInsights/dataConnectors', 'AliCloud')]",
                "contentId": "AliCloud",
                "kind": "DataConnector",
                "version": "1.0.0",
                "source": {
                  "kind": "Solution",
                  "name": "Alibaba Cloud",
                  "sourceId": "azuresentinel.azure-sentinel-solution-alibabacloud"
                },
                "author": {
                  "name": "Microsoft",
                  "email": "support@microsoft.com"
                },
                "support": {
                  "name": "Microsoft Corporation",
                  "email": "support@microsoft.com",
                  "tier": "Microsoft",
                  "link": "https://support.microsoft.com"
                }
              }
            }
          ]
        },
        "packageKind": "Solution",
        "packageVersion": "2.0.0",
        "packageName": "Alibaba Cloud (Preview)",
        "packageId": "azuresentinel.azure-sentinel-solution-alibabacloud",
        "contentSchemaVersion": "2.0.0"
      }
    },
    {
      "type": "Microsoft.OperationalInsights/workspaces/providers/metadata",
      "apiVersion": "2022-01-01-preview",
      "name": "[concat(parameters('workspace'),'/Microsoft.SecurityInsights/',concat('DataConnector-', last(split(extensionResourceId(resourceId('Microsoft.OperationalInsights/workspaces', parameters('workspace')), 'Microsoft.SecurityInsights/dataConnectors', 'AliCloud'),'/'))))]",
      "dependsOn": [
        "[extensionResourceId(resourceId('Microsoft.OperationalInsights/workspaces', parameters('workspace')), 'Microsoft.SecurityInsights/dataConnectors', 'AliCloud')]"
      ],
      "location": "[parameters('workspace-location')]",
      "properties": {
        "parentId": "[extensionResourceId(resourceId('Microsoft.OperationalInsights/workspaces', parameters('workspace')), 'Microsoft.SecurityInsights/dataConnectors', 'AliCloud')]",
        "contentId": "AliCloud",
        "kind": "DataConnector",
        "version": "1.0.0",
        "source": {
          "kind": "Solution",
          "name": "Alibaba Cloud",
          "sourceId": "azuresentinel.azure-sentinel-solution-alibabacloud"
        },
        "author": {
          "name": "Microsoft",
          "email": "support@microsoft.com"
        },
        "support": {
          "name": "Microsoft Corporation",
          "email": "support@microsoft.com",
          "tier": "Microsoft",
          "link": "https://support.microsoft.com"
        }
      }
    },
    {
      "name": "[concat(parameters('workspace'),'/Microsoft.SecurityInsights/','AliCloud')]",
      "apiVersion": "2021-03-01-preview",
      "type": "Microsoft.OperationalInsights/workspaces/providers/dataConnectors",
      "location": "[parameters('workspace-location')]",
      "kind": "GenericUI",
      "properties": {
        "connectorUiConfig": {
          "title": "AliCloud (using Azure Function)",
          "publisher": "AliCloud",
          "descriptionMarkdown": "The [AliCloud](https://www.alibabacloud.com/product/log-service) data connector provides the capability to retrieve logs from cloud applications using the Cloud API and store events into Microsoft Sentinel through the [REST API](https://aliyun-log-python-sdk.readthedocs.io/api.html). The connector provides ability to get events which helps to examine potential security risks, analyze your team's use of collaboration, diagnose configuration problems and more.",
          "graphQueries": [
            {
              "metricName": "Total data received",
              "legend": "AliCloud_CL",
              "baseQuery": "AliCloud_CL"
            }
          ],
          "dataTypes": [
            {
              "name": "AliCloud_CL",
              "lastDataReceivedQuery": "AliCloud_CL\n            | summarize Time = max(TimeGenerated)\n            | where isnotempty(Time)"
            }
          ],
          "connectivityCriterias": [
            {
              "type": "IsConnectedQuery",
              "value": [
                "AliCloud_CL\n            | summarize LastLogReceived = max(TimeGenerated)\n            | project IsConnected = LastLogReceived > ago(30d)"
              ]
            }
          ],
          "sampleQueries": [
            {
              "description": "AliCloud Events - All Activities.",
              "query": "AliCloud\n | sort by TimeGenerated desc"
            }
          ],
          "availability": {
            "status": 1,
            "isPreview": false
          },
          "permissions": {
            "resourceProvider": [
              {
                "provider": "Microsoft.OperationalInsights/workspaces",
                "permissionsDisplayText": "read and write permissions on the workspace are required.",
                "providerDisplayName": "Workspace",
                "scope": "Workspace",
                "requiredPermissions": {
                  "write": true,
                  "read": true,
                  "delete": true
                }
              },
              {
                "provider": "Microsoft.OperationalInsights/workspaces/sharedKeys",
                "permissionsDisplayText": "read permissions to shared keys for the workspace are required. [See the documentation to learn more about workspace keys](https://docs.microsoft.com/azure/azure-monitor/platform/agent-windows#obtain-workspace-id-and-key).",
                "providerDisplayName": "Keys",
                "scope": "Workspace",
                "requiredPermissions": {
                  "action": true
                }
              }
            ],
            "customs": [
              {
                "name": "Microsoft.Web/sites permissions",
                "description": "Read and write permissions to Azure Functions to create a Function App is required. [See the documentation to learn more about Azure Functions](https://docs.microsoft.com/azure/azure-functions/)."
              },
              {
                "name": "REST API Credentials/permissions",
                "description": "**AliCloudAccessKeyId** and **AliCloudAccessKey** are required for making API calls."
              }
            ]
          },
          "instructionSteps": [
            {
              "description": ">**NOTE:** This connector uses Azure Functions to connect to the Azure Blob Storage API to pull logs into Microsoft Sentinel. This might result in additional costs for data ingestion and for storing data in Azure Blob Storage costs. Check the [Azure Functions pricing page](https://azure.microsoft.com/pricing/details/functions/) and [Azure Blob Storage pricing page](https://azure.microsoft.com/pricing/details/storage/blobs/) for details."
            },
            {
              "description": ">**(Optional Step)** Securely store workspace and API authorization key(s) or token(s) in Azure Key Vault. Azure Key Vault provides a secure mechanism to store and retrieve key values. [Follow these instructions](https://docs.microsoft.com/azure/app-service/app-service-key-vault-references) to use Azure Key Vault with an Azure Function App."
            },
            {
              "description": ">**NOTE:** This data connector depends on a parser based on a Kusto Function to work as expected [**AliCloud**](https://aka.ms/sentinel-AliCloud-parser) which is deployed with the Microsoft Sentinel Solution."
            },
            {
              "description": "**STEP 1 - Configuration steps for the AliCloud API**\n\n Follow the instructions to obtain the credentials.\n\n1. Obtain the  **AliCloudAccessKeyId** and **AliCloudAccessKey**: log in the account, click on AccessKey Management then click View Secret.\n2. Save credentials for using in the data connector."
            },
            {
              "description": "**STEP 2 - Choose ONE from the following two deployment options to deploy the connector and the associated Azure Function**\n\n>**IMPORTANT:** Before deploying the AliCloud data connector, have the Workspace ID and Workspace Primary Key (can be copied from the following).",
              "instructions": [
                {
                  "parameters": {
                    "fillWith": [
                      "WorkspaceId"
                    ],
                    "label": "Workspace ID"
                  },
                  "type": "CopyableLabel"
                },
                {
                  "parameters": {
                    "fillWith": [
                      "PrimaryKey"
                    ],
                    "label": "Primary Key"
                  },
                  "type": "CopyableLabel"
                }
              ]
            },
            {
              "description": "**Option 1 - Azure Resource Manager (ARM) Template**\n\nUse this method for automated deployment of the AliCloud data connector using an ARM Tempate.\n\n1. Click the **Deploy to Azure** button below. \n\n\t[![Deploy To Azure](https://aka.ms/deploytoazurebutton)](https://aka.ms/sentinel-AliCloudAPI-azuredeploy)\n2. Select the preferred **Subscription**, **Resource Group** and **Location**. \n> **NOTE:** Within the same resource group, you can't mix Windows and Linux apps in the same region. Select existing resource group without Windows apps in it or create new resource group.\n3. Enter the **AliCloudEnvId**, **AliCloudAppName**, **AliCloudUsername** and **AliCloudPassword**  and deploy. \n4. Mark the checkbox labeled **I agree to the terms and conditions stated above**. \n5. Click **Purchase** to deploy."
            },
            {
              "description": "**Option 2 - Manual Deployment of Azure Functions**\n\nUse the following step-by-step instructions to deploy the AliCloud data connector manually with Azure Functions (Deployment via Visual Studio Code)."
            },
            {
              "description": "**1. Deploy a Function App**\n\n> **NOTE:** You will need to [prepare VS code](https://docs.microsoft.com/azure/azure-functions/functions-create-first-function-python#prerequisites) for Azure function development.\n\n1. Download the [Azure Function App](https://aka.ms/sentinel-AliCloudAPI-functionapp) file. Extract archive to your local development computer.\n2. Start VS Code. Choose File in the main menu and select Open Folder.\n3. Select the top level folder from extracted files.\n4. Choose the Azure icon in the Activity bar, then in the **Azure: Functions** area, choose the **Deploy to function app** button.\nIf you aren't already signed in, choose the Azure icon in the Activity bar, then in the **Azure: Functions** area, choose **Sign in to Azure**\nIf you're already signed in, go to the next step.\n5. Provide the following information at the prompts:\n\n\ta. **Select folder:** Choose a folder from your workspace or browse to one that contains your function app.\n\n\tb. **Select Subscription:** Choose the subscription to use.\n\n\tc. Select **Create new Function App in Azure** (Don't choose the Advanced option)\n\n\td. **Enter a globally unique name for the function app:** Type a name that is valid in a URL path. The name you type is validated to make sure that it's unique in Azure Functions. (e.g. AliCloudXXXXX).\n\n\te. **Select a runtime:** Choose Python 3.8.\n\n\tf. Select a location for new resources. For better performance and lower costs choose the same [region](https://azure.microsoft.com/regions/) where Microsoft Sentinel is located.\n\n6. Deployment will begin. A notification is displayed after your function app is created and the deployment package is applied.\n7. Go to Azure Portal for the Function App configuration."
            },
            {
              "description": "**2. Configure the Function App**\n\n1. In the Function App, select the Function App Name and select **Configuration**.\n2. In the **Application settings** tab, select ** New application setting**.\n3. Add each of the following application settings individually, with their respective string values (case-sensitive): \n\t\tAliCloudAccessKeyId\n\t\tAliCloudAccessKey\n\t\tWorkspaceID\n\t\tWorkspaceKey\n\t\tlogAnalyticsUri (optional)\n\t\tAliCloudProjects (optional)\n\t\tAliCloudWorkers (optional)\n> - Use logAnalyticsUri to override the log analytics API endpoint for dedicated cloud. For example, for public cloud, leave the value empty; for Azure GovUS cloud environment, specify the value in the following format: `https://<CustomerId>.ods.opinsights.azure.us`.\n4. Once all application settings have been entered, click **Save**."
            }
          ],
          "id": "AliCloud",
          "additionalRequirementBanner": ">This data connector depends on a parser based on a Kusto Function to work as expected [**AliCloud**](https://aka.ms/sentinel-AliCloud-parser) which is deployed with the Microsoft Sentinel Solution."
        }
      }
    },
    {
      "type": "Microsoft.OperationalInsights/workspaces/providers/contentPackages",
      "name": "[concat(parameters('workspace'),'/Microsoft.SecurityInsights/', 'azuresentinel.azure-sentinel-solution-alibabacloud')]",
      "location": "[parameters('workspace-location')]",
      "apiVersion": "2022-08-01",
      "properties": {
        "version": "2.0.0",
        "kind": "Solution",
        "contentSchemaVersion": "2.0.0",
        "source": {
          "kind": "Solution",
          "name": "Alibaba Cloud",
          "sourceId": "azuresentinel.azure-sentinel-solution-alibabacloud"
        },
        "author": {
          "name": "Microsoft",
          "email": "support@microsoft.com"
        },
        "support": {
          "name": "Microsoft Corporation",
          "email": "support@microsoft.com",
          "tier": "Microsoft",
          "link": "https://support.microsoft.com"
        },
        "dependencies": {
          "operator": "AND",
          "criteria": [
            {
              "kind": "Parser",
              "contentId": "AliCloud-Parser",
              "version": "1.0.0"
            },
            {
              "kind": "DataConnector",
              "contentId": "AliCloud",
              "version": "1.0.0"
            }
          ]
        },
        "firstPublishDate": "2022-06-27",
        "providers": [
          "AliCloud"
        ],
        "categories": {
          "domains": [
            "Cloud Provider"
          ]
        },
        "id": "azuresentinel.azure-sentinel-solution-alibabacloud",
        "packageKind": "Solution",
        "displayName": "Alibaba Cloud (Preview)",
        "publisherDisplayName": "Microsoft Sentinel, Microsoft Corporation",
        "descriptionHtml": "<p><strong>Note:</strong> <em>There may be <a target=\"_blank\" href=\"https://aka.ms/sentinelsolutionsknownissues\" rel=\"noopener\">known issues</a> pertaining to this Solution, please refer to them before installing.</em></p><p>The <a target=\"_blank\" href=\"https://www.alibabacloud.com/product/log-service\" rel=\"noopener\">Alibaba Cloud</a> solution provides the capability to retrieve logs from cloud applications using the Cloud API and store events into Microsoft Sentinel through the <a target=\"_blank\" href=\"https://aliyun-log-python-sdk.readthedocs.io/api.html\" rel=\"noopener\">REST API</a>.</p><p><strong>Underlying Microsoft Technologies used:</strong></p><p>This solution takes a dependency on the following technologies, and some of these dependencies either may be in <a target=\"_blank\" href=\"https://azure.microsoft.com/support/legal/preview-supplemental-terms/\" rel=\"noopener\">Preview</a> state or might result in additional ingestion or operational costs:</p><p>a. <a target=\"_blank\" href=\"https://docs.microsoft.com/azure/azure-monitor/logs/data-collector-api?WT.mc_id=Portal-fx\" rel=\"noopener\">Azure Monitor HTTP Data Collector API</a></p><p>b. <a target=\"_blank\" href=\"https://azure.microsoft.com/services/functions/#overview\" rel=\"noopener\">Azure Functions</a></p><p><strong>Data Connectors:</strong> 1, <strong>Parsers:</strong> 1</p><p><a target=\"_blank\" href=\"https://aka.ms/azuresentinel\" rel=\"noopener\">Learn more about Microsoft Sentinel</a> | <a target=\"_blank\" href=\"https://aka.ms/azuresentinelsolutionsdoc\" rel=\"noopener\">Learn more about Solutions</a></p>",
        "icon": "https://store-images.s-microsoft.com/image/apps.55441.4391bc24-5613-4c76-aba1-4d2e5cebb4d5.349e5167-877d-4806-96ef-ef831ccb8767.a9ae3de2-07a2-4d9e-a439-b8bf3be7f854"
      }
    }
  ]
}