{
  "$schema": "https://schema.management.azure.com/schemas/2019-04-01/deploymentTemplate.json#",
  "contentVersion": "1.0.0.0",
  "metadata": {
    "author": "Microsoft - support@microsoft.com",
    "comments": "Solution template for Akamai Security Events"
  },
  "parameters": {
    "location": {
      "type": "string",
      "minLength": 1,
      "defaultValue": "[resourceGroup().location]",
      "metadata": {
        "description": "Not used, but needed to pass arm-ttk test `Location-Should-Not-Be-Hardcoded`.  We instead use the `workspace-location` which is derived from the LA workspace"
      }
    },
    "workspace-location": {
      "type": "string",
      "defaultValue": "",
      "metadata": {
        "description": "[concat('Region to deploy solution resources -- separate from location selection',parameters('location'))]"
      }
    },
    "workspace": {
      "defaultValue": "",
      "type": "string",
      "metadata": {
        "description": "Workspace name for Log Analytics where Microsoft Sentinel is setup"
      }
    }
  },
  "resources": [
    {
      "name": "pid-cd71756a-a6d5-48b2-8e5b-6c4c24e77e0d-partnercenter",
      "type": "Microsoft.Resources/deployments",
      "apiVersion": "2020-10-01",
      "properties": {
        "mode": "Incremental",
        "template": {
          "$schema": "https://schema.management.azure.com/schemas/2019-04-01/deploymentTemplate.json#",
          "contentVersion": "1.0.0.0",
          "resources": []
        }
      }
    },
    {
      "type": "Microsoft.OperationalInsights/workspaces/providers/contentTemplates",
      "name": "[concat(parameters('workspace'),'/Microsoft.SecurityInsights/',concat(concat(parameters('workspace'),'-dc-',uniquestring('AkamaiSecurityEvents')),'1.0.0'))]",
      "location": "[parameters('workspace-location')]",
      "apiVersion": "2022-08-01",
      "dependsOn": [
        "[extensionResourceId(resourceId('Microsoft.OperationalInsights/workspaces', parameters('workspace')), 'Microsoft.SecurityInsights/contentPackages', 'azuresentinel.azure-sentinel-solution-akamai')]"
      ],
      "properties": {
        "contentId": "AkamaiSecurityEvents",
        "displayName": "Akamai Security Events",
        "contentKind": "DataConnector",
        "mainTemplate": {
          "resources": [
            {
              "name": "[concat(parameters('workspace'),'/Microsoft.SecurityInsights/','AkamaiSecurityEvents')]",
              "apiVersion": "2021-03-01-preview",
              "type": "Microsoft.OperationalInsights/workspaces/providers/dataConnectors",
              "location": "[parameters('workspace-location')]",
              "kind": "GenericUI",
              "properties": {
                "connectorUiConfig": {
                  "id": "AkamaiSecurityEvents",
                  "title": "Akamai Security Events",
                  "publisher": "Akamai",
                  "descriptionMarkdown": "Akamai Solution for Sentinel provides the capability to ingest [Akamai Security Events](https://www.akamai.com/us/en/products/security/) into Microsoft Sentinel. Refer to [Akamai SIEM Integration documentation](https://developer.akamai.com/tools/integrations/siem) for more information.",
                  "additionalRequirementBanner": "This data connector depends on a parser based on Kusto Function to work as expected. Follow the steps to use this Kusto Function alias **AkamaiSIEMEvent** in queries and workbooks. [Follow steps to get this Kusto Function>](https://aka.ms/sentinel-akamaisecurityevents-parser)  ",
                  "graphQueries": [
                    {
                      "metricName": "Total data received",
                      "legend": "AkamaiSecurityEvents",
                      "baseQuery": "CommonSecurityLog\n| where DeviceVendor == \"Akamai\"\n| where DeviceProduct == \"akamai_siem\""
                    }
                  ],
                  "sampleQueries": [
                    {
                      "description": "Top 10 Countries",
                      "query": "AkamaiSIEMEvent\n | summarize count() by SrcGeoCountry\n | top 10 by count_"
                    }
                  ],
                  "dataTypes": [
                    {
                      "name": "CommonSecurityLog (AkamaiSecurityEvents)",
                      "lastDataReceivedQuery": "CommonSecurityLog\n | where DeviceVendor == \"Akamai\"\n | where DeviceProduct == \"akamai_siem\"\n | summarize Time = max(TimeGenerated)\n| where isnotempty(Time)"
                    }
                  ],
                  "connectivityCriterias": [
                    {
                      "type": "IsConnectedQuery",
                      "value": [
                        "CommonSecurityLog\n | where DeviceVendor == \"Akamai\"\n | where DeviceProduct == \"akamai_siem\"\n | summarize LastLogReceived = max(TimeGenerated)\n| project IsConnected = LastLogReceived > ago(30d)"
                      ]
                    }
                  ],
                  "availability": {
                    "status": 1,
                    "isPreview": false
                  },
                  "permissions": {
                    "resourceProvider": [
                      {
                        "provider": "Microsoft.OperationalInsights/workspaces",
                        "permissionsDisplayText": "read and write permissions are required.",
                        "providerDisplayName": "Workspace",
                        "scope": "Workspace",
                        "requiredPermissions": {
                          "read": true,
                          "write": true,
                          "delete": true
                        }
                      },
                      {
                        "provider": "Microsoft.OperationalInsights/workspaces/sharedKeys",
                        "permissionsDisplayText": "read permissions to shared keys for the workspace are required. [See the documentation to learn more about workspace keys](https://docs.microsoft.com/azure/azure-monitor/platform/agent-windows#obtain-workspace-id-and-key).",
                        "providerDisplayName": "Keys",
                        "scope": "Workspace",
                        "requiredPermissions": {
                          "action": true
                        }
                      }
                    ]
                  },
                  "instructionSteps": [
                    {
                      "description": ">**NOTE:** This data connector depends on a parser based on a Kusto Function to work as expected. [Follow these steps](https://aka.ms/sentinel-akamaisecurityevents-parser) to create the Kusto functions alias, **AkamaiSIEMEvent**"
                    },
                    {
                      "description": "Install and configure the Linux agent to collect your Common Event Format (CEF) Syslog messages and forward them to Microsoft Sentinel.\n\n> Notice that the data from all regions will be stored in the selected workspace",
                      "innerSteps": [
                        {
                          "title": "1.1 Select or create a Linux machine",
                          "description": "Select or create a Linux machine that Microsoft Sentinel will use as the proxy between your security solution and Microsoft Sentinel this machine can be on your on-prem environment, Azure or other clouds."
                        },
                        {
                          "title": "1.2 Install the CEF collector on the Linux machine",
                          "description": "Install the Microsoft Monitoring Agent on your Linux machine and configure the machine to listen on the necessary port and forward messages to your Microsoft Sentinel workspace. The CEF collector collects CEF messages on port 514 TCP.\n\n> 1. Make sure that you have Python on your machine using the following command: python -version.\n\n> 2. You must have elevated permissions (sudo) on your machine.",
                          "instructions": [
                            {
                              "parameters": {
                                "fillWith": [
                                  "WorkspaceId",
                                  "PrimaryKey"
                                ],
                                "label": "Run the following command to install and apply the CEF collector:",
                                "value": "sudo wget -O cef_installer.py https://raw.githubusercontent.com/Azure/Azure-Sentinel/master/DataConnectors/CEF/cef_installer.py&&sudo python cef_installer.py {0} {1}"
                              },
                              "type": "CopyableLabel"
                            }
                          ]
                        }
                      ],
                      "title": "1. Linux Syslog agent configuration"
                    },
                    {
                      "description": "[Follow these steps](https://developer.akamai.com/tools/integrations/siem) to configure Akamai CEF connector to send Syslog messages in CEF format to the proxy machine. Make sure you to send the logs to port 514 TCP on the machine's IP address.",
                      "title": "2. Forward Common Event Format (CEF) logs to Syslog agent"
                    },
                    {
                      "description": "Follow the instructions to validate your connectivity:\n\nOpen Log Analytics to check if the logs are received using the CommonSecurityLog schema.\n\n>It may take about 20 minutes until the connection streams data to your workspace.\n\nIf the logs are not received, run the following connectivity validation script:\n\n> 1. Make sure that you have Python on your machine using the following command: python -version\n\n>2. You must have elevated permissions (sudo) on your machine",
                      "instructions": [
                        {
                          "parameters": {
                            "fillWith": [
                              "WorkspaceId"
                            ],
                            "label": "Run the following command to validate your connectivity:",
                            "value": "sudo wget  -O cef_troubleshoot.py https://raw.githubusercontent.com/Azure/Azure-Sentinel/master/DataConnectors/CEF/cef_troubleshoot.py&&sudo python cef_troubleshoot.py  {0}"
                          },
                          "type": "CopyableLabel"
                        }
                      ],
                      "title": "3. Validate connection"
                    },
                    {
                      "description": "Make sure to configure the machine's security according to your organization's security policy\n\n\n[Learn more >](https://aka.ms/SecureCEF)",
                      "title": "4. Secure your machine "
                    }
                  ]
                }
              }
            },
            {
              "type": "Microsoft.OperationalInsights/workspaces/providers/metadata",
              "apiVersion": "2022-01-01-preview",
              "name": "[concat(parameters('workspace'),'/Microsoft.SecurityInsights/',concat('DataConnector-', last(split(extensionResourceId(resourceId('Microsoft.OperationalInsights/workspaces', parameters('workspace')), 'Microsoft.SecurityInsights/dataConnectors', 'AkamaiSecurityEvents'),'/'))))]",
              "properties": {
                "parentId": "[extensionResourceId(resourceId('Microsoft.OperationalInsights/workspaces', parameters('workspace')), 'Microsoft.SecurityInsights/dataConnectors', 'AkamaiSecurityEvents')]",
                "contentId": "AkamaiSecurityEvents",
                "kind": "DataConnector",
                "version": "1.0.0",
                "source": {
                  "kind": "Solution",
                  "name": "Akamai Security Events",
                  "sourceId": "azuresentinel.azure-sentinel-solution-akamai"
                },
                "author": {
                  "name": "Microsoft",
                  "email": "support@microsoft.com"
                },
                "support": {
                  "name": "Microsoft Corporation",
                  "email": "support@microsoft.com",
                  "tier": "Microsoft",
                  "link": "https://support.microsoft.com"
                }
              }
            }
          ]
        },
        "packageKind": "Solution",
        "packageVersion": "2.0.1",
        "packageName": "Akamai Security",
        "packageId": "azuresentinel.azure-sentinel-solution-akamai",
        "contentSchemaVersion": "2.0.0"
      }
    },
    {
      "type": "Microsoft.OperationalInsights/workspaces/providers/metadata",
      "apiVersion": "2022-01-01-preview",
      "name": "[concat(parameters('workspace'),'/Microsoft.SecurityInsights/',concat('DataConnector-', last(split(extensionResourceId(resourceId('Microsoft.OperationalInsights/workspaces', parameters('workspace')), 'Microsoft.SecurityInsights/dataConnectors', 'AkamaiSecurityEvents'),'/'))))]",
      "dependsOn": [
        "[extensionResourceId(resourceId('Microsoft.OperationalInsights/workspaces', parameters('workspace')), 'Microsoft.SecurityInsights/dataConnectors', 'AkamaiSecurityEvents')]"
      ],
      "location": "[parameters('workspace-location')]",
      "properties": {
        "parentId": "[extensionResourceId(resourceId('Microsoft.OperationalInsights/workspaces', parameters('workspace')), 'Microsoft.SecurityInsights/dataConnectors', 'AkamaiSecurityEvents')]",
        "contentId": "AkamaiSecurityEvents",
        "kind": "DataConnector",
        "version": "1.0.0",
        "source": {
          "kind": "Solution",
          "name": "Akamai Security Events",
          "sourceId": "azuresentinel.azure-sentinel-solution-akamai"
        },
        "author": {
          "name": "Microsoft",
          "email": "support@microsoft.com"
        },
        "support": {
          "name": "Microsoft Corporation",
          "email": "support@microsoft.com",
          "tier": "Microsoft",
          "link": "https://support.microsoft.com"
        }
      }
    },
    {
      "name": "[concat(parameters('workspace'),'/Microsoft.SecurityInsights/','AkamaiSecurityEvents')]",
      "apiVersion": "2021-03-01-preview",
      "type": "Microsoft.OperationalInsights/workspaces/providers/dataConnectors",
      "location": "[parameters('workspace-location')]",
      "kind": "GenericUI",
      "properties": {
        "connectorUiConfig": {
          "title": "Akamai Security Events",
          "publisher": "Akamai",
          "descriptionMarkdown": "Akamai Solution for Sentinel provides the capability to ingest [Akamai Security Events](https://www.akamai.com/us/en/products/security/) into Microsoft Sentinel. Refer to [Akamai SIEM Integration documentation](https://developer.akamai.com/tools/integrations/siem) for more information.",
          "graphQueries": [
            {
              "metricName": "Total data received",
              "legend": "AkamaiSecurityEvents",
              "baseQuery": "CommonSecurityLog\n| where DeviceVendor == \"Akamai\"\n| where DeviceProduct == \"akamai_siem\""
            }
          ],
          "dataTypes": [
            {
              "name": "CommonSecurityLog (AkamaiSecurityEvents)",
              "lastDataReceivedQuery": "CommonSecurityLog\n | where DeviceVendor == \"Akamai\"\n | where DeviceProduct == \"akamai_siem\"\n | summarize Time = max(TimeGenerated)\n| where isnotempty(Time)"
            }
          ],
          "connectivityCriterias": [
            {
              "type": "IsConnectedQuery",
              "value": [
                "CommonSecurityLog\n | where DeviceVendor == \"Akamai\"\n | where DeviceProduct == \"akamai_siem\"\n | summarize LastLogReceived = max(TimeGenerated)\n| project IsConnected = LastLogReceived > ago(30d)"
              ]
            }
          ],
          "sampleQueries": [
            {
              "description": "Top 10 Countries",
              "query": "AkamaiSIEMEvent\n | summarize count() by SrcGeoCountry\n | top 10 by count_"
            }
          ],
          "availability": {
            "status": 1,
            "isPreview": false
          },
          "permissions": {
            "resourceProvider": [
              {
                "provider": "Microsoft.OperationalInsights/workspaces",
                "permissionsDisplayText": "read and write permissions are required.",
                "providerDisplayName": "Workspace",
                "scope": "Workspace",
                "requiredPermissions": {
                  "read": true,
                  "write": true,
                  "delete": true
                }
              },
              {
                "provider": "Microsoft.OperationalInsights/workspaces/sharedKeys",
                "permissionsDisplayText": "read permissions to shared keys for the workspace are required. [See the documentation to learn more about workspace keys](https://docs.microsoft.com/azure/azure-monitor/platform/agent-windows#obtain-workspace-id-and-key).",
                "providerDisplayName": "Keys",
                "scope": "Workspace",
                "requiredPermissions": {
                  "action": true
                }
              }
            ]
          },
          "instructionSteps": [
            {
              "description": ">**NOTE:** This data connector depends on a parser based on a Kusto Function to work as expected. [Follow these steps](https://aka.ms/sentinel-akamaisecurityevents-parser) to create the Kusto functions alias, **AkamaiSIEMEvent**"
            },
            {
              "description": "Install and configure the Linux agent to collect your Common Event Format (CEF) Syslog messages and forward them to Microsoft Sentinel.\n\n> Notice that the data from all regions will be stored in the selected workspace",
              "innerSteps": [
                {
                  "title": "1.1 Select or create a Linux machine",
                  "description": "Select or create a Linux machine that Microsoft Sentinel will use as the proxy between your security solution and Microsoft Sentinel this machine can be on your on-prem environment, Azure or other clouds."
                },
                {
                  "title": "1.2 Install the CEF collector on the Linux machine",
                  "description": "Install the Microsoft Monitoring Agent on your Linux machine and configure the machine to listen on the necessary port and forward messages to your Microsoft Sentinel workspace. The CEF collector collects CEF messages on port 514 TCP.\n\n> 1. Make sure that you have Python on your machine using the following command: python -version.\n\n> 2. You must have elevated permissions (sudo) on your machine.",
                  "instructions": [
                    {
                      "parameters": {
                        "fillWith": [
                          "WorkspaceId",
                          "PrimaryKey"
                        ],
                        "label": "Run the following command to install and apply the CEF collector:",
                        "value": "sudo wget -O cef_installer.py https://raw.githubusercontent.com/Azure/Azure-Sentinel/master/DataConnectors/CEF/cef_installer.py&&sudo python cef_installer.py {0} {1}"
                      },
                      "type": "CopyableLabel"
                    }
                  ]
                }
              ],
              "title": "1. Linux Syslog agent configuration"
            },
            {
              "description": "[Follow these steps](https://developer.akamai.com/tools/integrations/siem) to configure Akamai CEF connector to send Syslog messages in CEF format to the proxy machine. Make sure you to send the logs to port 514 TCP on the machine's IP address.",
              "title": "2. Forward Common Event Format (CEF) logs to Syslog agent"
            },
            {
              "description": "Follow the instructions to validate your connectivity:\n\nOpen Log Analytics to check if the logs are received using the CommonSecurityLog schema.\n\n>It may take about 20 minutes until the connection streams data to your workspace.\n\nIf the logs are not received, run the following connectivity validation script:\n\n> 1. Make sure that you have Python on your machine using the following command: python -version\n\n>2. You must have elevated permissions (sudo) on your machine",
              "instructions": [
                {
                  "parameters": {
                    "fillWith": [
                      "WorkspaceId"
                    ],
                    "label": "Run the following command to validate your connectivity:",
                    "value": "sudo wget  -O cef_troubleshoot.py https://raw.githubusercontent.com/Azure/Azure-Sentinel/master/DataConnectors/CEF/cef_troubleshoot.py&&sudo python cef_troubleshoot.py  {0}"
                  },
                  "type": "CopyableLabel"
                }
              ],
              "title": "3. Validate connection"
            },
            {
              "description": "Make sure to configure the machine's security according to your organization's security policy\n\n\n[Learn more >](https://aka.ms/SecureCEF)",
              "title": "4. Secure your machine "
            }
          ],
          "id": "AkamaiSecurityEvents",
          "additionalRequirementBanner": "This data connector depends on a parser based on Kusto Function to work as expected. Follow the steps to use this Kusto Function alias **AkamaiSIEMEvent** in queries and workbooks. [Follow steps to get this Kusto Function>](https://aka.ms/sentinel-akamaisecurityevents-parser)  "
        }
      }
    },
    {
      "type": "Microsoft.OperationalInsights/workspaces/providers/contentTemplates",
      "name": "[concat(parameters('workspace'),'/Microsoft.SecurityInsights/',concat(concat(parameters('workspace'),'-pr-',uniquestring('AkamaiSIEMEvent-Parser')),'1.0.0'))]",
      "location": "[parameters('workspace-location')]",
      "apiVersion": "2022-08-01",
      "dependsOn": [
        "[extensionResourceId(resourceId('Microsoft.OperationalInsights/workspaces', parameters('workspace')), 'Microsoft.SecurityInsights/contentPackages', 'azuresentinel.azure-sentinel-solution-akamai')]"
      ],
      "properties": {
        "contentId": "AkamaiSIEMEvent-Parser",
        "displayName": "AkamaiSIEMEvent",
        "contentKind": "Parser",
        "mainTemplate": {
          "resources": [
            {
              "name": "[concat(parameters('workspace'),'/','AkamaiSIEMEvent')]",
              "apiVersion": "2020-08-01",
              "type": "Microsoft.OperationalInsights/workspaces/savedSearches",
              "location": "[parameters('workspace-location')]",
              "properties": {
                "eTag": "*",
                "displayName": "AkamaiSIEMEvent",
                "category": "Samples",
                "functionAlias": "AkamaiSIEMEvent",
                "query": "\nCommonSecurityLog \r\n| where DeviceVendor == 'Akamai'\r\n| where DeviceProduct == 'akamai_siem'\r\n| extend EventVendor = 'Akamai'\r\n| extend EventProduct = 'akamai_siem'\r\n| extend EventProductVersion = '1.0'\r\n| extend EventId = DeviceEventClassID\r\n| extend EventCategory = Activity\r\n| extend EventSeverity = LogSeverity\r\n| extend DvcAction = DeviceAction\r\n| extend NetworkApplicationProtocol = ApplicationProtocol\r\n| extend Ipv6Src = DeviceCustomIPv6Address2\r\n| extend RuleName = DeviceCustomString1\r\n| extend RuleMessages = DeviceCustomString2\r\n| extend RuleData = DeviceCustomString3\r\n| extend RuleSelectors = DeviceCustomString4\r\n| extend ClientReputation = DeviceCustomString5\r\n| extend ApiId = DeviceCustomString6\r\n| extend RequestId = DevicePayloadId\r\n| extend DstDvcHostname = DestinationHostName\r\n| extend DstPortNumber = DestinationPort\r\n| extend ConfigId = FlexString1\r\n| extend PolicyId = FlexString2\r\n| extend NetworkBytes = SentBytes\r\n| extend UrlOriginal = RequestURL\r\n| extend HttpRequestMethod = RequestMethod\r\n| extend SrcIpAddr = SourceIP\r\n| extend EventStartTime = datetime(1970-01-01) + coalesce(\r\n                            tolong(extract(@'.*start=(.*?);', 1, AdditionalExtensions)),\r\n                            tolong(column_ifexists(\"StartTime\", long(null)))\r\n                        ) * 1s \r\n| extend SlowPostAction = extract(@'.*AkamaiSiemSlowPostAction=(.*?);', 1, AdditionalExtensions)\r\n| extend SlowPostRate = extract(@'.*AkamaiSiemSlowPostRate=(.*?);', 1, AdditionalExtensions)\r\n| extend RuleVersions = extract(@'.*AkamaiSiemRuleVersions=,?(.*?);', 1, AdditionalExtensions)\r\n| extend RuleTags = extract(@'.*AkamaiSiemRuleTags=(.*?);', 1, AdditionalExtensions)\r\n| extend ApiKey = extract(@'.*AkamaiSiemApiKey=(.*?);', 1, AdditionalExtensions)\r\n| extend Tls = extract(@'.*AkamaiSiemTLSVersion=(.*?);', 1, AdditionalExtensions)\r\n| extend RequestHeaders = extract(@'.*AkamaiSiemRequestHeaders=;?(.*?);', 1, AdditionalExtensions)\r\n| extend ResponseHeaders = extract(@'.*AkamaiSiemResponseHeaders=(.*?);', 1, AdditionalExtensions)\r\n| extend HttpStatusCode = extract(@'.*AkamaiSiemResponseStatus=(.*?);', 1, AdditionalExtensions)\r\n| extend GeoContinent = extract(@'.*AkamaiSiemContinent=(.*?);', 1, AdditionalExtensions)\r\n| extend SrcGeoCountry = extract(@'.*AkamaiSiemCountry=(.*?);', 1, AdditionalExtensions)\r\n| extend SrcGeoCity = extract(@'.*AkamaiSiemCity=(.*?);', 1, AdditionalExtensions)\r\n| extend SrcGeoRegion = extract(@'.*AkamaiSiemRegion=(.*?);', 1, AdditionalExtensions)\r\n| extend GeoAsn = extract(@'.*AkamaiSiemASN=(\\d+)', 1, AdditionalExtensions)\r\n| extend Custom = extract(@'.*AkamaiSiemCusomData=(.*?)', 1, AdditionalExtensions)\r\n| project TimeGenerated\r\n        , EventVendor\r\n        , EventProduct\r\n        , EventProductVersion\r\n        , EventStartTime\r\n        , EventId\r\n        , EventCategory\r\n        , EventSeverity\r\n        , DvcAction\r\n        , NetworkApplicationProtocol\r\n        , Ipv6Src\r\n        , RuleName\r\n        , RuleMessages\r\n        , RuleData\r\n        , RuleSelectors\r\n        , ClientReputation\r\n        , ApiId\r\n        , RequestId\r\n        , DstDvcHostname\r\n        , DstPortNumber\r\n        , ConfigId\r\n        , PolicyId\r\n        , NetworkBytes\r\n        , UrlOriginal\r\n        , HttpRequestMethod\r\n        , SrcIpAddr\r\n        , SlowPostAction\r\n        , SlowPostRate\r\n        , RuleVersions\r\n        , RuleTags\r\n        , ApiKey\r\n        , Tls\r\n        , RequestHeaders\r\n        , ResponseHeaders\r\n        , HttpStatusCode\r\n        , GeoContinent\r\n        , SrcGeoCountry\r\n        , SrcGeoCity\r\n        , SrcGeoRegion\r\n        , GeoAsn\r\n        , Custom\r\n",
                "version": 1,
                "tags": [
                  {
                    "name": "description",
                    "value": "AkamaiSIEMEvent"
                  }
                ]
              }
            },
            {
              "type": "Microsoft.OperationalInsights/workspaces/providers/metadata",
              "apiVersion": "2022-01-01-preview",
              "name": "[concat(parameters('workspace'),'/Microsoft.SecurityInsights/',concat('Parser-', last(split(resourceId('Microsoft.OperationalInsights/workspaces/savedSearches', parameters('workspace'), 'AkamaiSIEMEvent'),'/'))))]",
              "dependsOn": [
                "[concat(parameters('workspace'),'/','AkamaiSIEMEvent')]"
              ],
              "properties": {
                "parentId": "[resourceId('Microsoft.OperationalInsights/workspaces/savedSearches', parameters('workspace'), 'AkamaiSIEMEvent')]",
                "contentId": "AkamaiSIEMEvent-Parser",
                "kind": "Parser",
                "version": "1.0.0",
                "source": {
                  "name": "Akamai Security Events",
                  "kind": "Solution",
                  "sourceId": "azuresentinel.azure-sentinel-solution-akamai"
                },
                "author": {
                  "name": "Microsoft",
                  "email": "support@microsoft.com"
                },
                "support": {
                  "name": "Microsoft Corporation",
                  "email": "support@microsoft.com",
                  "tier": "Microsoft",
                  "link": "https://support.microsoft.com"
                }
              }
            }
          ]
        },
        "packageKind": "Solution",
        "packageVersion": "2.0.1",
        "packageName": "Akamai Security",
        "packageId": "azuresentinel.azure-sentinel-solution-akamai",
        "contentSchemaVersion": "2.0.0"
      }
    },
    {
      "type": "Microsoft.OperationalInsights/workspaces/savedSearches",
      "apiVersion": "2021-06-01",
      "name": "[concat(parameters('workspace'),'/','AkamaiSIEMEvent')]",
      "location": "[parameters('workspace-location')]",
      "properties": {
        "eTag": "*",
        "displayName": "AkamaiSIEMEvent",
        "category": "Samples",
        "functionAlias": "AkamaiSIEMEvent",
        "query": "\nCommonSecurityLog \r\n| where DeviceVendor == 'Akamai'\r\n| where DeviceProduct == 'akamai_siem'\r\n| extend EventVendor = 'Akamai'\r\n| extend EventProduct = 'akamai_siem'\r\n| extend EventProductVersion = '1.0'\r\n| extend EventId = DeviceEventClassID\r\n| extend EventCategory = Activity\r\n| extend EventSeverity = LogSeverity\r\n| extend DvcAction = DeviceAction\r\n| extend NetworkApplicationProtocol = ApplicationProtocol\r\n| extend Ipv6Src = DeviceCustomIPv6Address2\r\n| extend RuleName = DeviceCustomString1\r\n| extend RuleMessages = DeviceCustomString2\r\n| extend RuleData = DeviceCustomString3\r\n| extend RuleSelectors = DeviceCustomString4\r\n| extend ClientReputation = DeviceCustomString5\r\n| extend ApiId = DeviceCustomString6\r\n| extend RequestId = DevicePayloadId\r\n| extend DstDvcHostname = DestinationHostName\r\n| extend DstPortNumber = DestinationPort\r\n| extend ConfigId = FlexString1\r\n| extend PolicyId = FlexString2\r\n| extend NetworkBytes = SentBytes\r\n| extend UrlOriginal = RequestURL\r\n| extend HttpRequestMethod = RequestMethod\r\n| extend SrcIpAddr = SourceIP\r\n| extend EventStartTime = datetime(1970-01-01) + coalesce(\r\n                            tolong(extract(@'.*start=(.*?);', 1, AdditionalExtensions)),\r\n                            tolong(column_ifexists(\"StartTime\", long(null)))\r\n                        ) * 1s \r\n| extend SlowPostAction = extract(@'.*AkamaiSiemSlowPostAction=(.*?);', 1, AdditionalExtensions)\r\n| extend SlowPostRate = extract(@'.*AkamaiSiemSlowPostRate=(.*?);', 1, AdditionalExtensions)\r\n| extend RuleVersions = extract(@'.*AkamaiSiemRuleVersions=,?(.*?);', 1, AdditionalExtensions)\r\n| extend RuleTags = extract(@'.*AkamaiSiemRuleTags=(.*?);', 1, AdditionalExtensions)\r\n| extend ApiKey = extract(@'.*AkamaiSiemApiKey=(.*?);', 1, AdditionalExtensions)\r\n| extend Tls = extract(@'.*AkamaiSiemTLSVersion=(.*?);', 1, AdditionalExtensions)\r\n| extend RequestHeaders = extract(@'.*AkamaiSiemRequestHeaders=;?(.*?);', 1, AdditionalExtensions)\r\n| extend ResponseHeaders = extract(@'.*AkamaiSiemResponseHeaders=(.*?);', 1, AdditionalExtensions)\r\n| extend HttpStatusCode = extract(@'.*AkamaiSiemResponseStatus=(.*?);', 1, AdditionalExtensions)\r\n| extend GeoContinent = extract(@'.*AkamaiSiemContinent=(.*?);', 1, AdditionalExtensions)\r\n| extend SrcGeoCountry = extract(@'.*AkamaiSiemCountry=(.*?);', 1, AdditionalExtensions)\r\n| extend SrcGeoCity = extract(@'.*AkamaiSiemCity=(.*?);', 1, AdditionalExtensions)\r\n| extend SrcGeoRegion = extract(@'.*AkamaiSiemRegion=(.*?);', 1, AdditionalExtensions)\r\n| extend GeoAsn = extract(@'.*AkamaiSiemASN=(\\d+)', 1, AdditionalExtensions)\r\n| extend Custom = extract(@'.*AkamaiSiemCusomData=(.*?)', 1, AdditionalExtensions)\r\n| project TimeGenerated\r\n        , EventVendor\r\n        , EventProduct\r\n        , EventProductVersion\r\n        , EventStartTime\r\n        , EventId\r\n        , EventCategory\r\n        , EventSeverity\r\n        , DvcAction\r\n        , NetworkApplicationProtocol\r\n        , Ipv6Src\r\n        , RuleName\r\n        , RuleMessages\r\n        , RuleData\r\n        , RuleSelectors\r\n        , ClientReputation\r\n        , ApiId\r\n        , RequestId\r\n        , DstDvcHostname\r\n        , DstPortNumber\r\n        , ConfigId\r\n        , PolicyId\r\n        , NetworkBytes\r\n        , UrlOriginal\r\n        , HttpRequestMethod\r\n        , SrcIpAddr\r\n        , SlowPostAction\r\n        , SlowPostRate\r\n        , RuleVersions\r\n        , RuleTags\r\n        , ApiKey\r\n        , Tls\r\n        , RequestHeaders\r\n        , ResponseHeaders\r\n        , HttpStatusCode\r\n        , GeoContinent\r\n        , SrcGeoCountry\r\n        , SrcGeoCity\r\n        , SrcGeoRegion\r\n        , GeoAsn\r\n        , Custom\r\n",
        "version": 1
      }
    },
    {
      "type": "Microsoft.OperationalInsights/workspaces/providers/metadata",
      "apiVersion": "2022-01-01-preview",
      "location": "[parameters('workspace-location')]",
      "name": "[concat(parameters('workspace'),'/Microsoft.SecurityInsights/',concat('Parser-', last(split(resourceId('Microsoft.OperationalInsights/workspaces/savedSearches', parameters('workspace'), 'AkamaiSIEMEvent'),'/'))))]",
      "dependsOn": [
        "[resourceId('Microsoft.OperationalInsights/workspaces/savedSearches', parameters('workspace'), 'AkamaiSIEMEvent')]"
      ],
      "properties": {
        "parentId": "[resourceId('Microsoft.OperationalInsights/workspaces/savedSearches', parameters('workspace'), 'AkamaiSIEMEvent')]",
        "contentId": "AkamaiSIEMEvent-Parser",
        "kind": "Parser",
        "version": "1.0.0",
        "source": {
          "kind": "Solution",
          "name": "Akamai Security Events",
          "sourceId": "azuresentinel.azure-sentinel-solution-akamai"
        },
        "author": {
          "name": "Microsoft",
          "email": "support@microsoft.com"
        },
        "support": {
          "name": "Microsoft Corporation",
          "email": "support@microsoft.com",
          "tier": "Microsoft",
          "link": "https://support.microsoft.com"
        }
      }
    },
    {
      "type": "Microsoft.OperationalInsights/workspaces/providers/contentPackages",
      "name": "[concat(parameters('workspace'),'/Microsoft.SecurityInsights/', 'azuresentinel.azure-sentinel-solution-akamai')]",
      "location": "[parameters('workspace-location')]",
      "apiVersion": "2022-08-01",
      "properties": {
        "version": "2.0.1",
        "kind": "Solution",
        "contentSchemaVersion": "2.0.0",
        "source": {
          "kind": "Solution",
          "name": "Akamai Security Events",
          "sourceId": "azuresentinel.azure-sentinel-solution-akamai"
        },
        "author": {
          "name": "Microsoft",
          "email": "support@microsoft.com"
        },
        "support": {
          "name": "Microsoft Corporation",
          "email": "support@microsoft.com",
          "tier": "Microsoft",
          "link": "https://support.microsoft.com"
        },
        "dependencies": {
          "operator": "AND",
          "criteria": [
            {
              "kind": "DataConnector",
              "contentId": "AkamaiSecurityEvents",
              "version": "1.0.0"
            },
            {
              "kind": "Parser",
              "contentId": "AkamaiSIEMEvent-Parser",
              "version": "1.0.0"
            }
          ]
        },
        "firstPublishDate": "2022-03-23",
        "providers": [
          "Akamai"
        ],
        "categories": {
          "domains": [
            "Security - Cloud Security"
          ]
        },
        "id": "azuresentinel.azure-sentinel-solution-akamai",
        "packageKind": "Solution",
        "displayName": "Akamai Security",
        "publisherDisplayName": "Microsoft Sentinel, Microsoft Corporation",
        "descriptionHtml": "<p><strong>Note:</strong> <em>There may be <a target=\"_blank\" href=\"https://aka.ms/sentinelsolutionsknownissues\" rel=\"noopener\">known issues</a> pertaining to this Solution, please refer to them before installing.</em></p><p>The Akamai Security Solution for Microsoft Sentinel enables ingestion of <a target=\"_blank\" href=\"https://www.akamai.com/solutions/security\" rel=\"noopener\">Akamai Security Solutions</a> events using the Common Event Format (CEF) into Microsoft Sentinel for Security Monitoring.</p><p><strong>Underlying Microsoft Technologies used:</strong></p><p>This solution takes a dependency on the following technologies, and some of these dependencies either may be in <a target=\"_blank\" href=\"https://azure.microsoft.com/en-us/support/legal/preview-supplemental-terms/\" rel=\"noopener\">Preview</a> state or might result in additional ingestion or operational costs:</p><p>a. <a target=\"_blank\" href=\"https://docs.microsoft.com/azure/sentinel/connect-common-event-format?WT.mc_id=Portal-fx\" rel=\"noopener\">Common Event Format (CEF) formatted logs in Microsoft Sentinel</a></p><p><strong>Data Connectors:</strong> 1, <strong>Parsers:</strong> 1</p><p><a target=\"_blank\" href=\"https://aka.ms/azuresentinel\" rel=\"noopener\">Learn more about Microsoft Sentinel</a> | <a target=\"_blank\" href=\"https://aka.ms/azuresentinelsolutionsdoc\" rel=\"noopener\">Learn more about Microsoft Sentinel content and solutions</a></p>",
        "icon": "https://store-images.s-microsoft.com/image/apps.33880.cd71756a-a6d5-48b2-8e5b-6c4c24e77e0d.ac33d759-f432-41ab-bf85-a4a26df1dc7d.5e0074f9-c075-4fd6-be7c-bc92d9b1f788"
      }
    }
  ]
}