{
  "$schema": "https://schema.management.azure.com/schemas/2019-04-01/deploymentTemplate.json#",
  "contentVersion": "1.0.0",
  "parameters": {
    "location": {
      "type": "string",
      "minLength": 1,
      "defaultValue": "[resourceGroup().location]",
      "metadata": {
        "description": "Not used, but needed to pass arm-ttk test `Location-Should-Not-Be-Hardcoded`.  We instead use the `workspace-location` which is derived from the LA workspace"
      }
    },
    "workspace": {
      "defaultValue": "",
      "type": "string",
      "metadata": {
        "description": "Workspace name for Log Analytics where Microsoft Sentinel is setup"
      }
    },
    "workspace-location": {
      "type": "string",
      "defaultValue": "",
      "metadata": {
        "description": "[concat('Region to deploy solution resources -- separate from location selection',parameters('location'))]"
      }
    }
  },
  "resources": [
    {
      "type": "Microsoft.OperationalInsights/workspaces/providers/contentTemplates",
      "name": "[concat(parameters('workspace'),'/Microsoft.SecurityInsights/',concat(concat(parameters('workspace'),'-ar-',uniquestring('7bdc10d6-aa24-4ca9-9a93-802cd8761354')),'1.0.0'))]",
      "location": "[parameters('workspace-location')]",
      "apiVersion": "2022-08-01",
      "dependsOn": [
        "[extensionResourceId(resourceId('Microsoft.OperationalInsights/workspaces', parameters('workspace')), 'Microsoft.SecurityInsights/contentPackages', '42crunch1580391915541.42crunch_sentinel_solution')]"
      ],
      "properties": {
        "contentId": "7bdc10d6-aa24-4ca9-9a93-802cd8761354",
        "displayName": "API - Suspicious Login",
        "contentKind": "AnalyticsRule",
        "mainTemplate": {
          "resources": [
            {
              "type": "Microsoft.SecurityInsights/AlertRuleTemplates",
              "name": "7bdc10d6-aa24-4ca9-9a93-802cd8761354",
              "apiVersion": "2022-04-01-preview",
              "kind": "Scheduled",
              "location": "[parameters('workspace-location')]",
              "properties": {
                "description": "42Crunch API protection against suspicious login",
                "displayName": "API - Suspicious Login",
                "enabled": false,
                "query": "let firstRec = apifirewall_log_1_CL\n| where TimeGenerated >= ago(5m) \n| project-away Non_blocking_mode_b, Source_Port_d, Destination_Port_d, Query_s, API_ID_g, Request_Header_s, Response_Header_s, Errors_s, Type, UUID_g\n| where Instance_Name_s == \"Instance_6\" and URI_Path_s has \"/api/login?user=\" and Status_d in (200, 403);\nlet ipAddressCount = toscalar(firstRec | summarize by Source_IP_s | count);\nlet secondRec = firstRec | summarize arg_max(Source_IP_s, *) by Source_IP_s;\nlet recCount = iff((toscalar(secondRec | count) > 3), ipAddressCount, 0);\nsecondRec | take recCount\n",
                "queryFrequency": "PT5M",
                "queryPeriod": "PT5M",
                "severity": "High",
                "suppressionDuration": "PT1H",
                "suppressionEnabled": false,
                "triggerOperator": "GreaterThan",
                "triggerThreshold": 0,
                "status": "Available",
                "requiredDataConnectors": [
                  {
                    "connectorId": "42CrunchAPIProtection",
                    "dataTypes": [
                      "apifirewall_log_1_CL"
                    ]
                  }
                ],
                "tactics": [
                  "CredentialAccess",
                  "InitialAccess"
                ],
                "entityMappings": [
                  {
                    "fieldMappings": [
                      {
                        "columnName": "Source_IP_s",
                        "identifier": "Address"
                      }
                    ],
                    "entityType": "IP"
                  },
                  {
                    "fieldMappings": [
                      {
                        "columnName": "Hostname_s",
                        "identifier": "HostName"
                      }
                    ],
                    "entityType": "Host"
                  },
                  {
                    "fieldMappings": [
                      {
                        "columnName": "Instance_Name_s",
                        "identifier": "FullName"
                      }
                    ],
                    "entityType": "Account"
                  }
                ],
                "eventGroupingSettings": {
                  "aggregationKind": "SingleAlert"
                }
              }
            },
            {
              "type": "Microsoft.OperationalInsights/workspaces/providers/metadata",
              "apiVersion": "2022-01-01-preview",
              "name": "[concat(parameters('workspace'),'/Microsoft.SecurityInsights/',concat('AnalyticsRule-', last(split(resourceId('Microsoft.SecurityInsights/AlertRuleTemplates', '7bdc10d6-aa24-4ca9-9a93-802cd8761354'),'/'))))]",
              "properties": {
                "description": "42Crunch API Protection Analytics Rule 11",
                "parentId": "[resourceId('Microsoft.SecurityInsights/AlertRuleTemplates', '7bdc10d6-aa24-4ca9-9a93-802cd8761354')]",
                "contentId": "7bdc10d6-aa24-4ca9-9a93-802cd8761354",
                "kind": "AnalyticsRule",
                "version": "1.0.0",
                "source": {
                  "kind": "Solution",
                  "name": "42Crunch API Protection",
                  "sourceId": "42crunch1580391915541.42crunch_sentinel_solution"
                },
                "author": {
                  "name": "42Crunch",
                  "email": "plugins@42crunch.com"
                },
                "support": {
                  "name": "42Crunch API Protection",
                  "email": "support@42crunch.com",
                  "tier": "Partner",
                  "link": "https://42crunch.com/"
                }
              }
            }
          ]
        },
        "packageKind": "Solution",
        "packageVersion": "2.0.3",
        "packageName": "42Crunch Microsoft Sentinel Connector",
        "packageId": "42crunch1580391915541.42crunch_sentinel_solution",
        "contentSchemaVersion": "2.0.0"
      }
    }
  ]
}