{
  "$schema": "https://schema.management.azure.com/schemas/2019-04-01/deploymentTemplate.json#",
  "contentVersion": "1.0.1",
  "parameters": {
    "location": {
      "type": "string",
      "minLength": 1,
      "defaultValue": "[resourceGroup().location]",
      "metadata": {
        "description": "Not used, but needed to pass arm-ttk test `Location-Should-Not-Be-Hardcoded`.  We instead use the `workspace-location` which is derived from the LA workspace"
      }
    },
    "workspace": {
      "defaultValue": "",
      "type": "string",
      "metadata": {
        "description": "Workspace name for Log Analytics where Microsoft Sentinel is setup"
      }
    },
    "workspace-location": {
      "type": "string",
      "defaultValue": "",
      "metadata": {
        "description": "[concat('Region to deploy solution resources -- separate from location selection',parameters('location'))]"
      }
    }
  },
  "resources": [
    {
      "type": "Microsoft.OperationalInsights/workspaces/providers/contentTemplates",
      "name": "[concat(parameters('workspace'),'/Microsoft.SecurityInsights/',concat(concat(parameters('workspace'),'-ar-',uniquestring('f6928301-56da-4d2c-aabe-e1a552bc8892')),'1.0.1'))]",
      "location": "[parameters('workspace-location')]",
      "apiVersion": "2022-08-01",
      "dependsOn": [
        "[extensionResourceId(resourceId('Microsoft.OperationalInsights/workspaces', parameters('workspace')), 'Microsoft.SecurityInsights/contentPackages', 'azuresentinel.azure-sentinel-solution-amazonwebservices')]"
      ],
      "properties": {
        "contentId": "f6928301-56da-4d2c-aabe-e1a552bc8892",
        "displayName": "ECR image scan findings high or critical",
        "contentKind": "AnalyticsRule",
        "mainTemplate": {
          "resources": [
            {
              "type": "Microsoft.SecurityInsights/AlertRuleTemplates",
              "name": "f6928301-56da-4d2c-aabe-e1a552bc8892",
              "apiVersion": "2022-04-01-preview",
              "kind": "Scheduled",
              "location": "[parameters('workspace-location')]",
              "properties": {
                "description": "AWS ECR Image scan detected critical or high-severity vulnerabilities in your container image.",
                "displayName": "ECR image scan findings high or critical",
                "enabled": false,
                "query": "AWSCloudTrail\n| where EventName == \"DescribeImageScanFindings\" and isempty(ErrorCode) and isempty(ErrorMessage)\n| extend repoName = tostring(parse_json(ResponseElements).repositoryName)\n| extend imageId = tostring(parse_json(ResponseElements).imageId.imageDigest)\n| extend Critical = toint(parse_json(ResponseElements).imageScanFindings.findingSeverityCounts.CRITICAL)\n| extend High = toint(parse_json(ResponseElements).imageScanFindings.findingSeverityCounts.HIGH)\n| where Critical > 0 or High > 0\n| extend UserIdentityUserName = iff(isnotempty(UserIdentityUserName), UserIdentityUserName, tostring(split(UserIdentityArn,'/')[-1]))\n| extend timestamp = TimeGenerated, IPCustomEntity = SourceIpAddress, AccountCustomEntity = UserIdentityUserName \n",
                "queryFrequency": "P1D",
                "queryPeriod": "P1D",
                "severity": "High",
                "suppressionDuration": "PT1H",
                "suppressionEnabled": false,
                "triggerOperator": "GreaterThan",
                "triggerThreshold": 0,
                "status": "Available",
                "requiredDataConnectors": [
                  {
                    "dataTypes": [
                      "AWSCloudTrail"
                    ],
                    "connectorId": "AWS"
                  }
                ],
                "tactics": [
                  "Execution"
                ],
                "techniques": [
                  "T1204"
                ],
                "entityMappings": [
                  {
                    "entityType": "Account",
                    "fieldMappings": [
                      {
                        "identifier": "FullName",
                        "columnName": "AccountCustomEntity"
                      }
                    ]
                  },
                  {
                    "entityType": "IP",
                    "fieldMappings": [
                      {
                        "identifier": "Address",
                        "columnName": "IPCustomEntity"
                      }
                    ]
                  }
                ]
              }
            },
            {
              "type": "Microsoft.OperationalInsights/workspaces/providers/metadata",
              "apiVersion": "2022-01-01-preview",
              "name": "[concat(parameters('workspace'),'/Microsoft.SecurityInsights/',concat('AnalyticsRule-', last(split(resourceId('Microsoft.SecurityInsights/AlertRuleTemplates', 'f6928301-56da-4d2c-aabe-e1a552bc8892'),'/'))))]",
              "properties": {
                "description": "Amazon Web Services Analytics Rule 11",
                "parentId": "[resourceId('Microsoft.SecurityInsights/AlertRuleTemplates', 'f6928301-56da-4d2c-aabe-e1a552bc8892')]",
                "contentId": "f6928301-56da-4d2c-aabe-e1a552bc8892",
                "kind": "AnalyticsRule",
                "version": "1.0.1",
                "source": {
                  "kind": "Solution",
                  "name": "Amazon Web Services",
                  "sourceId": "azuresentinel.azure-sentinel-solution-amazonwebservices"
                },
                "author": {
                  "name": "Microsoft"
                },
                "support": {
                  "name": "Microsoft Corporation",
                  "email": "support@microsoft.com",
                  "tier": "Microsoft",
                  "link": "https://support.microsoft.com"
                }
              }
            }
          ]
        },
        "packageKind": "Solution",
        "packageVersion": "2.0.5",
        "packageName": "Amazon Web Services",
        "packageId": "azuresentinel.azure-sentinel-solution-amazonwebservices",
        "contentSchemaVersion": "2.0.0"
      }
    }
  ]
}