{
  "$schema": "https://schema.management.azure.com/schemas/2019-04-01/deploymentTemplate.json#",
  "contentVersion": "1.0.0.0",
  "metadata": {
    "author": "ARGOS Cloud Security - support@argos-security.io",
    "comments": "Solution template for ARGOSCloudSecurity"
  },
  "parameters": {
    "location": {
      "type": "string",
      "minLength": 1,
      "defaultValue": "[resourceGroup().location]",
      "metadata": {
        "description": "Not used, but needed to pass arm-ttk test `Location-Should-Not-Be-Hardcoded`.  We instead use the `workspace-location` which is derived from the LA workspace"
      }
    },
    "workspace-location": {
      "type": "string",
      "defaultValue": "",
      "metadata": {
        "description": "[concat('Region to deploy solution resources -- separate from location selection',parameters('location'))]"
      }
    },
    "workspace": {
      "defaultValue": "",
      "type": "string",
      "metadata": {
        "description": "Workspace name for Log Analytics where Microsoft Sentinel is setup"
      }
    },
    "workbook1-name": {
      "type": "string",
      "defaultValue": "ARGOS Cloud Security",
      "minLength": 1,
      "metadata": {
        "description": "Name for the workbook"
      }
    }
  },
  "resources": [
    {
      "name": "pid-5e9eee19-b427-4177-8432-b57855c94c73-partnercenter",
      "type": "Microsoft.Resources/deployments",
      "apiVersion": "2020-10-01",
      "properties": {
        "mode": "Incremental",
        "template": {
          "$schema": "https://schema.management.azure.com/schemas/2019-04-01/deploymentTemplate.json#",
          "contentVersion": "1.0.0.0",
          "resources": []
        }
      }
    },
    {
      "type": "Microsoft.OperationalInsights/workspaces/providers/contentTemplates",
      "name": "[concat(parameters('workspace'),'/Microsoft.SecurityInsights/',concat(concat(parameters('workspace'),'-wb-',uniquestring('ArgosCloudSecurityWorkbook')),'1.0.0'))]",
      "location": "[parameters('workspace-location')]",
      "apiVersion": "2022-08-01",
      "dependsOn": [
        "[extensionResourceId(resourceId('Microsoft.OperationalInsights/workspaces', parameters('workspace')), 'Microsoft.SecurityInsights/contentPackages', 'argoscloudsecurity1605618416175.argos-sentinel')]"
      ],
      "properties": {
        "contentId": "ArgosCloudSecurityWorkbook",
        "displayName": "ARGOS Cloud Security",
        "contentKind": "Workbook",
        "mainTemplate": {
          "resources": [
            {
              "type": "Microsoft.Insights/workbooks",
              "name": "ArgosCloudSecurityWorkbook",
              "location": "[parameters('workspace-location')]",
              "kind": "shared",
              "apiVersion": "2021-08-01",
              "metadata": {
                "description": "The ARGOS Cloud Security integration for Microsoft Sentinel allows you to have all your important cloud security events in one place."
              },
              "properties": {
                "displayName": "ARGOS Cloud Security",
                "serializedData": "{\"version\":\"Notebook/1.0\",\"items\":[{\"type\":1,\"content\":{\"json\":\"## ARGOS Cloud Security\\n---\\n\\nWelcome to your ARGOS Cloud Security notebook.\\nThis notebook will get you started with basic queries and graphs displaying security issues in your cloud environments.\\n Access the ARGOS Dashboard on https://app.argos-security.io\"},\"name\":\"text - 2\"},{\"type\":1,\"content\":{\"json\":\"## Overview of currently open detections grouped by rule ID\\r\\n\\r\\nThis chart is applied across all cloud environments connected to ARGOS.\",\"style\":\"info\"},\"name\":\"text - 8\"},{\"type\":3,\"content\":{\"version\":\"KqlItem/1.0\",\"query\":\"ARGOS_CL | where status_s == 'open' | summarize count() by ruleId_s | render barchart\",\"size\":0,\"timeContext\":{\"durationMs\":2592000000},\"queryType\":0,\"resourceType\":\"microsoft.operationalinsights/workspaces\"},\"name\":\"query - 7\"},{\"type\":1,\"content\":{\"json\":\"## Display all exploitable ARGOS Detections.\\r\\n\\r\\nThis displays all detections that ARGOS ruled as being currently exploitable.\",\"style\":\"warning\"},\"name\":\"text - 2\"},{\"type\":3,\"content\":{\"version\":\"KqlItem/1.0\",\"query\":\"ARGOS_CL | where exploitable_b\",\"size\":0,\"queryType\":0,\"resourceType\":\"microsoft.operationalinsights/workspaces\",\"gridSettings\":{\"formatters\":[{\"columnMatch\":\"TenantId\",\"formatter\":5},{\"columnMatch\":\"SourceSystem\",\"formatter\":5},{\"columnMatch\":\"MG\",\"formatter\":5},{\"columnMatch\":\"ManagementGroupName\",\"formatter\":5},{\"columnMatch\":\"Computer\",\"formatter\":5},{\"columnMatch\":\"RawData\",\"formatter\":5},{\"columnMatch\":\"metadata_policy_s\",\"formatter\":5},{\"columnMatch\":\"metadata_tlsVersion_s\",\"formatter\":5},{\"columnMatch\":\"metadata_ruleName_s\",\"formatter\":5},{\"columnMatch\":\"metadata_ruleDirection_s\",\"formatter\":5},{\"columnMatch\":\"metadata_ruleSourcePortRange_s\",\"formatter\":5},{\"columnMatch\":\"metadata_ruleSourcePortRanges_s\",\"formatter\":5},{\"columnMatch\":\"metadata_ruleDestinationPortRange_s\",\"formatter\":5},{\"columnMatch\":\"metadata_ruleDestinationPortRanges_s\",\"formatter\":5},{\"columnMatch\":\"metadata_ruleSourceAddressPrefix_s\",\"formatter\":5},{\"columnMatch\":\"metadata_ruleSourceAddressPrefixes_s\",\"formatter\":5},{\"columnMatch\":\"metadata_ruleDestinationAddressPrefix_s\",\"formatter\":5},{\"columnMatch\":\"metadata_ruleDestinationAddressPrefixes_s\",\"formatter\":5},{\"columnMatch\":\"metadata_ruleProtocol_s\",\"formatter\":5},{\"columnMatch\":\"metadata_ruleAction_s\",\"formatter\":5},{\"columnMatch\":\"metadata_rulePriority_s\",\"formatter\":5},{\"columnMatch\":\"metadata_region_s\",\"formatter\":5},{\"columnMatch\":\"metadata_registryId_s\",\"formatter\":5},{\"columnMatch\":\"inventoryId_g\",\"formatter\":5},{\"columnMatch\":\"metadata_id_s\",\"formatter\":5}]}},\"name\":\"query - 2\"},{\"type\":1,\"content\":{\"json\":\"### Render a time chart with all exploitable ARGOS detections.\",\"style\":\"warning\"},\"name\":\"text - 4\"},{\"type\":3,\"content\":{\"version\":\"KqlItem/1.0\",\"query\":\"ARGOS_CL | where exploitable_b | summarize count() by TimeGenerated | render timechart\",\"size\":0,\"queryType\":0,\"resourceType\":\"microsoft.operationalinsights/workspaces\"},\"name\":\"query - 3\"},{\"type\":1,\"content\":{\"json\":\"## Display Top 10, open, exploitable ARGOS Detections on Azure.\\r\\n\\r\\nThis is a list of the top 10, open rules that ARGOS detected in your cloud environments. The higher the count, the more detections are currently open for this rule.\",\"style\":\"warning\"},\"name\":\"text - 5\"},{\"type\":3,\"content\":{\"version\":\"KqlItem/1.0\",\"query\":\"ARGOS_CL | where cloud_s == 'azure' and status_s == 'open' and exploitable_b | summarize count() by ruleId_s | top 10 by count_\",\"size\":0,\"queryType\":0,\"resourceType\":\"microsoft.operationalinsights/workspaces\"},\"name\":\"query - 6\"}],\"fromTemplateId\":\"sentinel-ArgosCloudSecurityWorkbook\",\"$schema\":\"https://github.com/Microsoft/Application-Insights-Workbooks/blob/master/schema/workbook.json\"}\r\n",
                "version": "1.0",
                "sourceId": "[resourceId('microsoft.OperationalInsights/Workspaces', parameters('workspace'))]",
                "category": "sentinel"
              }
            },
            {
              "type": "Microsoft.OperationalInsights/workspaces/providers/metadata",
              "apiVersion": "2022-01-01-preview",
              "name": "[concat(parameters('workspace'),'/Microsoft.SecurityInsights/',concat('Workbook-', last(split(resourceId('Microsoft.Insights/workbooks', 'ArgosCloudSecurityWorkbook'),'/'))))]",
              "properties": {
                "description": "@{workbookKey=ArgosCloudSecurityWorkbook; logoFileName=argos-logo.svg; description=The ARGOS Cloud Security integration for Microsoft Sentinel allows you to have all your important cloud security events in one place.; dataTypesDependencies=System.Object[]; dataConnectorsDependencies=System.Object[]; previewImagesFileNames=System.Object[]; version=1.0.0; title=ARGOS Cloud Security; templateRelativePath=ARGOSCloudSecurityWorkbook.json; subtitle=; provider=ARGOS Cloud Security}.description",
                "parentId": "[resourceId('Microsoft.Insights/workbooks', 'ArgosCloudSecurityWorkbook')]",
                "contentId": "ArgosCloudSecurityWorkbook",
                "kind": "Workbook",
                "version": "1.0.0",
                "source": {
                  "kind": "Solution",
                  "name": "ARGOSCloudSecurity",
                  "sourceId": "argoscloudsecurity1605618416175.argos-sentinel"
                },
                "author": {
                  "name": "ARGOS Cloud Security",
                  "email": "support@argos-security.io"
                },
                "support": {
                  "name": "ARGOS Cloud Security",
                  "email": "support@argos-security.io",
                  "tier": "Partner",
                  "link": "https://argos-security.io/contact-us"
                }
              }
            }
          ]
        },
        "packageKind": "Solution",
        "packageVersion": "2.0.0",
        "packageName": "ARGOS Cloud Security for Microsoft Sentinel",
        "packageId": "argoscloudsecurity1605618416175.argos-sentinel",
        "contentSchemaVersion": "2.0.0"
      }
    },
    {
      "type": "Microsoft.OperationalInsights/workspaces/providers/contentTemplates",
      "name": "[concat(parameters('workspace'),'/Microsoft.SecurityInsights/',concat(concat(parameters('workspace'),'-dc-',uniquestring('ARGOSCloudSecurity')),'1.0.0'))]",
      "location": "[parameters('workspace-location')]",
      "apiVersion": "2022-08-01",
      "dependsOn": [
        "[extensionResourceId(resourceId('Microsoft.OperationalInsights/workspaces', parameters('workspace')), 'Microsoft.SecurityInsights/contentPackages', 'argoscloudsecurity1605618416175.argos-sentinel')]"
      ],
      "properties": {
        "contentId": "ARGOSCloudSecurity",
        "displayName": "ARGOS Cloud Security",
        "contentKind": "DataConnector",
        "mainTemplate": {
          "resources": [
            {
              "name": "[concat(parameters('workspace'),'/Microsoft.SecurityInsights/','ARGOSCloudSecurity')]",
              "apiVersion": "2021-03-01-preview",
              "type": "Microsoft.OperationalInsights/workspaces/providers/dataConnectors",
              "location": "[parameters('workspace-location')]",
              "kind": "GenericUI",
              "properties": {
                "connectorUiConfig": {
                  "id": "ARGOSCloudSecurity",
                  "title": "ARGOS Cloud Security",
                  "publisher": "ARGOS Cloud Security",
                  "descriptionMarkdown": "The ARGOS Cloud Security integration for Microsoft Sentinel allows you to have all your important cloud security events in one place. This enables you to easily create dashboards, alerts, and correlate events across multiple systems. Overall this will improve your organization's security posture and security incident response.",
                  "graphQueries": [
                    {
                      "metricName": "Total data received",
                      "legend": "ARGOS_CL",
                      "baseQuery": "ARGOS_CL"
                    }
                  ],
                  "sampleQueries": [
                    {
                      "description": "Display all exploitable ARGOS Detections.",
                      "query": "ARGOS_CL\n | where exploitable_b"
                    },
                    {
                      "description": "Display all open, exploitable ARGOS Detections on Azure.",
                      "query": "ARGOS_CL\n | where exploitable_b and cloud_s == 'azure' and status_s == 'open'"
                    },
                    {
                      "description": "Display all open, exploitable ARGOS Detections on Azure.",
                      "query": "ARGOS_CL\n | where exploitable_b and cloud_s == 'azure' and status_s == 'open'\n | sort by TimeGenerated"
                    },
                    {
                      "description": "Render a time chart with all open ARGOS Detections on Azure.",
                      "query": "ARGOS_CL\n | where cloud_s == 'azure' and status_s == 'open'\n | summarize count() by TimeGenerated\n | render timechart"
                    },
                    {
                      "description": "Display Top 10, open, exploitable ARGOS Detections on Azure.",
                      "query": "ARGOS_CL\n | where cloud_s == 'azure' and status_s == 'open' and exploitable_b\n | summarize count() by ruleId_s\n | top 10 by count_"
                    }
                  ],
                  "dataTypes": [
                    {
                      "name": "ARGOS_CL",
                      "lastDataReceivedQuery": "ARGOS_CL\n            | summarize Time = max(TimeGenerated)\n            | where isnotempty(Time)"
                    }
                  ],
                  "connectivityCriterias": [
                    {
                      "type": "IsConnectedQuery",
                      "value": [
                        "ARGOS_CL\n            | summarize LastLogReceived = max(TimeGenerated)\n            | project IsConnected = LastLogReceived > ago(30d)"
                      ]
                    }
                  ],
                  "availability": {
                    "status": 1,
                    "isPreview": false
                  },
                  "permissions": {
                    "resourceProvider": [
                      {
                        "provider": "Microsoft.OperationalInsights/workspaces",
                        "permissionsDisplayText": "read and write permissions are required.",
                        "providerDisplayName": "Workspace",
                        "scope": "Workspace",
                        "requiredPermissions": {
                          "write": true,
                          "read": true,
                          "delete": true
                        }
                      },
                      {
                        "provider": "Microsoft.OperationalInsights/workspaces/sharedKeys",
                        "permissionsDisplayText": "read permissions to shared keys for the workspace are required. [See the documentation to learn more about workspace keys](https://docs.microsoft.com/azure/azure-monitor/platform/agent-windows#obtain-workspace-id-and-key).",
                        "providerDisplayName": "Keys",
                        "scope": "Workspace",
                        "requiredPermissions": {
                          "action": true
                        }
                      }
                    ]
                  },
                  "instructionSteps": [
                    {
                      "description": "Ensure you already own an ARGOS Subscription. If not, browse to [ARGOS Cloud Security](https://argos-security.io) and sign up to ARGOS.\n\nAlternatively, you can also purchase ARGOS via the [Azure Marketplace](https://azuremarketplace.microsoft.com/en-au/marketplace/apps/argoscloudsecurity1605618416175.argoscloudsecurity?tab=Overview).",
                      "title": "1. Subscribe to ARGOS"
                    },
                    {
                      "description": "Configure ARGOS to forward any new detections to your Sentinel workspace by providing ARGOS with your Workspace ID and Primary Key.\n\nThere is **no need to deploy any custom infrastructure**.\n\nEnter the information into the [ARGOS Sentinel](https://app.argos-security.io/account/sentinel) configuration page.\n\nNew detections will automatically be forwarded.\n\n[Learn more about the integration](https://www.argos-security.io/resources#integrations)",
                      "instructions": [
                        {
                          "parameters": {
                            "fillWith": [
                              "WorkspaceId"
                            ],
                            "label": "Workspace ID"
                          },
                          "type": "CopyableLabel"
                        },
                        {
                          "parameters": {
                            "fillWith": [
                              "PrimaryKey"
                            ],
                            "label": "Primary Key"
                          },
                          "type": "CopyableLabel"
                        }
                      ],
                      "title": "2. Configure Sentinel integration from ARGOS"
                    }
                  ],
                  "metadata": {
                    "id": "e14ac0f5-771f-492e-87fd-cbdca9c2b16e",
                    "version": "1.0.0",
                    "kind": "dataConnector",
                    "source": {
                      "kind": "community"
                    },
                    "author": {
                      "name": "ARGOS Cloud Security"
                    },
                    "support": {
                      "tier": "developer",
                      "name": "ARGOS Cloud Security",
                      "email": "support@argos-security.io",
                      "link": "https://www.argos-security.io/contact-us/#"
                    }
                  }
                }
              }
            },
            {
              "type": "Microsoft.OperationalInsights/workspaces/providers/metadata",
              "apiVersion": "2022-01-01-preview",
              "name": "[concat(parameters('workspace'),'/Microsoft.SecurityInsights/',concat('DataConnector-', last(split(extensionResourceId(resourceId('Microsoft.OperationalInsights/workspaces', parameters('workspace')), 'Microsoft.SecurityInsights/dataConnectors', 'ARGOSCloudSecurity'),'/'))))]",
              "properties": {
                "parentId": "[extensionResourceId(resourceId('Microsoft.OperationalInsights/workspaces', parameters('workspace')), 'Microsoft.SecurityInsights/dataConnectors', 'ARGOSCloudSecurity')]",
                "contentId": "ARGOSCloudSecurity",
                "kind": "DataConnector",
                "version": "1.0.0",
                "source": {
                  "kind": "Solution",
                  "name": "ARGOSCloudSecurity",
                  "sourceId": "argoscloudsecurity1605618416175.argos-sentinel"
                },
                "author": {
                  "name": "ARGOS Cloud Security",
                  "email": "support@argos-security.io"
                },
                "support": {
                  "name": "ARGOS Cloud Security",
                  "email": "support@argos-security.io",
                  "tier": "Partner",
                  "link": "https://argos-security.io/contact-us"
                }
              }
            }
          ]
        },
        "packageKind": "Solution",
        "packageVersion": "2.0.0",
        "packageName": "ARGOS Cloud Security for Microsoft Sentinel",
        "packageId": "argoscloudsecurity1605618416175.argos-sentinel",
        "contentSchemaVersion": "2.0.0"
      }
    },
    {
      "type": "Microsoft.OperationalInsights/workspaces/providers/metadata",
      "apiVersion": "2022-01-01-preview",
      "name": "[concat(parameters('workspace'),'/Microsoft.SecurityInsights/',concat('DataConnector-', last(split(extensionResourceId(resourceId('Microsoft.OperationalInsights/workspaces', parameters('workspace')), 'Microsoft.SecurityInsights/dataConnectors', 'ARGOSCloudSecurity'),'/'))))]",
      "dependsOn": [
        "[extensionResourceId(resourceId('Microsoft.OperationalInsights/workspaces', parameters('workspace')), 'Microsoft.SecurityInsights/dataConnectors', 'ARGOSCloudSecurity')]"
      ],
      "location": "[parameters('workspace-location')]",
      "properties": {
        "parentId": "[extensionResourceId(resourceId('Microsoft.OperationalInsights/workspaces', parameters('workspace')), 'Microsoft.SecurityInsights/dataConnectors', 'ARGOSCloudSecurity')]",
        "contentId": "ARGOSCloudSecurity",
        "kind": "DataConnector",
        "version": "1.0.0",
        "source": {
          "kind": "Solution",
          "name": "ARGOSCloudSecurity",
          "sourceId": "argoscloudsecurity1605618416175.argos-sentinel"
        },
        "author": {
          "name": "ARGOS Cloud Security",
          "email": "support@argos-security.io"
        },
        "support": {
          "name": "ARGOS Cloud Security",
          "email": "support@argos-security.io",
          "tier": "Partner",
          "link": "https://argos-security.io/contact-us"
        }
      }
    },
    {
      "name": "[concat(parameters('workspace'),'/Microsoft.SecurityInsights/','ARGOSCloudSecurity')]",
      "apiVersion": "2021-03-01-preview",
      "type": "Microsoft.OperationalInsights/workspaces/providers/dataConnectors",
      "location": "[parameters('workspace-location')]",
      "kind": "GenericUI",
      "properties": {
        "connectorUiConfig": {
          "title": "ARGOS Cloud Security",
          "publisher": "ARGOS Cloud Security",
          "descriptionMarkdown": "The ARGOS Cloud Security integration for Microsoft Sentinel allows you to have all your important cloud security events in one place. This enables you to easily create dashboards, alerts, and correlate events across multiple systems. Overall this will improve your organization's security posture and security incident response.",
          "graphQueries": [
            {
              "metricName": "Total data received",
              "legend": "ARGOS_CL",
              "baseQuery": "ARGOS_CL"
            }
          ],
          "dataTypes": [
            {
              "name": "ARGOS_CL",
              "lastDataReceivedQuery": "ARGOS_CL\n            | summarize Time = max(TimeGenerated)\n            | where isnotempty(Time)"
            }
          ],
          "connectivityCriterias": [
            {
              "type": "IsConnectedQuery",
              "value": [
                "ARGOS_CL\n            | summarize LastLogReceived = max(TimeGenerated)\n            | project IsConnected = LastLogReceived > ago(30d)"
              ]
            }
          ],
          "sampleQueries": [
            {
              "description": "Display all exploitable ARGOS Detections.",
              "query": "ARGOS_CL\n | where exploitable_b"
            },
            {
              "description": "Display all open, exploitable ARGOS Detections on Azure.",
              "query": "ARGOS_CL\n | where exploitable_b and cloud_s == 'azure' and status_s == 'open'"
            },
            {
              "description": "Display all open, exploitable ARGOS Detections on Azure.",
              "query": "ARGOS_CL\n | where exploitable_b and cloud_s == 'azure' and status_s == 'open'\n | sort by TimeGenerated"
            },
            {
              "description": "Render a time chart with all open ARGOS Detections on Azure.",
              "query": "ARGOS_CL\n | where cloud_s == 'azure' and status_s == 'open'\n | summarize count() by TimeGenerated\n | render timechart"
            },
            {
              "description": "Display Top 10, open, exploitable ARGOS Detections on Azure.",
              "query": "ARGOS_CL\n | where cloud_s == 'azure' and status_s == 'open' and exploitable_b\n | summarize count() by ruleId_s\n | top 10 by count_"
            }
          ],
          "availability": {
            "status": 1,
            "isPreview": false
          },
          "permissions": {
            "resourceProvider": [
              {
                "provider": "Microsoft.OperationalInsights/workspaces",
                "permissionsDisplayText": "read and write permissions are required.",
                "providerDisplayName": "Workspace",
                "scope": "Workspace",
                "requiredPermissions": {
                  "write": true,
                  "read": true,
                  "delete": true
                }
              },
              {
                "provider": "Microsoft.OperationalInsights/workspaces/sharedKeys",
                "permissionsDisplayText": "read permissions to shared keys for the workspace are required. [See the documentation to learn more about workspace keys](https://docs.microsoft.com/azure/azure-monitor/platform/agent-windows#obtain-workspace-id-and-key).",
                "providerDisplayName": "Keys",
                "scope": "Workspace",
                "requiredPermissions": {
                  "action": true
                }
              }
            ]
          },
          "instructionSteps": [
            {
              "description": "Ensure you already own an ARGOS Subscription. If not, browse to [ARGOS Cloud Security](https://argos-security.io) and sign up to ARGOS.\n\nAlternatively, you can also purchase ARGOS via the [Azure Marketplace](https://azuremarketplace.microsoft.com/en-au/marketplace/apps/argoscloudsecurity1605618416175.argoscloudsecurity?tab=Overview).",
              "title": "1. Subscribe to ARGOS"
            },
            {
              "description": "Configure ARGOS to forward any new detections to your Sentinel workspace by providing ARGOS with your Workspace ID and Primary Key.\n\nThere is **no need to deploy any custom infrastructure**.\n\nEnter the information into the [ARGOS Sentinel](https://app.argos-security.io/account/sentinel) configuration page.\n\nNew detections will automatically be forwarded.\n\n[Learn more about the integration](https://www.argos-security.io/resources#integrations)",
              "instructions": [
                {
                  "parameters": {
                    "fillWith": [
                      "WorkspaceId"
                    ],
                    "label": "Workspace ID"
                  },
                  "type": "CopyableLabel"
                },
                {
                  "parameters": {
                    "fillWith": [
                      "PrimaryKey"
                    ],
                    "label": "Primary Key"
                  },
                  "type": "CopyableLabel"
                }
              ],
              "title": "2. Configure Sentinel integration from ARGOS"
            }
          ],
          "id": "ARGOSCloudSecurity"
        }
      }
    },
    {
      "type": "Microsoft.OperationalInsights/workspaces/providers/contentTemplates",
      "name": "[concat(parameters('workspace'),'/Microsoft.SecurityInsights/',concat(concat(parameters('workspace'),'-ar-',uniquestring('a9bf1b8c-c761-4840-b9a8-7535ca68ca28')),'1.0.2'))]",
      "location": "[parameters('workspace-location')]",
      "apiVersion": "2022-08-01",
      "dependsOn": [
        "[extensionResourceId(resourceId('Microsoft.OperationalInsights/workspaces', parameters('workspace')), 'Microsoft.SecurityInsights/contentPackages', 'argoscloudsecurity1605618416175.argos-sentinel')]"
      ],
      "properties": {
        "contentId": "a9bf1b8c-c761-4840-b9a8-7535ca68ca28",
        "displayName": "ARGOS Cloud Security - Exploitable Cloud Resources",
        "contentKind": "AnalyticsRule",
        "mainTemplate": {
          "resources": [
            {
              "type": "Microsoft.SecurityInsights/AlertRuleTemplates",
              "name": "a9bf1b8c-c761-4840-b9a8-7535ca68ca28",
              "apiVersion": "2022-04-01-preview",
              "kind": "Scheduled",
              "location": "[parameters('workspace-location')]",
              "properties": {
                "description": "Exploitable Cloud Security Issues are ones that expose cloud resources to the internet and allow initial access to your environment.",
                "displayName": "ARGOS Cloud Security - Exploitable Cloud Resources",
                "enabled": false,
                "query": "ARGOS_CL | where exploitable_b\n",
                "queryFrequency": "PT1H",
                "queryPeriod": "PT1H",
                "severity": "High",
                "suppressionDuration": "PT1H",
                "suppressionEnabled": false,
                "triggerOperator": "GreaterThan",
                "triggerThreshold": 0,
                "status": "Available",
                "requiredDataConnectors": [
                  {
                    "connectorId": "ARGOSCloudSecurity",
                    "dataTypes": [
                      "ARGOS_CL"
                    ]
                  }
                ],
                "tactics": [
                  "InitialAccess"
                ],
                "entityMappings": [
                  {
                    "entityType": "AzureResource",
                    "fieldMappings": [
                      {
                        "columnName": "ResourceId",
                        "identifier": "ResourceId"
                      }
                    ]
                  },
                  {
                    "entityType": "URL",
                    "fieldMappings": [
                      {
                        "columnName": "url_s",
                        "identifier": "Url"
                      }
                    ]
                  }
                ],
                "eventGroupingSettings": {
                  "aggregationKind": "AlertPerResult"
                },
                "alertDetailsOverride": {
                  "alertDisplayNameFormat": "New exploitable cloud resource - {{name_s}} - {{ruleId_s}}"
                },
                "incidentConfiguration": {
                  "createIncident": true,
                  "groupingConfiguration": {
                    "enabled": false,
                    "lookbackDuration": "PT5H",
                    "reopenClosedIncident": false,
                    "matchingMethod": "AllEntities"
                  }
                }
              }
            },
            {
              "type": "Microsoft.OperationalInsights/workspaces/providers/metadata",
              "apiVersion": "2022-01-01-preview",
              "name": "[concat(parameters('workspace'),'/Microsoft.SecurityInsights/',concat('AnalyticsRule-', last(split(resourceId('Microsoft.SecurityInsights/AlertRuleTemplates', 'a9bf1b8c-c761-4840-b9a8-7535ca68ca28'),'/'))))]",
              "properties": {
                "description": "ARGOSCloudSecurity Analytics Rule 1",
                "parentId": "[resourceId('Microsoft.SecurityInsights/AlertRuleTemplates', 'a9bf1b8c-c761-4840-b9a8-7535ca68ca28')]",
                "contentId": "a9bf1b8c-c761-4840-b9a8-7535ca68ca28",
                "kind": "AnalyticsRule",
                "version": "1.0.2",
                "source": {
                  "kind": "Solution",
                  "name": "ARGOSCloudSecurity",
                  "sourceId": "argoscloudsecurity1605618416175.argos-sentinel"
                },
                "author": {
                  "name": "ARGOS Cloud Security",
                  "email": "support@argos-security.io"
                },
                "support": {
                  "name": "ARGOS Cloud Security",
                  "email": "support@argos-security.io",
                  "tier": "Partner",
                  "link": "https://argos-security.io/contact-us"
                }
              }
            }
          ]
        },
        "packageKind": "Solution",
        "packageVersion": "2.0.0",
        "packageName": "ARGOS Cloud Security for Microsoft Sentinel",
        "packageId": "argoscloudsecurity1605618416175.argos-sentinel",
        "contentSchemaVersion": "2.0.0"
      }
    },
    {
      "type": "Microsoft.OperationalInsights/workspaces/providers/contentPackages",
      "name": "[concat(parameters('workspace'),'/Microsoft.SecurityInsights/', 'argoscloudsecurity1605618416175.argos-sentinel')]",
      "location": "[parameters('workspace-location')]",
      "apiVersion": "2022-08-01",
      "properties": {
        "version": "2.0.0",
        "kind": "Solution",
        "contentSchemaVersion": "2.0.0",
        "source": {
          "kind": "Solution",
          "name": "ARGOSCloudSecurity",
          "sourceId": "argoscloudsecurity1605618416175.argos-sentinel"
        },
        "author": {
          "name": "ARGOS Cloud Security",
          "email": "support@argos-security.io"
        },
        "support": {
          "name": "ARGOS Cloud Security",
          "email": "support@argos-security.io",
          "tier": "Partner",
          "link": "https://argos-security.io/contact-us"
        },
        "dependencies": {
          "operator": "AND",
          "criteria": [
            {
              "kind": "Workbook",
              "contentId": "ArgosCloudSecurityWorkbook",
              "version": "1.0.0"
            },
            {
              "kind": "DataConnector",
              "contentId": "ARGOSCloudSecurity",
              "version": "1.0.0"
            },
            {
              "kind": "AnalyticsRule",
              "contentId": "a9bf1b8c-c761-4840-b9a8-7535ca68ca28",
              "version": "1.0.2"
            }
          ]
        },
        "firstPublishDate": "2022-08-16",
        "providers": [
          "ARGOS Cloud Security"
        ],
        "categories": {
          "domains": [
            "Security - Cloud Security"
          ]
        },
        "id": "argoscloudsecurity1605618416175.argos-sentinel",
        "packageKind": "Solution",
        "displayName": "ARGOS Cloud Security for Microsoft Sentinel",
        "publisherDisplayName": "ARGOS Cloud Security Pty Ltd",
        "descriptionHtml": "<a href=\"https://argos-security.io/\">ARGOS</a> easily integrates into Microsoft Sentinel allowing for ingestion of security events into Sentinel.<br>All potential cloud security issues (misconfigurations, publicly exposed assets, overly permissive identities, etc) will be sent into your Sentinel workspace for quick and easy triaging and correlation to other events.<div>Completely <b>agentless</b><b> </b>deployment allows for fast and simple onboarding of your cloud environment, on average less than 20 minutes. Configuration of this Sentinel integration is done in just a few clicks. For more information read the <a href=\"https://www.argos-security.io/resources/#integrations\">integrations FAQ</a>.<br></div>",
        "icon": "https://store-images.s-microsoft.com/image/apps.14392.5e9eee19-b427-4177-8432-b57855c94c73.714fbb65-07c1-406b-b9be-e44754dc3264.05caab87-c006-4cb1-863c-70428de8f3ce"
      }
    }
  ]
}