{
  "$schema": "https://schema.management.azure.com/schemas/2019-04-01/deploymentTemplate.json#",
  "contentVersion": "1.0.0.0",
  "parameters": {
    "location": {
      "type": "string",
      "minLength": 1,
      "defaultValue": "[resourceGroup().location]",
      "metadata": {
        "description": "Not used, but needed to pass arm-ttk test `Location-Should-Not-Be-Hardcoded`.  We instead use the `workspace-location` which is derived from the LA workspace"
      }
    },
    "workspace-location": {
      "type": "string",
      "defaultValue": "",
      "metadata": {
        "description": "[concat('Region to deploy solution resources -- separate from location selection',parameters('location'))]"
      }
    },
    "workspace": {
      "defaultValue": "",
      "type": "string",
      "metadata": {
        "description": "Workspace name for Log Analytics where Microsoft Sentinel is setup"
      }
    }
  },
  "variables": {},
  "resources": [
    {
      "type": "Microsoft.OperationalInsights/workspaces/providers/packages",
      "location": "[parameters('workspace-location')]",
      "apiVersion": "2022-08-01",
      "properties": {
        "packageKind": "Standalone",
        "packageItems": {
          "resources": [
            {
              "type": "Microsoft.OperationalInsights/workspaces/providers/contentTemplates",
              "name": "[concat(parameters('workspace'),'/Microsoft.SecurityInsights/', 'SentinelCentral')]",
              "location": "[parameters('workspace-location')]",
              "kind": "shared",
              "apiVersion": "2022-08-01",
              "contentVersion": "1.0.0",
              "metadata": "Use this report to view Incident (and Alert data) across many workspaces, this works with Azure Lighthouse and across any subscription you have access to.",
              "properties": {
                "contentId": "SentinelCentral",
                "version": "2.1.0",
                "displayName": "Sentinel Central",
                "contentKind": "Workbook",
                "mainTemplate": {
                  "$schema": "https://schema.management.azure.com/schemas/2019-04-01/deploymentTemplate.json#",
                  "contentVersion": "2.1.0",
                  "parameters": {},
                  "resources": [
                    {
                      "type": "Microsoft.Insights/workbooks",
                      "name": "SentinelCentral",
                      "location": "[parameters('workspace-location')]",
                      "kind": "shared",
                      "apiVersion": "2021-08-01",
                      "metadata": "Use this report to view Incident (and Alert data) across many workspaces, this works with Azure Lighthouse and across any subscription you have access to.",
                      "properties": {
                        "displayName": "Sentinel Central",
                        "serializedData": "{\"version\":\"Notebook/1.0\",\"items\":[{\"type\":1,\"content\":{\"json\":\"## View Azure Sentinel Incidents and details from any selected Workspaces \\r\\n\\r\\n\"},\"name\":\"text - 0\"},{\"type\":12,\"content\":{\"version\":\"NotebookGroup/1.0\",\"groupType\":\"editable\",\"items\":[{\"type\":9,\"content\":{\"version\":\"KqlParameterItem/1.0\",\"crossComponentResources\":[\"{Subscription}\"],\"parameters\":[{\"id\":\"01868289-27ef-4b5e-ae83-1715cacde421\",\"version\":\"KqlParameterItem/1.0\",\"name\":\"region\",\"label\":\"Region\",\"type\":2,\"description\":\"Filter by Azure Region (location)\",\"isRequired\":true,\"multiSelect\":true,\"quote\":\"'\",\"delimiter\":\",\",\"query\":\"Resources \\r\\n//| where type =~ \\\"microsoft.operationalinsights/workspaces\\\"\\r\\n| where type =~ \\\"microsoft.operationsmanagement/solutions\\\"\\r\\n| where name has \\\"SecurityInsights\\\"\\r\\n| summarize WorkspaceCount = count(name) by location\\r\\n| order by location asc\\r\\n| project value=location, display=strcat(location,'(',WorkspaceCount,')')\",\"crossComponentResources\":[\"value::selected\"],\"value\":[\"value::all\"],\"typeSettings\":{\"additionalResourceOptions\":[\"value::all\"],\"selectAllValue\":\"*\",\"showDefault\":false},\"defaultValue\":\"value::all\",\"queryType\":1,\"resourceType\":\"microsoft.resourcegraph/resources\"},{\"id\":\"1ca69445-60fc-4806-b43d-ac7e6aad630a\",\"version\":\"KqlParameterItem/1.0\",\"name\":\"Subscription\",\"type\":6,\"multiSelect\":true,\"quote\":\"'\",\"delimiter\":\",\",\"query\":\"resources\\r\\n| where '*' in ({region}) or location in ({region})\\r\\n| where type =~ 'microsoft.operationalinsights/workspaces'\\r\\n| distinct subscriptionId, location\\r\\n| summarize by value = strcat(\\\"/subscriptions/\\\", subscriptionId), label = subscriptionId\\r\\n| order by value asc\\r\\n\",\"crossComponentResources\":[\"value::selected\"],\"value\":[\"value::all\"],\"typeSettings\":{\"additionalResourceOptions\":[\"value::all\"],\"showDefault\":false},\"queryType\":1,\"resourceType\":\"microsoft.resourcegraph/resources\"},{\"id\":\"e94aafa3-c5d9-4523-89f0-4e87aa754511\",\"version\":\"KqlParameterItem/1.0\",\"name\":\"Workspace\",\"type\":5,\"isRequired\":true,\"multiSelect\":true,\"quote\":\"'\",\"delimiter\":\",\",\"query\":\"resources\\n| where type =~ 'microsoft.operationalinsights/workspaces'\\n| extend customerID = trim(' ', tostring(properties.customerId))\\n| project id, customerID, name=tolower(name)\\n|join \\n(\\n\\tresources\\n\\t// Just show Workspaces that have Sentinel enabled\\n\\t| where type =~ \\\"microsoft.operationsmanagement/solutions\\\"\\n\\t| where name has \\\"SecurityInsights\\\"\\n\\t| parse name with * '(' s_workspace ')'*\\n\\t| project name=tolower(s_workspace)\\n) on name\\n| project tolower(id), customerID, name\",\"crossComponentResources\":[\"{Subscription}\"],\"typeSettings\":{\"resourceTypeFilter\":{\"microsoft.operationalinsights/workspaces\":true},\"additionalResourceOptions\":[\"value::all\"],\"showDefault\":false},\"queryType\":1,\"resourceType\":\"microsoft.resourcegraph/resources\",\"value\":[\"value::all\"]},{\"id\":\"66f59acd-2628-457d-a5cd-176aa453472a\",\"version\":\"KqlParameterItem/1.0\",\"name\":\"TimeRange\",\"type\":4,\"isRequired\":true,\"value\":{\"durationMs\":604800000},\"typeSettings\":{\"selectableValues\":[{\"durationMs\":300000},{\"durationMs\":900000},{\"durationMs\":1800000},{\"durationMs\":3600000},{\"durationMs\":14400000},{\"durationMs\":43200000},{\"durationMs\":86400000},{\"durationMs\":172800000},{\"durationMs\":259200000},{\"durationMs\":604800000},{\"durationMs\":1209600000},{\"durationMs\":2419200000},{\"durationMs\":2592000000},{\"durationMs\":5184000000},{\"durationMs\":7776000000}],\"allowCustom\":true}},{\"id\":\"65e74c73-69f0-4eb5-a772-4fb5eae73d28\",\"version\":\"KqlParameterItem/1.0\",\"name\":\"WorkspaceIDguid\",\"type\":1,\"query\":\"resources\\r\\n| where type =~ 'microsoft.operationalinsights/workspaces'\\r\\n| extend customerID = trim(' ', tostring(properties.customerId))\\r\\n| project '{Workspace:name}', name, customerID\\r\\n| where '{Workspace:name}' has name\\r\\n//| project customerID, name\\r\\n// join two columns, seperate with a \\\":\\\"; ARG, will comma seperate each row by default\\r\\n| project strcat(customerID,\\\":\\\",name)\",\"crossComponentResources\":[\"{Subscription}\"],\"isHiddenWhenLocked\":true,\"queryType\":1,\"resourceType\":\"microsoft.resourcegraph/resources\"},{\"id\":\"2af84437-b015-456b-9660-97c8415e72fd\",\"version\":\"KqlParameterItem/1.0\",\"name\":\"Product\",\"label\":\"Product Name\",\"type\":2,\"description\":\"Filter on All or a named Product\",\"isRequired\":true,\"multiSelect\":true,\"quote\":\"'\",\"delimiter\":\",\",\"query\":\"SecurityIncident\\r\\n| extend productName_ = tostring(parse_json(tostring(AdditionalData.alertProductNames))[0])\\r\\n| summarize by productName_\\r\\n\",\"crossComponentResources\":[\"{Workspace}\"],\"value\":[\"value::all\"],\"typeSettings\":{\"additionalResourceOptions\":[\"value::all\"],\"showDefault\":false},\"timeContext\":{\"durationMs\":604800000},\"timeContextFromParameter\":\"TimeRange\",\"queryType\":0,\"resourceType\":\"microsoft.operationalinsights/workspaces\"},{\"id\":\"5a683c1d-5e10-4d94-bb2a-32c05b17da8e\",\"version\":\"KqlParameterItem/1.0\",\"name\":\"resourceGroup\",\"type\":1,\"query\":\"resources\\r\\n| where type =~ 'microsoft.operationalinsights/workspaces'\\r\\n//| where name ==  \\\"{Workspace:label}\\\" \\r\\n| project resourceGroup\",\"crossComponentResources\":[\"{Subscription}\"],\"isHiddenWhenLocked\":true,\"queryType\":1,\"resourceType\":\"microsoft.resourcegraph/resources\"},{\"id\":\"306edc18-d122-478d-97aa-ebc5a4cb88db\",\"version\":\"KqlParameterItem/1.0\",\"name\":\"Owner\",\"type\":2,\"description\":\"Filter on All or a named Owner assigned to an Incident\",\"isRequired\":true,\"multiSelect\":true,\"quote\":\"'\",\"delimiter\":\",\",\"query\":\"SecurityIncident\\r\\n| extend owner = tostring(Owner.assignedTo) \\r\\n| summarize Count=count(IncidentNumber) by Owner= case(owner==\\\"\\\", \\\"Unassigned\\\",owner)\\r\\n| project Value = Owner, Label = strcat(Owner, \\\": \\\", Count)\",\"crossComponentResources\":[\"{Workspace}\"],\"value\":[\"value::all\"],\"typeSettings\":{\"additionalResourceOptions\":[\"value::all\"],\"selectAllValue\":\"*\",\"showDefault\":false},\"timeContext\":{\"durationMs\":2592000000},\"timeContextFromParameter\":\"TimeRange\",\"queryType\":0,\"resourceType\":\"microsoft.operationalinsights/workspaces\"},{\"id\":\"04338a2a-010c-409d-91ac-4b74a0e9d56c\",\"version\":\"KqlParameterItem/1.0\",\"name\":\"Help\",\"type\":10,\"isRequired\":true,\"typeSettings\":{\"showDefault\":false},\"jsonData\":\"[\\r\\n { \\\"value\\\": \\\"Yes\\\", \\\"label\\\": \\\"Yes\\\"},\\r\\n { \\\"value\\\": \\\"No\\\", \\\"label\\\": \\\"No\\\", \\\"selected\\\":true },\\r\\n { \\\"value\\\": \\\"Change Log\\\", \\\"label\\\": \\\"Change Log\\\"}\\r\\n]\",\"timeContextFromParameter\":\"TimeRange\",\"value\":\"Change Log\"}],\"style\":\"above\",\"queryType\":1,\"resourceType\":\"microsoft.resourcegraph/resources\"},\"name\":\"parameters - 1\"},{\"type\":1,\"content\":{\"json\":\"## Sentinel Central\\r\\n### Change Log\\r\\nUse this report to view Incident and Alert data across many workspaces (works with Azure Lighthouse)\\r\\n\\r\\n\\r\\n|Version|Description|\\r\\n|---|---|\\r\\n|v1.2| View Alerts from multiple workspaces (Azure Lighhouse compatiable)|\\r\\n|v1.3| MSSP release |\\r\\n|v1.4| Add Workspace info |\\r\\n|v1.5| Add Workspace info |\\r\\n|v2.0| Multi workspace hunting. per Region selection from main drop down. |\\r\\n|v2.1| Addition of Workspace and Table specific retention. |\\r\\n\"},\"customWidth\":\"50\",\"conditionalVisibility\":{\"parameterName\":\"Help\",\"comparison\":\"isEqualTo\",\"value\":\"Change Log\"},\"name\":\"text - 7\"},{\"type\":1,\"content\":{\"json\":\"## Sentinel Central Help\\r\\n#### Data sources: REST api, SentinelIncident and SecurityAlert Tables\\r\\n\\r\\n## Incident Overview: \\r\\nUse this report to view Incident (and Alert data) across many workspaces, this works with Azure Lighthouse and across any subscription you have access to. The Workbook is not intended to replace the Multiple Incidents across Workspace view/feature in the Azure Sentinel UI, it's just a way of seeing the data in a different way.\\r\\n- Workspaces not linked to Azure Sentinel will not be shown.\\r\\n\\r\\n## Hunting\\r\\nThis option allows you to use your own KQL (which you can write within the page, or copy from an example or existing query). This will run against *any* of the Workspaces you have selected in the parameters (local or via Azure Lighthouse), please remember the more Workspaces and time range selected, the slower the results.\\r\\n- Use case, this allows you to enter a simple KQL query that doesn’t need the prefix of\\tworkspace(\\\"my workspace name\\\").my table name \\r\\n\\r\\ne.g. workspace(Demo\\\").Usage | limit 10\\r\\n\\r\\nor \\r\\n\\r\\n//Example query \\r\\nSecurityIncident\\r\\n| summarize High = countif(Severity ==\\\"High\\\"), Medium = countif(Severity ==\\\"Medium\\\"), MyIncidents=make_set(IncidentNumber ) by WorkspaceId=TenantId\\r\\n\\r\\n##### Note:\\r\\nIn your query it maybe useful to have the workspace ID returned, to do this you get the data from the TenantID column, as this name can be confusing we suggest you re-map it to WorkspaceID.\\r\\ne.g.\\r\\n•\\tSecurityIncident | summarize count() by WorkspaceId=TenantId\\r\\n\\r\\n## Query Packs\\r\\nIf you are using Query Packs, use this Tab to open one (from any Resource Group), you can then click on a Query Pack and then on an individual query to run it. \\r\\n\\r\\n- Use case, storing queries this way enables you to share them and secure them (ARM and RBAC), this methods allows you to stay within the workbook to find and execute your queries.\\r\\n## Saved Searches\\r\\nAny Saved Searches from a selected Workspace can be run from this tab. \\r\\n\\r\\n- Use Case, you can see (if you have read rights) saved searches in a selected Workspace and click to run them. Much like the Query Pack method above.\\r\\n\\r\\n## Retention\\r\\nWorkspace and Table specific retention can be viewed in this tab.\\r\\n\\r\\n- Use Case, you can see (if you have read rights) the same or different level retention set on a table in a selected Workspace.\\r\\n\\r\\n\\r\\n\"},\"customWidth\":\"50\",\"conditionalVisibility\":{\"parameterName\":\"Help\",\"comparison\":\"isEqualTo\",\"value\":\"Yes\"},\"name\":\"text - 7 - Copy\"}],\"exportParameters\":true},\"name\":\"group - parameter and help\"},{\"type\":11,\"content\":{\"version\":\"LinkItem/1.0\",\"style\":\"tabs\",\"links\":[{\"id\":\"ad9f9173-35b3-4c1a-84e4-6f6062263c18\",\"cellValue\":\"selectedTab\",\"linkTarget\":\"parameter\",\"linkLabel\":\"Incident Overview\",\"subTarget\":\"incidents\",\"style\":\"link\"},{\"id\":\"f99135dc-8862-434b-ad1c-38714c1d8992\",\"cellValue\":\"selectedTab\",\"linkTarget\":\"parameter\",\"linkLabel\":\"Hunting\",\"subTarget\":\"hunting\",\"style\":\"link\"},{\"id\":\"f99e8417-fdad-434d-98a3-9b901c273650\",\"cellValue\":\"selectedTab\",\"linkTarget\":\"parameter\",\"linkLabel\":\"Query Pack\",\"subTarget\":\"querypack\",\"style\":\"link\"},{\"id\":\"a56b10fb-0e65-4308-9c9e-e6c56ef356c6\",\"cellValue\":\"selectedTab\",\"linkTarget\":\"parameter\",\"linkLabel\":\"Saved Searches\",\"subTarget\":\"saved\",\"style\":\"link\"},{\"id\":\"16449876-2e6f-4c55-9931-30b5d82baead\",\"cellValue\":\"selectedTab\",\"linkTarget\":\"parameter\",\"linkLabel\":\"Retention\",\"subTarget\":\"retention\",\"style\":\"link\"}]},\"name\":\"links - 7\"},{\"type\":12,\"content\":{\"version\":\"NotebookGroup/1.0\",\"groupType\":\"editable\",\"items\":[{\"type\":3,\"content\":{\"version\":\"KqlItem/1.0\",\"query\":\"SecurityIncident\\r\\n// Get the Workspace Name(s) from a parameter\\r\\n| extend stringtoSplit = split(\\\"{WorkspaceIDguid}\\\",\\\",\\\")\\r\\n| mv-expand stringtoSplit\\r\\n| where stringtoSplit has TenantId\\r\\n| extend workSpacename = trim(@\\\"[^\\\\w]+\\\",tostring(split(stringtoSplit,\\\":\\\").[1]))\\r\\n// end of get workspace name section\\r\\n| summarize count(IncidentName) by   [\\\"Workspace\\\"] = workSpacename\\r\\n\\r\\n\\r\\n\\r\\n\",\"size\":4,\"title\":\"Count of Security Incidents for selected {$rowCount} Workspaces\",\"timeContext\":{\"durationMs\":0},\"timeContextFromParameter\":\"TimeRange\",\"queryType\":0,\"resourceType\":\"microsoft.operationalinsights/workspaces\",\"crossComponentResources\":[\"{Workspace}\"],\"visualization\":\"piechart\",\"gridSettings\":{\"hierarchySettings\":{\"treeType\":1,\"groupBy\":[\"wsName\"]},\"sortBy\":[{\"itemKey\":\"wsName\",\"sortOrder\":2}]},\"sortBy\":[{\"itemKey\":\"wsName\",\"sortOrder\":2}]},\"name\":\"query - 3 - Copy\"},{\"type\":3,\"content\":{\"version\":\"KqlItem/1.0\",\"query\":\"SecurityIncident\\r\\n// Get the Workspace Name(s) from a parameter\\r\\n| extend stringtoSplit = split(\\\"{WorkspaceIDguid}\\\",\\\",\\\")\\r\\n| mv-expand stringtoSplit\\r\\n| where stringtoSplit has TenantId\\r\\n| extend workSpacename = trim(@\\\"[^\\\\w]+\\\",tostring(split(stringtoSplit,\\\":\\\").[1]))\\r\\n// end of get workspace name section\\r\\n| summarize High=  countif(Severity==\\\"High\\\"),\\r\\n            Medium=countif(Severity==\\\"Medium\\\"),\\r\\n            Low   =countif(Severity==\\\"Low\\\"), \\r\\n            Informational=countif(Severity==\\\"Informational\\\"),\\r\\n            Last_record =  datetime_diff(\\\"second\\\", now(), max(TimeGenerated)),\\r\\n            Total  = count()\\r\\n            by workSpacename\\r\\n| join\\r\\n(\\r\\nSecurityIncident\\r\\n// mean time to triage Section\\r\\n// Get the Workspace Name(s) from a parameter\\r\\n| extend stringtoSplit = split(\\\"{WorkspaceIDguid}\\\",\\\",\\\")\\r\\n| mv-expand stringtoSplit\\r\\n| where stringtoSplit has TenantId\\r\\n| extend workSpacename = trim(@\\\"[^\\\\w]+\\\",tostring(split(stringtoSplit,\\\":\\\").[1]))\\r\\n// end of get workspace name section\\r\\n//| where FirstModifiedTime  >= {TimeRange:start} and FirstModifiedTime  <= {TimeRange:end}\\r\\n| extend Owner = todynamic(Owner.assignedTo) \\r\\n| where Owner in ({Owner}) or '{Owner:label}' ==  \\\"All\\\"\\r\\n| extend Product = todynamic((parse_json(tostring(AdditionalData.alertProductNames))[0])) \\r\\n| where Product in ({Product}) or '{Product:label}' ==  \\\"All\\\"\\r\\n| summarize arg_max(LastModifiedTime,*) by IncidentNumber \\r\\n| extend TimeToTriage =  (FirstModifiedTime - CreatedTime)/1h\\r\\n| summarize 50th_PercentileMeanTime=percentile(TimeToTriage, 50) by workSpacename\\r\\n) on workSpacename\\r\\n|project-away workSpacename1\\r\\n| join\\r\\n(\\r\\nSecurityIncident\\r\\n// mean time to close Section\\r\\n// Get the Workspace Name(s) from a parameter\\r\\n| extend stringtoSplit = split(\\\"{WorkspaceIDguid}\\\",\\\",\\\")\\r\\n| extend iD = TenantId\\r\\n| mv-expand stringtoSplit\\r\\n| where stringtoSplit has TenantId\\r\\n| extend workSpacename = trim(@\\\"[^\\\\w]+\\\",tostring(split(stringtoSplit,\\\":\\\").[1]))\\r\\n// end of get workspace name section\\r\\n//| where ClosedTime >= {TimeRange:start} and ClosedTime <= {TimeRange:end}\\r\\n| extend Owner = todynamic(Owner.assignedTo) \\r\\n| where Owner in ({Owner}) or '{Owner:label}' ==  \\\"All\\\"\\r\\n| extend Product = todynamic((parse_json(tostring(AdditionalData.alertProductNames))[0])) \\r\\n| where Product in ({Product}) or '{Product:label}' ==  \\\"All\\\"\\r\\n| summarize arg_max(LastModifiedTime,*) by IncidentNumber \\r\\n| extend TimeToClosure =  (ClosedTime - CreatedTime)/1h\\r\\n| summarize 50th_PercentileCloseTime=percentile(TimeToClosure, 50) by workSpacename\\r\\n) on workSpacename\\r\\n|project-away workSpacename1\\r\\n| join\\r\\n(\\r\\nSecurityIncident\\r\\n    // Incident Trend by Workspace\\r\\n    // Get the Workspace Name(s) from a parameter\\r\\n    | extend stringtoSplit = split(\\\"{WorkspaceIDguid}\\\",\\\",\\\")\\r\\n    | mv-expand stringtoSplit\\r\\n    | where stringtoSplit has TenantId\\r\\n    | extend workSpacename = trim(@\\\"[^\\\\w]+\\\",tostring(split(stringtoSplit,\\\":\\\").[1]))\\r\\n    | make-series IncidentTrend=count() on TimeGenerated from {TimeRange:start} to {TimeRange:end} step {TimeRange:grain} by workSpacename\\r\\n) on workSpacename\\r\\n|project-away workSpacename1, TimeGenerated\\r\\n\\r\\n\",\"size\":1,\"title\":\"Security Incident summary for {$rowCount} Workspaces:  QueryTime {$queryTime}\",\"timeContext\":{\"durationMs\":0},\"timeContextFromParameter\":\"TimeRange\",\"exportFieldName\":\"workSpacename\",\"exportParameterName\":\"exportworkSpacename\",\"queryType\":0,\"resourceType\":\"microsoft.operationalinsights/workspaces\",\"crossComponentResources\":[\"{Workspace}\"],\"visualization\":\"table\",\"gridSettings\":{\"formatters\":[{\"columnMatch\":\"High\",\"formatter\":4,\"formatOptions\":{\"palette\":\"greenRed\"}},{\"columnMatch\":\"Medium\",\"formatter\":4,\"formatOptions\":{\"palette\":\"greenRed\"}},{\"columnMatch\":\"Low\",\"formatter\":4,\"formatOptions\":{\"palette\":\"greenRed\"}},{\"columnMatch\":\"Informational\",\"formatter\":4,\"formatOptions\":{\"palette\":\"greenRed\",\"customColumnWidthSetting\":\"150px\"}},{\"columnMatch\":\"Last_record\",\"formatter\":0,\"numberFormat\":{\"unit\":24,\"options\":{\"style\":\"decimal\",\"maximumFractionDigits\":2}}},{\"columnMatch\":\"Total\",\"formatter\":8,\"formatOptions\":{\"palette\":\"coldHot\"}},{\"columnMatch\":\"50th_PercentileMeanTime\",\"formatter\":8,\"formatOptions\":{\"palette\":\"greenRed\"},\"numberFormat\":{\"unit\":26,\"options\":{\"style\":\"decimal\",\"useGrouping\":false,\"maximumFractionDigits\":3}}},{\"columnMatch\":\"50th_PercentileCloseTime\",\"formatter\":8,\"formatOptions\":{\"palette\":\"greenRed\"},\"numberFormat\":{\"unit\":26,\"options\":{\"style\":\"decimal\",\"maximumFractionDigits\":3}}},{\"columnMatch\":\"Trend\",\"formatter\":10,\"formatOptions\":{\"palette\":\"blueDark\"}},{\"columnMatch\":\"iD\",\"formatter\":5}],\"sortBy\":[{\"itemKey\":\"$gen_bar_High_1\",\"sortOrder\":2}],\"labelSettings\":[{\"columnId\":\"workSpacename\",\"label\":\"Workspace Name\"},{\"columnId\":\"50th_PercentileMeanTime\",\"label\":\"Mean time to triage\"},{\"columnId\":\"50th_PercentileCloseTime\",\"label\":\"Mean time to closure\"}]},\"sortBy\":[{\"itemKey\":\"$gen_bar_High_1\",\"sortOrder\":2}]},\"name\":\"query - SecIncidents\"},{\"type\":3,\"content\":{\"version\":\"KqlItem/1.0\",\"query\":\"resources\\r\\n | where type == \\\"microsoft.insights/workbooks\\\"\\r\\n | where properties.displayName has \\\"Security operations efficiency\\\" \\r\\n //| where properties.displayName has '{exportworkSpacename}'\\r\\n //| project properties.displayName, id\\r\\n | project id, note='Please select the Subscription and Workpsace names again in the new blade'\\r\\n | limit 1\\r\\n\\r\\n\",\"size\":4,\"title\":\"Open [Security Operations Efficiency] Workbook - if the Workbook exists locally?\",\"queryType\":1,\"resourceType\":\"microsoft.resourcegraph/resources\",\"crossComponentResources\":[\"{Subscription}\"],\"gridSettings\":{\"formatters\":[{\"columnMatch\":\"id\",\"formatter\":7,\"formatOptions\":{\"linkTarget\":\"WorkbookTemplate\",\"linkLabel\":\"Click to Open [Security operations efficiency] workbook\",\"linkIsContextBlade\":true}},{\"columnMatch\":\"note\",\"formatter\":0,\"formatOptions\":{\"customColumnWidthSetting\":\"100ch\"}}],\"labelSettings\":[{\"columnId\":\"id\",\"label\":\"Open\"}]}},\"customWidth\":\"50\",\"conditionalVisibility\":{\"parameterName\":\"exportworkSpacename\",\"comparison\":\"isNotEqualTo\"},\"name\":\"query - open_SOC_workbook\"},{\"type\":3,\"content\":{\"version\":\"KqlItem/1.0\",\"query\":\"resources\\r\\n| where type =~ 'microsoft.operationalinsights/workspaces'\\r\\n| extend customerWorkspaceID = trim(' ', tostring(properties.customerId))\\r\\n| project id, customerWorkspaceID, name=tolower(name), subscriptionId, tenantId\\r\\n|join \\r\\n(\\r\\n\\tresources\\r\\n\\t// Just show Workspaces that have Sentinel enabled\\r\\n\\t| where type =~ \\\"microsoft.operationsmanagement/solutions\\\"\\r\\n\\t| where name has \\\"SecurityInsights\\\"\\r\\n\\t| parse name with * '(' s_workspace ')'*\\r\\n\\t| project name=tolower(s_workspace), subscriptionId, location, properties, resourceGroup\\r\\n) on name\\r\\n| where name =~ '{exportworkSpacename}'\\r\\n| project name, Open=tolower(id), tenantId, customerWorkspaceID,  subscriptionId, location, properties, resourceGroup\\r\\n\",\"size\":4,\"title\":\"Workspace details - click on \\\"name\\\" for more details\",\"exportedParameters\":[{\"fieldName\":\"tenantId\",\"parameterName\":\"exporttenantId\",\"parameterType\":1},{\"fieldName\":\"subscriptionId\",\"parameterName\":\"exportSubscriptionId\",\"parameterType\":1},{\"fieldName\":\"resourceGroup\",\"parameterName\":\"exportResourceGroup\",\"parameterType\":1},{\"fieldName\":\"name\",\"parameterName\":\"exportName\",\"parameterType\":1}],\"queryType\":1,\"resourceType\":\"microsoft.resourcegraph/resources\",\"crossComponentResources\":[\"{Subscription}\"],\"gridSettings\":{\"formatters\":[{\"columnMatch\":\"Open\",\"formatter\":7,\"formatOptions\":{\"linkTarget\":\"Resource\",\"linkLabel\":\"Workspace context blade\",\"linkIsContextBlade\":true}},{\"columnMatch\":\"id\",\"formatter\":7,\"formatOptions\":{\"linkTarget\":\"WorkbookTemplate\",\"linkLabel\":\"Click to Open [Security operations efficiency] workbook\",\"linkIsContextBlade\":false}},{\"columnMatch\":\"note\",\"formatter\":0,\"formatOptions\":{\"customColumnWidthSetting\":\"100ch\"}}]}},\"customWidth\":\"50\",\"conditionalVisibility\":{\"parameterName\":\"exportworkSpacename\",\"comparison\":\"isNotEqualTo\"},\"name\":\"query - Workspace Details\"},{\"type\":3,\"content\":{\"version\":\"KqlItem/1.0\",\"query\":\"{\\\"version\\\":\\\"ARMEndpoint/1.0\\\",\\\"data\\\":null,\\\"headers\\\":[],\\\"method\\\":\\\"GET\\\",\\\"path\\\":\\\"/tenants?api-version=2020-01-01\\\",\\\"urlParams\\\":[{\\\"key\\\":\\\"\\\",\\\"value\\\":\\\"\\\"}],\\\"batchDisabled\\\":false,\\\"transformers\\\":[{\\\"type\\\":\\\"jsonpath\\\",\\\"settings\\\":{\\\"tablePath\\\":\\\"$.value\\\",\\\"columns\\\":[]}}]}\",\"size\":4,\"title\":\"Tenant details\",\"queryType\":12,\"gridSettings\":{\"formatters\":[{\"columnMatch\":\"id\",\"formatter\":5},{\"columnMatch\":\"domains\",\"formatter\":7,\"formatOptions\":{\"linkTarget\":\"GenericDetails\",\"linkLabel\":\"Domain name(s)\",\"linkIsContextBlade\":true}},{\"columnMatch\":\"Open\",\"formatter\":7,\"formatOptions\":{\"linkTarget\":\"Resource\",\"linkLabel\":\"Workspace context blade\",\"linkIsContextBlade\":true}},{\"columnMatch\":\"note\",\"formatter\":0,\"formatOptions\":{\"customColumnWidthSetting\":\"100ch\"}}]}},\"customWidth\":\"50\",\"conditionalVisibility\":{\"parameterName\":\"exportworkSpacename\",\"comparison\":\"isEqualTo\",\"value\":\"hide\"},\"name\":\"query - Tenant Details\"},{\"type\":3,\"content\":{\"version\":\"KqlItem/1.0\",\"query\":\"{\\\"version\\\":\\\"ARMEndpoint/1.0\\\",\\\"data\\\":null,\\\"headers\\\":[],\\\"method\\\":\\\"GET\\\",\\\"path\\\":\\\"/subscriptions/{exportSubscriptionId}/resourceGroups/{exportResourceGroup}/providers/Microsoft.OperationalInsights/workspaces/{exportworkSpacename}/providers/Microsoft.SecurityInsights/AlertRules\\\",\\\"urlParams\\\":[{\\\"key\\\":\\\"\\\",\\\"value\\\":\\\"\\\"},{\\\"key\\\":\\\"api-version\\\",\\\"value\\\":\\\"2020-01-01\\\"}],\\\"batchDisabled\\\":false,\\\"transformers\\\":[{\\\"type\\\":\\\"jsonpath\\\",\\\"settings\\\":{\\\"tablePath\\\":\\\"$.value\\\",\\\"columns\\\":[{\\\"path\\\":\\\"properties.displayName\\\",\\\"columnid\\\":\\\"displayName\\\"},{\\\"path\\\":\\\"type\\\",\\\"columnid\\\":\\\"type\\\"},{\\\"path\\\":\\\"kind\\\",\\\"columnid\\\":\\\"kind\\\"},{\\\"path\\\":\\\"properties\\\",\\\"columnid\\\":\\\"properties\\\"},{\\\"path\\\":\\\"properties.lastModifiedUtc\\\",\\\"columnid\\\":\\\"lastModifiedUtc\\\"}]}}]}\",\"size\":4,\"title\":\"Rules details ('{exportName}' with {$rowCount} deployed Rules)\",\"showExportToExcel\":true,\"queryType\":12,\"gridSettings\":{\"formatters\":[{\"columnMatch\":\"id\",\"formatter\":5},{\"columnMatch\":\"name\",\"formatter\":5},{\"columnMatch\":\"etag\",\"formatter\":5},{\"columnMatch\":\"domains\",\"formatter\":7,\"formatOptions\":{\"linkTarget\":\"GenericDetails\",\"linkLabel\":\"Domain name(s)\",\"linkIsContextBlade\":true}},{\"columnMatch\":\"Open\",\"formatter\":7,\"formatOptions\":{\"linkTarget\":\"Resource\",\"linkLabel\":\"Workspace context blade\",\"linkIsContextBlade\":true}},{\"columnMatch\":\"note\",\"formatter\":0,\"formatOptions\":{\"customColumnWidthSetting\":\"100ch\"}}],\"rowLimit\":500,\"filter\":true,\"sortBy\":[{\"itemKey\":\"kind\",\"sortOrder\":2}]},\"sortBy\":[{\"itemKey\":\"kind\",\"sortOrder\":2}]},\"customWidth\":\"50\",\"conditionalVisibility\":{\"parameterName\":\"exportResourceGroup\",\"comparison\":\"isNotEqualTo\",\"value\":\"\"},\"name\":\"query - Rules details\"},{\"type\":3,\"content\":{\"version\":\"KqlItem/1.0\",\"query\":\"{\\\"version\\\":\\\"Merge/1.0\\\",\\\"merges\\\":[{\\\"id\\\":\\\"724f0ff2-e293-4655-9005-b25c4442a0de\\\",\\\"mergeType\\\":\\\"innerunique\\\",\\\"leftTable\\\":\\\"query - Workspace Details\\\",\\\"rightTable\\\":\\\"query - Tenant Details\\\",\\\"leftColumn\\\":\\\"tenantId\\\",\\\"rightColumn\\\":\\\"tenantId\\\"}],\\\"projectRename\\\":[{\\\"originalName\\\":\\\"[query - Workspace Details].name\\\",\\\"mergedName\\\":\\\"name\\\",\\\"fromId\\\":\\\"724f0ff2-e293-4655-9005-b25c4442a0de\\\"},{\\\"originalName\\\":\\\"[query - Workspace Details].Open\\\",\\\"mergedName\\\":\\\"Open\\\",\\\"fromId\\\":\\\"724f0ff2-e293-4655-9005-b25c4442a0de\\\"},{\\\"originalName\\\":\\\"[query - Workspace Details].tenantId\\\",\\\"mergedName\\\":\\\"tenantId\\\",\\\"fromId\\\":\\\"724f0ff2-e293-4655-9005-b25c4442a0de\\\"},{\\\"originalName\\\":\\\"[query - Workspace Details].customerWorkspaceID\\\",\\\"mergedName\\\":\\\"customerWorkspaceID\\\",\\\"fromId\\\":\\\"724f0ff2-e293-4655-9005-b25c4442a0de\\\"},{\\\"originalName\\\":\\\"[query - Workspace Details].subscriptionId\\\",\\\"mergedName\\\":\\\"subscriptionId\\\",\\\"fromId\\\":\\\"724f0ff2-e293-4655-9005-b25c4442a0de\\\"},{\\\"originalName\\\":\\\"[query - Workspace Details].location\\\",\\\"mergedName\\\":\\\"location\\\",\\\"fromId\\\":\\\"724f0ff2-e293-4655-9005-b25c4442a0de\\\"},{\\\"originalName\\\":\\\"[query - Workspace Details].properties\\\",\\\"mergedName\\\":\\\"properties\\\",\\\"fromId\\\":\\\"724f0ff2-e293-4655-9005-b25c4442a0de\\\"},{\\\"originalName\\\":\\\"[query - Tenant Details].id\\\",\\\"mergedName\\\":\\\"id\\\",\\\"fromId\\\":\\\"724f0ff2-e293-4655-9005-b25c4442a0de\\\"},{\\\"originalName\\\":\\\"[query - Tenant Details].tenantId\\\",\\\"mergedName\\\":\\\"tenantId1\\\",\\\"fromId\\\":\\\"724f0ff2-e293-4655-9005-b25c4442a0de\\\"},{\\\"originalName\\\":\\\"[query - Tenant Details].countryCode\\\",\\\"mergedName\\\":\\\"countryCode\\\",\\\"fromId\\\":\\\"724f0ff2-e293-4655-9005-b25c4442a0de\\\"},{\\\"originalName\\\":\\\"[query - Tenant Details].displayName\\\",\\\"mergedName\\\":\\\"displayName\\\",\\\"fromId\\\":\\\"724f0ff2-e293-4655-9005-b25c4442a0de\\\"},{\\\"originalName\\\":\\\"[query - Tenant Details].domains\\\",\\\"mergedName\\\":\\\"domains\\\",\\\"fromId\\\":\\\"724f0ff2-e293-4655-9005-b25c4442a0de\\\"},{\\\"originalName\\\":\\\"[query - Tenant Details].tenantCategory\\\",\\\"mergedName\\\":\\\"tenantCategory\\\",\\\"fromId\\\":\\\"724f0ff2-e293-4655-9005-b25c4442a0de\\\"},{\\\"originalName\\\":\\\"[query - Tenant Details].defaultDomain\\\",\\\"mergedName\\\":\\\"defaultDomain\\\",\\\"fromId\\\":\\\"724f0ff2-e293-4655-9005-b25c4442a0de\\\"},{\\\"originalName\\\":\\\"[query - Tenant Details].tenantType\\\",\\\"mergedName\\\":\\\"tenantType\\\",\\\"fromId\\\":\\\"724f0ff2-e293-4655-9005-b25c4442a0de\\\"},{\\\"originalName\\\":\\\"[query - Tenant Details].tenantBrandingLogoUrl\\\",\\\"mergedName\\\":\\\"tenantBrandingLogoUrl\\\",\\\"fromId\\\":\\\"724f0ff2-e293-4655-9005-b25c4442a0de\\\"},{\\\"originalName\\\":\\\"[query - Workspace Details].resourceGroup\\\",\\\"mergedName\\\":\\\"resourceGroup\\\",\\\"fromId\\\":\\\"unknown\\\"}]}\",\"size\":4,\"title\":\"Tenant Details\",\"showExportToExcel\":true,\"queryType\":7,\"gridSettings\":{\"formatters\":[{\"columnMatch\":\"id\",\"formatter\":5},{\"columnMatch\":\"tenantId1\",\"formatter\":5},{\"columnMatch\":\"domains\",\"formatter\":7,\"formatOptions\":{\"linkTarget\":\"CellDetails\",\"linkLabel\":\"Domain List\",\"linkIsContextBlade\":true}}],\"filter\":true}},\"conditionalVisibility\":{\"parameterName\":\"exportworkSpacename\",\"comparison\":\"isNotEqualTo\"},\"showPin\":false,\"name\":\"query - merged Tenant view\"},{\"type\":12,\"content\":{\"version\":\"NotebookGroup/1.0\",\"groupType\":\"editable\",\"title\":\"Classification and Tactics report\",\"expandable\":true,\"items\":[{\"type\":3,\"content\":{\"version\":\"KqlItem/1.0\",\"query\":\"SecurityIncident\\r\\n// Get the Workspace Name(s) from a parameter\\r\\n| extend stringtoSplit = split(\\\"{WorkspaceIDguid}\\\",\\\",\\\")\\r\\n| mv-expand stringtoSplit\\r\\n| where stringtoSplit has TenantId\\r\\n| extend workSpacename = trim(@\\\"[^\\\\w]+\\\",tostring(split(stringtoSplit,\\\":\\\").[1]))\\r\\n// end of get workspace name section\\r\\n| where Status == 'Closed'\\r\\n| order by LastModifiedTime \\r\\n| summarize count(), make_set(ClassificationComment) by workSpacename, Classification , ClassificationReason \\r\\n| evaluate pivot(Classification, sum(count_))\",\"size\":1,\"title\":\"Incident Classification report\",\"timeContext\":{\"durationMs\":604800000},\"timeContextFromParameter\":\"TimeRange\",\"showExportToExcel\":true,\"queryType\":0,\"resourceType\":\"microsoft.operationalinsights/workspaces\",\"crossComponentResources\":[\"{Workspace}\"],\"gridSettings\":{\"formatters\":[{\"columnMatch\":\"set_ClassificationComment\",\"formatter\":7,\"formatOptions\":{\"linkTarget\":\"CellDetails\",\"linkIsContextBlade\":true}},{\"columnMatch\":\"BenignPositive\",\"formatter\":4,\"formatOptions\":{\"palette\":\"greenRed\",\"customColumnWidthSetting\":\"150px\"}},{\"columnMatch\":\"FalsePositive\",\"formatter\":4,\"formatOptions\":{\"palette\":\"greenRed\",\"customColumnWidthSetting\":\"150px\"}},{\"columnMatch\":\"TruePositive\",\"formatter\":4,\"formatOptions\":{\"palette\":\"greenRed\",\"customColumnWidthSetting\":\"150px\"}},{\"columnMatch\":\"Undetermined\",\"formatter\":4,\"formatOptions\":{\"palette\":\"greenRed\",\"customColumnWidthSetting\":\"150px\"}}],\"filter\":true,\"sortBy\":[{\"itemKey\":\"workSpacename\",\"sortOrder\":2}],\"labelSettings\":[{\"columnId\":\"set_ClassificationComment\",\"label\":\"Reason\"}]},\"sortBy\":[{\"itemKey\":\"workSpacename\",\"sortOrder\":2}]},\"name\":\"query - 10\"},{\"type\":3,\"content\":{\"version\":\"KqlItem/1.0\",\"query\":\"SecurityIncident\\r\\n// Get the Workspace Name(s) from a parameter\\r\\n| extend stringtoSplit = split(\\\"{WorkspaceIDguid}\\\",\\\",\\\")\\r\\n| mv-expand stringtoSplit\\r\\n| where stringtoSplit has TenantId\\r\\n| extend workSpacename = trim(@\\\"[^\\\\w]+\\\",tostring(split(stringtoSplit,\\\":\\\").[1]))\\r\\n// end of get workspace name section\\r\\n| extend Tactics_ = tostring(parse_json(tostring(AdditionalData.tactics)))\\r\\n| summarize  count()\\r\\n            by workSpacename, Tactics_\\r\\n| order by count_ desc\\r\\n| evaluate pivot(Tactics_, sum(count_))\",\"size\":1,\"title\":\"Incident Tactics report\",\"timeContext\":{\"durationMs\":604800000},\"timeContextFromParameter\":\"TimeRange\",\"showExportToExcel\":true,\"queryType\":0,\"resourceType\":\"microsoft.operationalinsights/workspaces\",\"crossComponentResources\":[\"{Workspace}\"],\"gridSettings\":{\"formatters\":[{\"columnMatch\":\"set_ClassificationComment\",\"formatter\":7,\"formatOptions\":{\"linkTarget\":\"CellDetails\",\"linkIsContextBlade\":true}},{\"columnMatch\":\"TruePositive\",\"formatter\":8,\"formatOptions\":{\"palette\":\"greenRed\"}}],\"filter\":true,\"sortBy\":[{\"itemKey\":\"workSpacename\",\"sortOrder\":1}]},\"sortBy\":[{\"itemKey\":\"workSpacename\",\"sortOrder\":1}],\"tileSettings\":{\"showBorder\":false,\"titleContent\":{\"columnMatch\":\"workSpacename\",\"formatter\":1},\"leftContent\":{\"columnMatch\":\"[\\\"Collection\\\"]\",\"formatter\":12,\"formatOptions\":{\"palette\":\"auto\"},\"numberFormat\":{\"unit\":17,\"options\":{\"maximumSignificantDigits\":3,\"maximumFractionDigits\":2}}}}},\"name\":\"query - 10 - Tactics\"}]},\"name\":\"group - classification and tactics\"},{\"type\":3,\"content\":{\"version\":\"KqlItem/1.0\",\"query\":\"SecurityIncident\\r\\n// Get the Workspace Name(s) from a parameter\\r\\n| extend stringtoSplit = split(\\\"{WorkspaceIDguid}\\\",\\\",\\\")\\r\\n| mvexpand stringtoSplit\\r\\n| where stringtoSplit has TenantId\\r\\n| extend workSpacename = trim(@\\\"[^\\\\w]+\\\",tostring(split(stringtoSplit,\\\":\\\").[1]))\\r\\n// end of get workspace name section\\r\\n| summarize Total  = count()\\r\\n            by workSpacename\\r\\n\\r\\n\\r\\n\\r\\n\\r\\n\",\"size\":1,\"title\":\"Count of Security Incidents for selected Workspaces and Severity\",\"timeContext\":{\"durationMs\":604800000},\"timeContextFromParameter\":\"TimeRange\",\"queryType\":0,\"resourceType\":\"microsoft.operationalinsights/workspaces\",\"crossComponentResources\":[\"{Workspace}\"],\"visualization\":\"table\",\"gridSettings\":{\"formatters\":[{\"columnMatch\":\"High\",\"formatter\":4,\"formatOptions\":{\"palette\":\"greenRed\"}},{\"columnMatch\":\"Medium\",\"formatter\":4,\"formatOptions\":{\"palette\":\"greenRed\"}},{\"columnMatch\":\"Low\",\"formatter\":4,\"formatOptions\":{\"palette\":\"greenRed\"}},{\"columnMatch\":\"Informational\",\"formatter\":4,\"formatOptions\":{\"palette\":\"greenRed\"}}],\"labelSettings\":[{\"columnId\":\"workSpacename\",\"label\":\"Workspace Name\"}]}},\"customWidth\":\"40\",\"conditionalVisibility\":{\"parameterName\":\"hide\",\"comparison\":\"isEqualTo\",\"value\":\"hide\"},\"name\":\"query - KQL for MAP count\"},{\"type\":3,\"content\":{\"version\":\"KqlItem/1.0\",\"query\":\"resources\\r\\n// Just show Workspaces that have Sentinel enabled\\r\\n| where type =~ \\\"microsoft.operationsmanagement/solutions\\\"\\r\\n| where name has \\\"SecurityInsights\\\"\\r\\n| parse name with * '(' s_workspace ')'*\\r\\n| summarize count() by location, s_workspace\",\"size\":0,\"title\":\"Azure Sentinel Workspaces by Azure Region\",\"queryType\":1,\"resourceType\":\"microsoft.resourcegraph/resources\",\"crossComponentResources\":[\"{Subscription}\"],\"visualization\":\"table\",\"mapSettings\":{\"locInfo\":\"AzureLoc\",\"locInfoColumn\":\"location\",\"sizeSettings\":\"count_\",\"sizeAggregation\":\"Sum\",\"labelSettings\":\"location\",\"legendMetric\":\"location\",\"legendAggregation\":\"Count\",\"itemColorSettings\":{\"nodeColorField\":\"count_\",\"colorAggregation\":\"Sum\",\"type\":\"heatmap\",\"heatmapPalette\":\"greenRed\"}}},\"customWidth\":\"50\",\"conditionalVisibility\":{\"parameterName\":\"hide\",\"comparison\":\"isEqualTo\",\"value\":\"hide\"},\"name\":\"query - ARG for MAp count\"},{\"type\":3,\"content\":{\"version\":\"KqlItem/1.0\",\"query\":\"{\\\"version\\\":\\\"Merge/1.0\\\",\\\"merges\\\":[{\\\"id\\\":\\\"9862f923-5d48-4232-8b1d-54f18cd153d3\\\",\\\"mergeType\\\":\\\"innerunique\\\",\\\"leftTable\\\":\\\"query - KQL for MAP count\\\",\\\"rightTable\\\":\\\"query - ARG for MAp count\\\",\\\"leftColumn\\\":\\\"workSpacename\\\",\\\"rightColumn\\\":\\\"s_workspace\\\"}],\\\"projectRename\\\":[{\\\"originalName\\\":\\\"[query - KQL for MAP count].workSpacename\\\",\\\"mergedName\\\":\\\"Workspace Name\\\",\\\"fromId\\\":\\\"9862f923-5d48-4232-8b1d-54f18cd153d3\\\"},{\\\"originalName\\\":\\\"[query - KQL for MAP count].Total\\\",\\\"mergedName\\\":\\\"Total\\\",\\\"fromId\\\":\\\"9862f923-5d48-4232-8b1d-54f18cd153d3\\\"},{\\\"originalName\\\":\\\"[query - ARG for MAp count].location\\\",\\\"mergedName\\\":\\\"location\\\",\\\"fromId\\\":\\\"9862f923-5d48-4232-8b1d-54f18cd153d3\\\"},{\\\"originalName\\\":\\\"[query - ARG for MAp count].s_workspace\\\",\\\"mergedName\\\":\\\"s_workspace\\\",\\\"fromId\\\":\\\"9862f923-5d48-4232-8b1d-54f18cd153d3\\\"},{\\\"originalName\\\":\\\"[query - ARG for MAp count].count_\\\",\\\"mergedName\\\":\\\"count_\\\",\\\"fromId\\\":\\\"9862f923-5d48-4232-8b1d-54f18cd153d3\\\"}]}\",\"size\":0,\"title\":\"Azure Sentinel Incident Count by Region\",\"exportedParameters\":[{\"fieldName\":\"\",\"parameterName\":\"exportMap1\"},{\"fieldName\":\"location\",\"parameterName\":\"location\",\"parameterType\":1}],\"queryType\":7,\"visualization\":\"map\",\"gridSettings\":{\"sortBy\":[{\"itemKey\":\"s_workspace\",\"sortOrder\":1}]},\"sortBy\":[{\"itemKey\":\"s_workspace\",\"sortOrder\":1}],\"mapSettings\":{\"locInfo\":\"AzureLoc\",\"locInfoColumn\":\"location\",\"sizeSettings\":\"Total\",\"sizeAggregation\":\"Sum\",\"labelSettings\":\"location\",\"legendMetric\":\"Total\",\"numberOfMetrics\":50,\"legendAggregation\":\"Sum\",\"itemColorSettings\":{\"nodeColorField\":\"Total\",\"colorAggregation\":\"Sum\",\"type\":\"heatmap\",\"heatmapPalette\":\"greenRed\"}}},\"customWidth\":\"50\",\"showPin\":false,\"name\":\"query - 6\"},{\"type\":3,\"content\":{\"version\":\"KqlItem/1.0\",\"query\":\"resources\\r\\n// Just show Workspaces that have Sentinel enabled\\r\\n| where type =~ \\\"microsoft.operationsmanagement/solutions\\\"\\r\\n| where name has \\\"SecurityInsights\\\"\\r\\n| parse name with * '(' s_workspace ')'*\\r\\n| summarize count() by location, s_workspace\",\"size\":0,\"title\":\"Azure Sentinel Workspaces by Azure Region\",\"exportParameterName\":\"exportMap2\",\"queryType\":1,\"resourceType\":\"microsoft.resourcegraph/resources\",\"crossComponentResources\":[\"{Subscription}\"],\"visualization\":\"map\",\"mapSettings\":{\"locInfo\":\"AzureLoc\",\"locInfoColumn\":\"location\",\"sizeSettings\":\"count_\",\"sizeAggregation\":\"Sum\",\"labelSettings\":\"location\",\"legendMetric\":\"location\",\"legendAggregation\":\"Count\",\"itemColorSettings\":{\"nodeColorField\":\"count_\",\"colorAggregation\":\"Sum\",\"type\":\"heatmap\",\"heatmapPalette\":\"greenRed\"}}},\"customWidth\":\"50\",\"name\":\"query - 10\"},{\"type\":9,\"content\":{\"version\":\"KqlParameterItem/1.0\",\"crossComponentResources\":[\"{Subscription}\"],\"parameters\":[{\"id\":\"5443aca4-a73d-46ad-aaea-bd391acc3f0d\",\"version\":\"KqlParameterItem/1.0\",\"name\":\"getMapdata1\",\"type\":1,\"isRequired\":true,\"query\":\"extend a = parse_json('{exportMap1}')\\r\\n| project  ['region']=a.regionName,  ['Incident Count']=a.legendValue\\r\\n| limit 1\",\"crossComponentResources\":[\"{Subscription}\"],\"isHiddenWhenLocked\":true,\"timeContext\":{\"durationMs\":0},\"timeContextFromParameter\":\"TimeRange\",\"queryType\":1,\"resourceType\":\"microsoft.resourcegraph/resources\"},{\"version\":\"KqlParameterItem/1.0\",\"name\":\"getMapdata2\",\"type\":1,\"isRequired\":true,\"query\":\"extend a = parse_json('{exportMap2}')\\r\\n| project  ['region']=a.regionName,  ['Incident Count']=a.legendValue\\r\\n| limit 1\",\"crossComponentResources\":[\"{Subscription}\"],\"isHiddenWhenLocked\":true,\"timeContext\":{\"durationMs\":86400000},\"queryType\":1,\"resourceType\":\"microsoft.resourcegraph/resources\",\"id\":\"793ac0c4-7518-4e52-9509-eb1bdf97854b\"},{\"version\":\"KqlParameterItem/1.0\",\"name\":\"getMapdata1_count\",\"type\":1,\"isRequired\":true,\"query\":\"extend a = parse_json('{exportMap1}')\\r\\n| project  ['Incident Count']=a.legendValue\\r\\n| limit 1\",\"crossComponentResources\":[\"{Subscription}\"],\"isHiddenWhenLocked\":true,\"timeContext\":{\"durationMs\":0},\"timeContextFromParameter\":\"TimeRange\",\"queryType\":1,\"resourceType\":\"microsoft.resourcegraph/resources\",\"id\":\"d4349432-c9cf-436e-9ede-2cd303c4bc9c\"},{\"version\":\"KqlParameterItem/1.0\",\"name\":\"getMapdata2_count\",\"type\":1,\"isRequired\":true,\"query\":\"extend a = parse_json('{exportMap2}')\\r\\n| project  ['Incident Count']=a.legendValue\\r\\n| limit 1\",\"crossComponentResources\":[\"{Subscription}\"],\"isHiddenWhenLocked\":true,\"timeContext\":{\"durationMs\":0},\"timeContextFromParameter\":\"TimeRange\",\"queryType\":1,\"resourceType\":\"microsoft.resourcegraph/resources\",\"id\":\"88076350-2736-407f-a272-6b473dc92c6c\"}],\"style\":\"above\",\"queryType\":1,\"resourceType\":\"microsoft.resourcegraph/resources\"},\"name\":\"parameters - 8\"},{\"type\":1,\"content\":{\"json\":\"### Results from clicking on the Maps above\\r\\n--------------\\r\\n\\r\\n|Azure Region|Location|Incident Count|Workspace Counter|\\r\\n|---|---|---|\\r\\n|Azure Sentinel Incident Count by Region| {getMapdata1}|{getMapdata1_count}||\\r\\n|Azure Sentinel Workspaces by Azure Region| {getMapdata2}||{getMapdata2_count}|\\r\\n\\r\\n-----------\"},\"name\":\"text - 7\"},{\"type\":3,\"content\":{\"version\":\"KqlItem/1.0\",\"query\":\"SecurityIncident\\r\\n// Get the Workspace Name(s) from a parameter\\r\\n| extend stringtoSplit = split(\\\"{WorkspaceIDguid}\\\",\\\",\\\")\\r\\n| mvexpand stringtoSplit\\r\\n| where stringtoSplit has TenantId\\r\\n| extend workSpacename = trim(@\\\"[^\\\\w]+\\\",tostring(split(stringtoSplit,\\\":\\\").[1]))\\r\\n// end of get workspace name section\\r\\n| extend Tactics_ = tostring(parse_json(tostring(AdditionalData.tactics)))\\r\\n| summarize  count()\\r\\n            by workSpacename, Tactics_\\r\\n| order by count_ desc\\r\\n\\r\\n\\r\\n\\r\\n\\r\\n\\r\\n\\r\\n\",\"size\":1,\"title\":\"Count of Tactics for selected Workspaces\",\"timeContext\":{\"durationMs\":604800000},\"timeContextFromParameter\":\"TimeRange\",\"queryType\":0,\"resourceType\":\"microsoft.operationalinsights/workspaces\",\"crossComponentResources\":[\"{Workspace}\"],\"visualization\":\"table\",\"gridSettings\":{\"formatters\":[{\"columnMatch\":\"count_\",\"formatter\":3,\"formatOptions\":{\"palette\":\"coldHot\"}},{\"columnMatch\":\"High\",\"formatter\":4,\"formatOptions\":{\"palette\":\"greenRed\"}},{\"columnMatch\":\"Medium\",\"formatter\":4,\"formatOptions\":{\"palette\":\"greenRed\"}},{\"columnMatch\":\"Low\",\"formatter\":4,\"formatOptions\":{\"palette\":\"greenRed\"}},{\"columnMatch\":\"Informational\",\"formatter\":4,\"formatOptions\":{\"palette\":\"greenRed\"}},{\"columnMatch\":\"Total\",\"formatter\":8,\"formatOptions\":{\"palette\":\"coldHot\"}}],\"labelSettings\":[{\"columnId\":\"count_\",\"label\":\"count\"}]}},\"customWidth\":\"50\",\"conditionalVisibility\":{\"parameterName\":\"hide\",\"comparison\":\"isEqualTo\",\"value\":\"hide\"},\"name\":\"query - 3 - Copy - Copy - Copy\"}]},\"conditionalVisibility\":{\"parameterName\":\"selectedTab\",\"comparison\":\"isEqualTo\",\"value\":\"incidents\"},\"name\":\"group - overview\"},{\"type\":1,\"content\":{\"json\":\"---------------\"},\"name\":\"text - 9\"},{\"type\":12,\"content\":{\"version\":\"NotebookGroup/1.0\",\"groupType\":\"editable\",\"title\":\"Expand to Show: Incident details\",\"expandable\":true,\"items\":[{\"type\":3,\"content\":{\"version\":\"KqlItem/1.0\",\"query\":\"SecurityIncident\\r\\n| where TimeGenerated > startofday(ago(0d))\\r\\n// Get the Workspace Name(s) from a parameter\\r\\n| extend stringtoSplit = split(\\\"{WorkspaceIDguid}\\\",\\\",\\\")\\r\\n| mv-expand stringtoSplit\\r\\n| where stringtoSplit has TenantId\\r\\n| extend workSpacename = trim(@\\\"[^\\\\w]+\\\",tostring(split(stringtoSplit,\\\":\\\").[1]))\\r\\n// end of get workspace name section\\r\\n| extend productName_ = tostring(parse_json(tostring(AdditionalData.alertProductNames))[0])\\r\\n| where productName_ in ({Product}) or '{Product:label}' ==\\\"All\\\"\\r\\n| summarize count() by IncidentNumber, Title, productName_, Severity, [\\\"Workspace\\\"] = workSpacename, IncidentUrl\\r\\n| order by Workspace asc , IncidentNumber desc\\r\\n//| top 50 by [\\\"Workspace\\\"]\",\"size\":1,\"title\":\"{$rowCount} Incidents in Workspaces today\",\"timeContext\":{\"durationMs\":604800000},\"timeContextFromParameter\":\"TimeRange\",\"exportedParameters\":[{\"fieldName\":\"IncidentNumber\",\"parameterName\":\"IncidentNumber\",\"parameterType\":1},{\"fieldName\":\"Workspace\",\"parameterName\":\"Workspace_export\",\"parameterType\":1}],\"queryType\":0,\"resourceType\":\"microsoft.operationalinsights/workspaces\",\"crossComponentResources\":[\"{Workspace}\"],\"gridSettings\":{\"formatters\":[{\"columnMatch\":\"productName_\",\"formatter\":0,\"formatOptions\":{\"customColumnWidthSetting\":\"30ch\"}},{\"columnMatch\":\"Severity\",\"formatter\":18,\"formatOptions\":{\"thresholdsOptions\":\"colors\",\"thresholdsGrid\":[{\"operator\":\"==\",\"thresholdValue\":\"High\",\"representation\":\"redBright\",\"text\":\"{0}{1}\"},{\"operator\":\"==\",\"thresholdValue\":\"Medium\",\"representation\":\"orange\",\"text\":\"{0}{1}\"},{\"operator\":\"==\",\"thresholdValue\":\"Low\",\"representation\":\"greenDark\",\"text\":\"{0}{1}\"},{\"operator\":\"Default\",\"representation\":\"lightBlue\",\"text\":\"{0}{1}\"}]}},{\"columnMatch\":\"Workspace\",\"formatter\":5},{\"columnMatch\":\"IncidentUrl\",\"formatter\":7,\"formatOptions\":{\"linkTarget\":\"Url\",\"linkLabel\":\"Open Azure Sentinel Incident\"}}],\"rowLimit\":5000,\"filter\":true,\"hierarchySettings\":{\"treeType\":1,\"groupBy\":[\"Workspace\"]},\"sortBy\":[{\"itemKey\":\"IncidentNumber\",\"sortOrder\":2}],\"labelSettings\":[{\"columnId\":\"productName_\",\"label\":\"Product Name\"}]},\"sortBy\":[{\"itemKey\":\"IncidentNumber\",\"sortOrder\":2}]},\"name\":\"query - multi Alerts\"},{\"type\":1,\"content\":{\"json\":\"For further analysis I suggest you open the Azure Sentinel Incident Blade and _Investigate_ (use the hyper link provided in the table, if you have the correct RBAC).\\r\\n\\r\\nAlternatively open the [_Investigation Insights_] or [_Incident Overview_] Workbooks for guided and deeper investigation.  Open Incident Overview from the Portal, _Investigation Insights_ can be opened to the right --->.\\r\\n\\r\\n- You must have previoulsy SAVED these Workbooks in your workspace(s).  \\r\\n- Investigation Insights requires release v1.2 or above (you may have to manually select the Workspace), for prior versions you will have to select the matching Incident Number as well. \\r\\n- For the Workbooks to be listed, they need \\\"Investigation\\\" in the name when you save them.\"},\"customWidth\":\"50\",\"name\":\"text - 7\"},{\"type\":3,\"content\":{\"version\":\"KqlItem/1.0\",\"query\":\"resources\\r\\n | where type == \\\"microsoft.insights/workbooks\\\"\\r\\n | where properties.displayName has \\\"Investigation\\\" // or properties.displayName has \\\"Incident\\\"\\r\\n | where properties.displayName has '{Workspace_export}'\\r\\n | project properties.displayName, id,  {IncidentNumber}\\r\\n\",\"size\":4,\"title\":\"Workspace Name: {Workspace_export}\",\"queryType\":1,\"resourceType\":\"microsoft.resourcegraph/resources\",\"crossComponentResources\":[\"{Subscription}\"],\"gridSettings\":{\"formatters\":[{\"columnMatch\":\"properties_displayName\",\"formatter\":1},{\"columnMatch\":\"id\",\"formatter\":7,\"formatOptions\":{\"linkTarget\":\"WorkbookTemplate\",\"linkLabel\":\"Open Workbook\",\"linkIsContextBlade\":true}}],\"labelSettings\":[{\"columnId\":\"properties_displayName\",\"label\":\"Workbook Name\"},{\"columnId\":\"id\",\"label\":\"Open\"},{\"columnId\":\"Column1\",\"label\":\"Incident Number\"}]}},\"customWidth\":\"50\",\"name\":\"query - 11\"},{\"type\":1,\"content\":{\"json\":\"### Select a single workspace to see Incident level details \"},\"name\":\"text - 6\"},{\"type\":9,\"content\":{\"version\":\"KqlParameterItem/1.0\",\"crossComponentResources\":[\"{Subscription}\"],\"parameters\":[{\"id\":\"4383a3f4-7606-41a7-b1cf-e5bffd2d9ecb\",\"version\":\"KqlParameterItem/1.0\",\"name\":\"iWorkspace\",\"label\":\"Incident Workspace\",\"type\":7,\"query\":\"resources\\r\\n// Just show Workspaces that have Sentinel enabled\\r\\n| where type =~ \\\"microsoft.operationsmanagement/solutions\\\"\\r\\n| where name has \\\"SecurityInsights\\\"\\r\\n| parse name with * '(' s_workspace ')'*\\r\\n| project name = s_workspace\\r\\n| sort by name asc\",\"crossComponentResources\":[\"{Subscription}\"],\"typeSettings\":{\"showDefault\":false},\"queryType\":1,\"resourceType\":\"microsoft.resourcegraph/resources\"},{\"id\":\"c2494755-05cc-4b93-b253-e8a0d4b7c899\",\"version\":\"KqlParameterItem/1.0\",\"name\":\"iResourceGroup\",\"type\":1,\"query\":\"resources\\r\\n| where type =~ 'microsoft.operationalinsights/workspaces'\\r\\n| where tolower(name) == \\\"{iWorkspace}\\\"\\r\\n| project resourceGroup\",\"crossComponentResources\":[\"{Subscription}\"],\"isHiddenWhenLocked\":true,\"queryType\":1,\"resourceType\":\"microsoft.resourcegraph/resources\"}],\"style\":\"above\",\"queryType\":1,\"resourceType\":\"microsoft.resourcegraph/resources\"},\"name\":\"parameters - 5\"},{\"type\":3,\"content\":{\"version\":\"KqlItem/1.0\",\"query\":\"SecurityIncident\\r\\n// Get the Workspace Name(s) from a parameter\\r\\n| extend stringtoSplit = split(\\\"{WorkspaceIDguid}\\\",\\\",\\\")\\r\\n| mv-expand stringtoSplit\\r\\n| where stringtoSplit has TenantId\\r\\n| extend workSpacename = trim(@\\\"[^\\\\w]+\\\",tostring(split(stringtoSplit,\\\":\\\").[1]))\\r\\n// end of workspace validation, now match workspace to the selected parameter\\r\\n| where tolower(workSpacename) == tolower('{iWorkspace}')\\r\\n| summarize arg_max(TimeGenerated,*) by tostring(IncidentNumber)\\r\\n| extend Alerts = extract(\\\"\\\\\\\\[(.*?)\\\\\\\\]\\\", 1, tostring(AlertIds))\\r\\n| extend productName_ = tostring(parse_json(tostring(AdditionalData.alertProductNames))[0])\\r\\n| where productName_ in ({Product}) or '{Product:label}' ==\\\"All\\\"\\r\\n| mv-expand AlertIds to typeof(string)\\r\\n| join \\r\\n(\\r\\n    SecurityAlert\\r\\n    | extend AlertEntities = parse_json(Entities)\\r\\n    | mv-expand AlertEntities\\r\\n) on $left.AlertIds == $right.SystemAlertId\\r\\n| summarize AlertCount=dcount(AlertIds), entityList=make_set(tostring(AlertEntities.Type)) by IncidentNumber, Status, Severity, Title,  Alerts, IncidentUrl, Owner=tostring(Owner.userPrincipalName) , Tactics =tostring(AdditionalData.tactics), workSpacename, productName_\\r\\n// set column order\\r\\n| project workSpacename, IncidentNumber, Severity, Status, AlertCount,Owner, Title, entityList, Tactics, IncidentUrl, productName_\\r\\n| order by IncidentNumber desc\\r\\n\\r\\n\\r\\n\\r\\n\\r\\n\\r\\n\\r\\n\\r\\n\\r\\n\",\"size\":0,\"title\":\"Details for {iWorkspace} Workspace, count of: {$rowCount} Incidents during {TimeRange:label}\",\"timeContext\":{\"durationMs\":604800000},\"timeContextFromParameter\":\"TimeRange\",\"showExportToExcel\":true,\"queryType\":0,\"resourceType\":\"microsoft.operationalinsights/workspaces\",\"crossComponentResources\":[\"{Workspace}\"],\"gridSettings\":{\"formatters\":[{\"columnMatch\":\"workSpacename\",\"formatter\":5},{\"columnMatch\":\"Severity\",\"formatter\":18,\"formatOptions\":{\"thresholdsOptions\":\"colors\",\"thresholdsGrid\":[{\"operator\":\"==\",\"thresholdValue\":\"High\",\"representation\":\"redBright\",\"text\":\"{0}{1}\"},{\"operator\":\"==\",\"thresholdValue\":\"Medium\",\"representation\":\"orange\",\"text\":\"{0}{1}\"},{\"operator\":\"==\",\"thresholdValue\":\"Low\",\"representation\":\"greenDark\",\"text\":\"{0}{1}\"},{\"operator\":\"Default\",\"representation\":\"lightBlue\",\"text\":\"{0}{1}\"}]}},{\"columnMatch\":\"Status\",\"formatter\":18,\"formatOptions\":{\"thresholdsOptions\":\"colors\",\"thresholdsGrid\":[{\"operator\":\"==\",\"thresholdValue\":\"New\",\"representation\":\"gray\",\"text\":\"{0}{1}\"},{\"operator\":\"Default\",\"representation\":\"blue\",\"text\":\"{0}{1}\"}]}},{\"columnMatch\":\"AlertCount\",\"formatter\":8,\"formatOptions\":{\"palette\":\"greenRed\"}},{\"columnMatch\":\"IncidentUrl\",\"formatter\":1,\"formatOptions\":{\"linkTarget\":\"Url\",\"linkLabel\":\"Open Incident in Azure Sentinel \"}}],\"rowLimit\":500,\"filter\":true,\"sortBy\":[{\"itemKey\":\"IncidentNumber\",\"sortOrder\":2}]},\"sortBy\":[{\"itemKey\":\"IncidentNumber\",\"sortOrder\":2}]},\"conditionalVisibility\":{\"parameterName\":\"iWorkspace\",\"comparison\":\"isNotEqualTo\",\"value\":\"\"},\"name\":\"query - single alert\"}]},\"conditionalVisibility\":{\"parameterName\":\"selectedTab\",\"comparison\":\"isEqualTo\",\"value\":\"incidents\"},\"name\":\"group - Incidents\"},{\"type\":12,\"content\":{\"version\":\"NotebookGroup/1.0\",\"groupType\":\"editable\",\"title\":\"Hunting: Hunt across selected workspaces, using any KQL you paste or edit in this field. \",\"items\":[{\"type\":9,\"content\":{\"version\":\"KqlParameterItem/1.0\",\"parameters\":[{\"id\":\"fcc2456c-f4b5-4505-a188-aa4ebab3db67\",\"version\":\"KqlParameterItem/1.0\",\"name\":\"queryTxt\",\"type\":1,\"description\":\"Add  workspace identity e.g SecurityIncident | summarize count() by WorkspaceId=TenantId\",\"value\":\"Perf \\r\\n| summarize count()  by WorkspaceId=TenantId\",\"typeSettings\":{\"multiLineText\":true,\"editorLanguage\":\"kql\"},\"timeContext\":{\"durationMs\":86400000}}],\"style\":\"above\",\"queryType\":0,\"resourceType\":\"microsoft.operationalinsights/workspaces\"},\"name\":\"parameters - 5\"},{\"type\":3,\"content\":{\"version\":\"KqlItem/1.0\",\"query\":\"{queryTxt}\",\"size\":0,\"title\":\"Cross workspace Query results, rows: {$rowCount}, QueryTime: {$queryTime}.  Select a row for more details\",\"timeContext\":{\"durationMs\":604800000},\"timeContextFromParameter\":\"TimeRange\",\"exportFieldName\":\"WorkspaceId\",\"exportParameterName\":\"exportWorkspaceId\",\"showExportToExcel\":true,\"queryType\":0,\"resourceType\":\"microsoft.operationalinsights/workspaces\",\"crossComponentResources\":[\"{Workspace}\"],\"gridSettings\":{\"formatters\":[{\"columnMatch\":\"Workspace\",\"formatter\":16,\"formatOptions\":{\"showIcon\":true}}]}},\"name\":\"query - crossWorkspaceQuery\"},{\"type\":3,\"content\":{\"version\":\"KqlItem/1.0\",\"query\":\"resources\\r\\n| where type =~ 'microsoft.operationalinsights/workspaces'\\r\\n| extend customerWorkspaceID = trim(' ', tostring(properties.customerId))\\r\\n| project id, customerWorkspaceID, name=tolower(name), subscriptionId, tenantId\\r\\n|join \\r\\n(\\r\\n\\tresources\\r\\n\\t// Just show Workspaces that have Sentinel enabled\\r\\n\\t| where type =~ \\\"microsoft.operationsmanagement/solutions\\\"\\r\\n\\t| where name has \\\"SecurityInsights\\\"\\r\\n\\t| parse name with * '(' s_workspace ')'*\\r\\n\\t| project name=tolower(s_workspace), subscriptionId, location, properties, resourceGroup\\r\\n) on name\\r\\n| where customerWorkspaceID in ('{exportWorkspaceId}')\\r\\n| project name, Open=tolower(id), tenantId, customerWorkspaceID,  subscriptionId, location, properties, resourceGroup\\r\\n\",\"size\":4,\"title\":\"{exportWorkspaceId} lookup  - used to identify tenant or workspace Ids from the results above\",\"exportedParameters\":[{\"fieldName\":\"tenantId\",\"parameterName\":\"exporttenantId\",\"parameterType\":1},{\"fieldName\":\"subscriptionId\",\"parameterName\":\"exportSubscriptionId\",\"parameterType\":1},{\"fieldName\":\"resourceGroup\",\"parameterName\":\"exportResourceGroup\",\"parameterType\":1},{\"fieldName\":\"name\",\"parameterName\":\"exportName\",\"parameterType\":1}],\"queryType\":1,\"resourceType\":\"microsoft.resourcegraph/resources\",\"crossComponentResources\":[\"{Subscription}\"],\"gridSettings\":{\"formatters\":[{\"columnMatch\":\"Open\",\"formatter\":7,\"formatOptions\":{\"linkTarget\":\"Resource\",\"linkLabel\":\"Workspace context blade\",\"linkIsContextBlade\":true}},{\"columnMatch\":\"id\",\"formatter\":7,\"formatOptions\":{\"linkTarget\":\"WorkbookTemplate\",\"linkLabel\":\"Click to Open [Security operations efficiency] workbook\",\"linkIsContextBlade\":false}},{\"columnMatch\":\"note\",\"formatter\":0,\"formatOptions\":{\"customColumnWidthSetting\":\"100ch\"}}],\"filter\":true,\"sortBy\":[{\"itemKey\":\"tenantId\",\"sortOrder\":1}]},\"sortBy\":[{\"itemKey\":\"tenantId\",\"sortOrder\":1}]},\"conditionalVisibility\":{\"parameterName\":\"exportWorkspaceId\",\"comparison\":\"isNotEqualTo\"},\"name\":\"query - Workspace Details\"}]},\"conditionalVisibility\":{\"parameterName\":\"selectedTab\",\"comparison\":\"isEqualTo\",\"value\":\"hunting\"},\"name\":\"group - hunting\"},{\"type\":12,\"content\":{\"version\":\"NotebookGroup/1.0\",\"groupType\":\"editable\",\"title\":\"Query Pack: Use a Query Pack from any Resource Group, then pick a query to run from within the Query Pack\",\"items\":[{\"type\":9,\"content\":{\"version\":\"KqlParameterItem/1.0\",\"parameters\":[{\"id\":\"9a0c8c17-ac07-4b9a-b3d9-44060087935f\",\"version\":\"KqlParameterItem/1.0\",\"name\":\"Subscription\",\"type\":6,\"description\":\"Find Query packs in specific subscriptions \",\"isRequired\":true,\"multiSelect\":true,\"quote\":\"'\",\"delimiter\":\",\",\"value\":[\"value::all\"],\"typeSettings\":{\"additionalResourceOptions\":[\"value::all\"],\"includeAll\":false,\"showDefault\":false},\"timeContext\":{\"durationMs\":86400000}}],\"style\":\"above\",\"queryType\":0,\"resourceType\":\"microsoft.operationalinsights/workspaces\"},\"name\":\"parameters - 2\"},{\"type\":3,\"content\":{\"version\":\"KqlItem/1.0\",\"query\":\"resources\\r\\n| where type == \\\"microsoft.operationalinsights/querypacks\\\"\\r\\n| project-away type, kind\",\"size\":0,\"exportedParameters\":[{\"fieldName\":\"name\",\"parameterName\":\"exportName\",\"parameterType\":1},{\"fieldName\":\"resourceGroup\",\"parameterName\":\"resourceGroup\",\"parameterType\":1},{\"fieldName\":\"subscriptionId\",\"parameterName\":\"subscriptionId\",\"parameterType\":1}],\"queryType\":1,\"resourceType\":\"microsoft.resourcegraph/resources\",\"crossComponentResources\":[\"{Subscription}\"],\"gridSettings\":{\"formatters\":[{\"columnMatch\":\"tenantId\",\"formatter\":16,\"formatOptions\":{\"showIcon\":true}},{\"columnMatch\":\"location\",\"formatter\":17},{\"columnMatch\":\"resourceGroup\",\"formatter\":16,\"formatOptions\":{\"showIcon\":true}},{\"columnMatch\":\"subscriptionId\",\"formatter\":15,\"formatOptions\":{\"showIcon\":true}}]}},\"name\":\"query - 4\"},{\"type\":3,\"content\":{\"version\":\"KqlItem/1.0\",\"query\":\"{\\\"version\\\":\\\"ARMEndpoint/1.0\\\",\\\"data\\\":null,\\\"headers\\\":[],\\\"method\\\":\\\"GET\\\",\\\"path\\\":\\\"/subscriptions/{subscriptionId}/resourceGroups/{resourceGroup}/providers/microsoft.operationalInsights/querypacks/{exportName}/Queries\\\",\\\"urlParams\\\":[{\\\"key\\\":\\\"api-version\\\",\\\"value\\\":\\\"2019-09-01-preview\\\"}],\\\"batchDisabled\\\":false,\\\"transformers\\\":[{\\\"type\\\":\\\"jsonpath\\\",\\\"settings\\\":{\\\"tablePath\\\":\\\"$.value\\\",\\\"columns\\\":[{\\\"path\\\":\\\"properties.displayName\\\",\\\"columnid\\\":\\\"name\\\"},{\\\"path\\\":\\\"properties.body\\\",\\\"columnid\\\":\\\"body\\\"},{\\\"path\\\":\\\"properties.description\\\",\\\"columnid\\\":\\\"description\\\"},{\\\"path\\\":\\\"properties.tags\\\",\\\"columnid\\\":\\\"tags\\\"},{\\\"path\\\":\\\"systemData.lastModifiedAt\\\",\\\"columnid\\\":\\\"lastModifiedAt\\\"},{\\\"path\\\":\\\"systemData.lastModifiedBy\\\",\\\"columnid\\\":\\\"lastModifiedBy\\\"},{\\\"path\\\":\\\"systemData.createdBy\\\",\\\"columnid\\\":\\\"createdBy\\\"},{\\\"path\\\":\\\"systemData.createdBy\\\",\\\"columnid\\\":\\\"createdByType\\\"},{\\\"path\\\":\\\"systemData.createdAt\\\",\\\"columnid\\\":\\\"createdAt\\\"}]}}]}\",\"size\":1,\"title\":\"Select a Query to run from the list: {$rowCount} Queries in Query Pack: {exportName}\",\"exportedParameters\":[{\"fieldName\":\"body\",\"parameterName\":\"exportQuery\"},{\"fieldName\":\"name\",\"parameterName\":\"exportName\",\"parameterType\":1}],\"showExportToExcel\":true,\"queryType\":12,\"gridSettings\":{\"formatters\":[{\"columnMatch\":\"body\",\"formatter\":7,\"formatOptions\":{\"linkTarget\":\"CellDetails\",\"linkIsContextBlade\":true}}],\"filter\":true,\"sortBy\":[{\"itemKey\":\"createdByType\",\"sortOrder\":2}],\"labelSettings\":[{\"columnId\":\"body\",\"label\":\"Query\"}]},\"sortBy\":[{\"itemKey\":\"createdByType\",\"sortOrder\":2}]},\"conditionalVisibility\":{\"parameterName\":\"exportName\",\"comparison\":\"isNotEqualTo\"},\"name\":\"query -Qp queries\"},{\"type\":3,\"content\":{\"version\":\"KqlItem/1.0\",\"query\":\"{exportQuery}\",\"size\":0,\"title\":\"Results of the selected Query: {exportName}\",\"timeContext\":{\"durationMs\":86400000},\"queryType\":0,\"resourceType\":\"microsoft.operationalinsights/workspaces\",\"crossComponentResources\":[\"{Workspace}\"]},\"conditionalVisibility\":{\"parameterName\":\"exportQuery\",\"comparison\":\"isNotEqualTo\"},\"name\":\"query - 3\"}]},\"conditionalVisibility\":{\"parameterName\":\"selectedTab\",\"comparison\":\"isEqualTo\",\"value\":\"querypack\"},\"name\":\"group - qp\"},{\"type\":12,\"content\":{\"version\":\"NotebookGroup/1.0\",\"groupType\":\"editable\",\"title\":\"KQL Saved Searches: Select a Workspace to check Saved Searches\",\"items\":[{\"type\":9,\"content\":{\"version\":\"KqlParameterItem/1.0\",\"crossComponentResources\":[\"{Subscription}\"],\"parameters\":[{\"id\":\"54ab7c42-3983-46fd-bb6b-9a1d206eec3a\",\"version\":\"KqlParameterItem/1.0\",\"name\":\"Workspace\",\"type\":5,\"description\":\"Lookup saved queries in any Azure Sentinel workspace\",\"isRequired\":true,\"query\":\"resources\\r\\n| where type =~ 'microsoft.operationalinsights/workspaces'\\r\\n| extend customerID = trim(' ', tostring(properties.customerId))\\r\\n| project id, customerID, name=tolower(name)\\r\\n|join \\r\\n(\\r\\n\\tresources\\r\\n\\t// Just show Workspaces that have Sentinel enabled\\r\\n\\t| where type =~ \\\"microsoft.operationsmanagement/solutions\\\"\\r\\n\\t| where name has \\\"SecurityInsights\\\"\\r\\n\\t| parse name with * '(' s_workspace ')'*\\r\\n\\t| project name=tolower(s_workspace)\\r\\n) on name\\r\\n| project tolower(id), customerID, name\",\"crossComponentResources\":[\"{Subscription}\"],\"typeSettings\":{\"showDefault\":false},\"timeContext\":{\"durationMs\":86400000},\"queryType\":1,\"resourceType\":\"microsoft.resourcegraph/resources\"}],\"style\":\"above\",\"queryType\":1,\"resourceType\":\"microsoft.resourcegraph/resources\"},\"name\":\"parameters - 3\"},{\"type\":3,\"content\":{\"version\":\"KqlItem/1.0\",\"query\":\"{\\\"version\\\":\\\"ARMEndpoint/1.0\\\",\\\"data\\\":null,\\\"headers\\\":[],\\\"method\\\":\\\"GET\\\",\\\"path\\\":\\\"{Workspace}/SavedSearches\\\",\\\"urlParams\\\":[{\\\"key\\\":\\\"api-version\\\",\\\"value\\\":\\\"2021-06-01\\\"}],\\\"batchDisabled\\\":false,\\\"transformers\\\":[{\\\"type\\\":\\\"jsonpath\\\",\\\"settings\\\":{\\\"tablePath\\\":\\\"$.value\\\",\\\"columns\\\":[{\\\"path\\\":\\\"properties.displayName\\\",\\\"columnid\\\":\\\"displayName\\\"},{\\\"path\\\":\\\"properties.category\\\",\\\"columnid\\\":\\\"category\\\"},{\\\"path\\\":\\\"properties.query\\\",\\\"columnid\\\":\\\"query\\\"},{\\\"path\\\":\\\"properties.version\\\",\\\"columnid\\\":\\\"version\\\"},{\\\"path\\\":\\\"name\\\",\\\"columnid\\\":\\\"name\\\"}]}}]}\",\"size\":1,\"title\":\"Select a Query to run, or Search in all columns, Category, Name & Query\",\"noDataMessage\":\"no saved queries found in {Workspace:name}\",\"exportedParameters\":[{\"fieldName\":\"query\",\"parameterName\":\"query\",\"parameterType\":1,\"defaultValue\":\" \"},{\"fieldName\":\"displayName\",\"parameterName\":\"name\",\"parameterType\":1}],\"showExportToExcel\":true,\"queryType\":12,\"gridSettings\":{\"rowLimit\":1000,\"filter\":true}},\"conditionalVisibilities\":[{\"parameterName\":\"Subscription\",\"comparison\":\"isNotEqualTo\"},{\"parameterName\":\"Workspace\",\"comparison\":\"isNotEqualTo\"}],\"name\":\"saved query grid - Copy\"},{\"type\":12,\"content\":{\"version\":\"NotebookGroup/1.0\",\"groupType\":\"editable\",\"title\":\"Saved Query - {name}\",\"items\":[{\"type\":9,\"content\":{\"version\":\"KqlParameterItem/1.0\",\"parameters\":[{\"id\":\"f3f7beb8-b287-45fb-8af2-c528ef55b704\",\"version\":\"KqlParameterItem/1.0\",\"name\":\"queryText\",\"type\":1,\"typeSettings\":{\"multiLineText\":true,\"editorLanguage\":\"kql\"},\"criteriaData\":[{\"condition\":\"else result = '{query}'\",\"criteriaContext\":{\"operator\":\"Default\",\"rightValType\":\"param\",\"resultValType\":\"static\",\"resultVal\":\"{query}\"}}],\"label\":\"Saved Query Text\"}],\"style\":\"above\",\"queryType\":0,\"resourceType\":\"microsoft.operationalinsights/workspaces\"},\"name\":\"query text param\"},{\"type\":3,\"content\":{\"version\":\"KqlItem/1.0\",\"query\":\"{query}\",\"size\":2,\"title\":\"Query Results\",\"timeContext\":{\"durationMs\":1209600000},\"timeContextFromParameter\":\"TimeRange\",\"queryType\":0,\"resourceType\":\"microsoft.operationalinsights/workspaces\",\"crossComponentResources\":[\"{Workspace}\"]},\"name\":\"query - 3\"}]},\"conditionalVisibilities\":[{\"parameterName\":\"query\",\"comparison\":\"isNotEqualTo\"},{\"parameterName\":\"Workspace\",\"comparison\":\"isNotEqualTo\"}],\"name\":\"visible if query selected group\"}]},\"conditionalVisibility\":{\"parameterName\":\"selectedTab\",\"comparison\":\"isEqualTo\",\"value\":\"saved\"},\"name\":\"group - kql\"},{\"type\":12,\"content\":{\"version\":\"NotebookGroup/1.0\",\"groupType\":\"editable\",\"title\":\"Workspace and Table Retention: Select a Workspace to check Workspace and Table Retention\",\"items\":[{\"type\":9,\"content\":{\"version\":\"KqlParameterItem/1.0\",\"crossComponentResources\":[\"{Subscription}\"],\"parameters\":[{\"id\":\"54ab7c42-3983-46fd-bb6b-9a1d206eec3a\",\"version\":\"KqlParameterItem/1.0\",\"name\":\"Workspace\",\"type\":5,\"description\":\"Lookup Workspace and Table Retention\",\"isRequired\":true,\"query\":\"resources\\r\\n| where type =~ 'microsoft.operationalinsights/workspaces'\\r\\n| extend customerID = trim(' ', tostring(properties.customerId))\\r\\n| project id, customerID, name=tolower(name)\\r\\n|join \\r\\n(\\r\\n\\tresources\\r\\n\\t// Just show Workspaces that have Sentinel enabled\\r\\n\\t| where type =~ \\\"microsoft.operationsmanagement/solutions\\\"\\r\\n\\t| where name has \\\"SecurityInsights\\\"\\r\\n\\t| parse name with * '(' s_workspace ')'*\\r\\n\\t| project name=tolower(s_workspace)\\r\\n) on name\\r\\n| project tolower(id), customerID, name\",\"crossComponentResources\":[\"{Subscription}\"],\"typeSettings\":{\"showDefault\":false},\"timeContext\":{\"durationMs\":86400000},\"queryType\":1,\"resourceType\":\"microsoft.resourcegraph/resources\"}],\"style\":\"above\",\"queryType\":1,\"resourceType\":\"microsoft.resourcegraph/resources\"},\"name\":\"parameters - 3\"},{\"type\":3,\"content\":{\"version\":\"KqlItem/1.0\",\"query\":\"{\\\"version\\\":\\\"ARMEndpoint/1.0\\\",\\\"data\\\":null,\\\"headers\\\":[],\\\"method\\\":\\\"GET\\\",\\\"path\\\":\\\"/subscriptions/{Workspace:subscription}/resourceGroups/{Workspace:resourcegroup}/providers/Microsoft.OperationalInsights/workspaces/{Workspace:name}?api-version=2017-04-26-preview\\\",\\\"urlParams\\\":[],\\\"batchDisabled\\\":false,\\\"transformers\\\":[{\\\"type\\\":\\\"jsonpath\\\",\\\"settings\\\":{\\\"columns\\\":[{\\\"path\\\":\\\"id\\\",\\\"columnid\\\":\\\"Workspace\\\"},{\\\"path\\\":\\\"properties.retentionInDays\\\",\\\"columnid\\\":\\\"RetentionInDays\\\"},{\\\"path\\\":\\\"location\\\",\\\"columnid\\\":\\\"Location\\\"},{\\\"path\\\":\\\"properties.workspaceCapping.dailyQuotaGb\\\",\\\"columnid\\\":\\\"DailyQuotaGb\\\"},{\\\"path\\\":\\\"properties.sku.name\\\",\\\"columnid\\\":\\\"SkuName\\\"}]}}]}\",\"size\":4,\"showExportToExcel\":true,\"queryType\":12,\"gridSettings\":{\"rowLimit\":10000,\"filter\":true}},\"name\":\"query - 12\"},{\"type\":3,\"content\":{\"version\":\"KqlItem/1.0\",\"query\":\"{\\\"version\\\":\\\"ARMEndpoint/1.0\\\",\\\"data\\\":null,\\\"headers\\\":[],\\\"method\\\":\\\"GET\\\",\\\"path\\\":\\\"/subscriptions/{Workspace:subscription}/resourceGroups/{Workspace:resourcegroup}/providers/Microsoft.OperationalInsights/workspaces/{Workspace:name}/Tables?api-version=2017-04-26-preview\\\",\\\"urlParams\\\":[],\\\"batchDisabled\\\":false,\\\"transformers\\\":[{\\\"type\\\":\\\"jsonpath\\\",\\\"settings\\\":{\\\"tablePath\\\":\\\"$.value\\\",\\\"columns\\\":[{\\\"path\\\":\\\"name\\\",\\\"columnid\\\":\\\"TableName\\\"},{\\\"path\\\":\\\"properties.retentionInDays\\\",\\\"columnid\\\":\\\"RetentionInDays\\\"}]}}]}\",\"size\":3,\"showExportToExcel\":true,\"queryType\":12,\"gridSettings\":{\"rowLimit\":10000,\"filter\":true}},\"name\":\"query - 13\"}]},\"conditionalVisibility\":{\"parameterName\":\"selectedTab\",\"comparison\":\"isEqualTo\",\"value\":\"retention\"},\"name\":\"group - retention\"}],\"fromTemplateId\":\"sentinel-SentinelCentral\",\"$schema\":\"https://github.com/Microsoft/Application-Insights-Workbooks/blob/master/schema/workbook.json\"}\r\n",
                        "version": "1.0",
                        "sourceId": "[resourceId('microsoft.OperationalInsights/Workspaces', parameters('workspace'))]",
                        "category": "sentinel"
                      }
                    },
                    {
                      "type": "Microsoft.OperationalInsights/workspaces/providers/metadata",
                      "apiVersion": "2021-03-01-preview",
                      "name": "[concat(parameters('workspace'),'/Microsoft.SecurityInsights/',concat('Workbook-', 'SentinelCentral'))]",
                      "properties": {
                        "description": "Use this report to view Incident (and Alert data) across many workspaces, this works with Azure Lighthouse and across any subscription you have access to.",
                        "version": "2.1.0",
                        "previewImages": [
                          "SentinelCentralWhite.png"
                        ],
                        "previewImagesDark": [
                          "SentinelCentralBlack.png"
                        ],
                        "icon": "Azure_Sentinel.svg",
                        "author": {
                          "name": "Community"
                        },
                        "support": {
                          "name": "Community",
                          "link": "https://github.com/Azure/Azure-Sentinel/issues",
                          "tier": "Community"
                        },
                        "source": {
                          "kind": "Community",
                          "name": "Standalone"
                        },
                        "contentId": "SentinelCentral",
                        "parentId": "[resourceId('Microsoft.Insights/workbooks', 'SentinelCentral')]",
                        "kind": "Workbook"
                      }
                    }
                  ]
                }
              }
            }
          ]
        },
        "author": {
          "name": "Community"
        },
        "dependencies": {
          "operator": "AND",
          "criteria": [
            {
              "contentId": "SentinelCentral",
              "kind": "Workbook"
            }
          ]
        },
        "description": "Use this report to view Incident (and Alert data) across many workspaces, this works with Azure Lighthouse and across any subscription you have access to.",
        "displayName": "Sentinel Central",
        "icon": "Azure_Sentinel.svg",
        "packageId": "SentinelCentral",
        "previewImages": [
          "SentinelCentralWhite.png"
        ],
        "previewImagesDark": [
          "SentinelCentralBlack.png"
        ],
        "source": {
          "kind": "Community",
          "name": "Standalone"
        },
        "support": {
          "name": "Community",
          "link": "https://github.com/Azure/Azure-Sentinel/issues",
          "tier": "Community"
        },
        "version": "2.1.0"
      },
      "name": "[concat(parameters('workspace'),'/Microsoft.SecurityInsights/', 'SentinelCentral')]"
    }
  ]
}