{
  "$schema": "https://schema.management.azure.com/schemas/2019-04-01/deploymentTemplate.json#",
  "contentVersion": "1.0.0.0",
  "parameters": {
    "location": {
      "type": "string",
      "minLength": 1,
      "defaultValue": "[resourceGroup().location]",
      "metadata": {
        "description": "Not used, but needed to pass arm-ttk test `Location-Should-Not-Be-Hardcoded`.  We instead use the `workspace-location` which is derived from the LA workspace"
      }
    },
    "workspace-location": {
      "type": "string",
      "defaultValue": "",
      "metadata": {
        "description": "[concat('Region to deploy solution resources -- separate from location selection',parameters('location'))]"
      }
    },
    "workspace": {
      "defaultValue": "",
      "type": "string",
      "metadata": {
        "description": "Workspace name for Log Analytics where Microsoft Sentinel is setup"
      }
    }
  },
  "variables": {},
  "resources": [
    {
      "type": "Microsoft.OperationalInsights/workspaces/providers/packages",
      "location": "[parameters('workspace-location')]",
      "apiVersion": "2022-08-01",
      "properties": {
        "packageKind": "Standalone",
        "packageItems": {
          "resources": [
            {
              "type": "Microsoft.OperationalInsights/workspaces/providers/contentTemplates",
              "name": "[concat(parameters('workspace'),'/Microsoft.SecurityInsights/', 'AzureActiveDirectoryAuditLogsWorkbook')]",
              "location": "[parameters('workspace-location')]",
              "kind": "shared",
              "apiVersion": "2022-08-01",
              "contentVersion": "1.0.0",
              "metadata": "Gain insights into Azure Active Directory by connecting Microsoft Sentinel and using the audit logs to gather insights around Azure AD scenarios. \nYou can learn about user operations, including password and group management, device activities, and top active users and apps.",
              "properties": {
                "contentId": "AzureActiveDirectoryAuditLogsWorkbook",
                "version": "1.2.0",
                "displayName": "Azure AD Audit logs",
                "contentKind": "Workbook",
                "mainTemplate": {
                  "$schema": "https://schema.management.azure.com/schemas/2019-04-01/deploymentTemplate.json#",
                  "contentVersion": "1.2.0",
                  "parameters": {},
                  "resources": [
                    {
                      "type": "Microsoft.Insights/workbooks",
                      "name": "AzureActiveDirectoryAuditLogsWorkbook",
                      "location": "[parameters('workspace-location')]",
                      "kind": "shared",
                      "apiVersion": "2021-08-01",
                      "metadata": "Gain insights into Azure Active Directory by connecting Microsoft Sentinel and using the audit logs to gather insights around Azure AD scenarios. \nYou can learn about user operations, including password and group management, device activities, and top active users and apps.",
                      "properties": {
                        "displayName": "Azure AD Audit logs",
                        "serializedData": "{\"version\":\"Notebook/1.0\",\"items\":[{\"type\":1,\"content\":{\"json\":\"## Azure AD audit logs\"},\"name\":\"text - 1\"},{\"type\":9,\"content\":{\"version\":\"KqlParameterItem/1.0\",\"parameters\":[{\"id\":\"bc372bf5-2dcd-4efa-aa85-94b6e6fafe14\",\"version\":\"KqlParameterItem/1.0\",\"name\":\"TimeRange\",\"type\":4,\"isRequired\":true,\"value\":{\"durationMs\":7776000000},\"typeSettings\":{\"selectableValues\":[{\"durationMs\":300000},{\"durationMs\":900000},{\"durationMs\":1800000},{\"durationMs\":3600000},{\"durationMs\":14400000},{\"durationMs\":43200000},{\"durationMs\":86400000},{\"durationMs\":172800000},{\"durationMs\":259200000},{\"durationMs\":604800000},{\"durationMs\":1209600000},{\"durationMs\":2419200000},{\"durationMs\":2592000000},{\"durationMs\":5184000000},{\"durationMs\":7776000000}],\"allowCustom\":true}},{\"id\":\"e032b9f7-5449-4180-9c20-75760afa96f6\",\"version\":\"KqlParameterItem/1.0\",\"name\":\"User\",\"type\":2,\"isRequired\":true,\"multiSelect\":true,\"quote\":\"'\",\"delimiter\":\",\",\"query\":\"AuditLogs\\r\\n| where SourceSystem == \\\"Azure AD\\\"\\r\\n| extend initiator = iif (tostring(InitiatedBy.user.userPrincipalName) != \\\"\\\", tostring(InitiatedBy.user.userPrincipalName), \\\"unknown\\\")\\r\\n//| where initiator!= \\\"\\\"\\r\\n| summarize Count = count() by initiator\\r\\n| order by Count desc, initiator asc\\r\\n| project Value = initiator, Label = strcat(initiator, ' - ', Count), Selected = false\",\"value\":[\"value::all\"],\"typeSettings\":{\"additionalResourceOptions\":[\"value::all\"],\"selectAllValue\":\"All\"},\"timeContext\":{\"durationMs\":0},\"timeContextFromParameter\":\"TimeRange\",\"queryType\":0,\"resourceType\":\"microsoft.operationalinsights/workspaces\"},{\"id\":\"0a59a0b3-6d93-4fee-bdbe-147383c510c6\",\"version\":\"KqlParameterItem/1.0\",\"name\":\"Category\",\"type\":2,\"isRequired\":true,\"multiSelect\":true,\"quote\":\"'\",\"delimiter\":\",\",\"query\":\"AuditLogs\\r\\n| extend initiator = iif (tostring(InitiatedBy.user.userPrincipalName) != \\\"\\\", tostring(InitiatedBy.user.userPrincipalName), \\\"unknown\\\")\\r\\n| where \\\"{User:lable}\\\" == \\\"All\\\" or initiator in ({User})\\r\\n| summarize Count = count() by Category\\r\\n| order by Count desc, Category asc\\r\\n| project Value = Category, Label = strcat(Category, ' - ', Count)\",\"value\":[\"value::all\"],\"typeSettings\":{\"additionalResourceOptions\":[\"value::all\"],\"selectAllValue\":\"All\"},\"timeContext\":{\"durationMs\":0},\"timeContextFromParameter\":\"TimeRange\",\"queryType\":0,\"resourceType\":\"microsoft.operationalinsights/workspaces\"},{\"id\":\"4d2b245b-5e59-4eb6-9f51-ba926581ab47\",\"version\":\"KqlParameterItem/1.0\",\"name\":\"Result\",\"type\":2,\"isRequired\":true,\"multiSelect\":true,\"quote\":\"'\",\"delimiter\":\",\",\"query\":\"AuditLogs\\r\\n| extend initiator = iif (tostring(InitiatedBy.user.userPrincipalName) != \\\"\\\", tostring(InitiatedBy.user.userPrincipalName), \\\"unknown\\\")\\r\\n| where \\\"{User:lable}\\\" == \\\"All\\\" or initiator in ({User})\\r\\n| summarize Count = count() by Result\\r\\n| order by Count desc, Result asc\\r\\n| project Value = Result, Label = strcat(Result, ' - ', Count, ' sign-ins')\",\"value\":[\"value::all\"],\"typeSettings\":{\"additionalResourceOptions\":[\"value::all\"],\"selectAllValue\":\"All\"},\"timeContext\":{\"durationMs\":0},\"timeContextFromParameter\":\"TimeRange\",\"queryType\":0,\"resourceType\":\"microsoft.operationalinsights/workspaces\"}],\"style\":\"pills\",\"queryType\":0,\"resourceType\":\"microsoft.operationalinsights/workspaces\"},\"name\":\"parameters - 1\"},{\"type\":3,\"content\":{\"version\":\"KqlItem/1.0\",\"query\":\"let data = AuditLogs\\r\\n| where \\\"{Category:lable}\\\" == \\\"All\\\" or Category in ({Category})\\r\\n| where \\\"{Result:lable}\\\" == \\\"All\\\" or Result in ({Result})\\r\\n| extend initiatingUserPrincipalName = tostring(InitiatedBy.user.userPrincipalName)\\r\\n| where initiatingUserPrincipalName != \\\"\\\" \\r\\n| where \\\"{User:lable}\\\" == \\\"All\\\" or initiatingUserPrincipalName in ({User});\\r\\ndata\\r\\n| summarize Count = count() by Category\\r\\n| join kind = fullouter (datatable(Category:string)['Medium', 'high', 'low']) on Category\\r\\n| project Category = iff(Category == '', Category1, Category), Count = iff(Category == '', 0, Count)\\r\\n| join kind = inner (data\\r\\n    | make-series Trend = count() default = 0 on TimeGenerated from {TimeRange:start} to {TimeRange:end} step {TimeRange:grain} by Category)\\r\\n    on Category\\r\\n| project-away Category1, TimeGenerated\\r\\n| extend Category = Category\\r\\n| union (\\r\\n    data \\r\\n    | summarize Count = count() \\r\\n    | extend jkey = 1\\r\\n    | join kind=inner (data\\r\\n        | make-series Trend = count() default = 0 on TimeGenerated from {TimeRange:start} to {TimeRange:end} step {TimeRange:grain}\\r\\n        | extend jkey = 1) on jkey\\r\\n    | extend Category = 'All', Categorys = '*'    \\r\\n)\\r\\n| order by Count desc\\r\\n| take 10\",\"size\":4,\"title\":\"Categories volume\",\"timeContext\":{\"durationMs\":7776000000},\"timeContextFromParameter\":\"TimeRange\",\"exportFieldName\":\"Category\",\"exportParameterName\":\"CategoryFIlter\",\"exportDefaultValue\":\"All\",\"queryType\":0,\"resourceType\":\"microsoft.operationalinsights/workspaces\",\"visualization\":\"tiles\",\"tileSettings\":{\"titleContent\":{\"columnMatch\":\"Category\",\"formatter\":1,\"formatOptions\":{\"showIcon\":true}},\"leftContent\":{\"columnMatch\":\"Count\",\"formatter\":12,\"formatOptions\":{\"palette\":\"auto\",\"showIcon\":true},\"numberFormat\":{\"unit\":17,\"options\":{\"style\":\"decimal\",\"maximumFractionDigits\":2,\"maximumSignificantDigits\":3}}},\"secondaryContent\":{\"columnMatch\":\"Trend\",\"formatter\":21,\"formatOptions\":{\"palette\":\"purple\",\"showIcon\":true}},\"showBorder\":false}},\"name\":\"query - 4\"},{\"type\":3,\"content\":{\"version\":\"KqlItem/1.0\",\"query\":\"let data = AuditLogs\\r\\n| where \\\"{Result:lable}\\\" == \\\"All\\\" or Result in ({Result})\\r\\n| extend initiator = iif (tostring(InitiatedBy.user.userPrincipalName) != \\\"\\\", tostring(InitiatedBy.user.userPrincipalName), \\\"unknown\\\")\\r\\n| where \\\"{User:lable}\\\" == \\\"All\\\" or initiator in ({User})\\r\\n| where \\\"{Category:lable}\\\" == \\\"All\\\" or Category in ({Category})\\r\\n| where Category == '{CategoryFIlter}' or '{CategoryFIlter}' == \\\"All\\\";\\r\\nlet appData = data\\r\\n| summarize TotalCount = count() by OperationName, Category\\r\\n| join kind=inner (data\\r\\n    | make-series Trend = count() default = 0 on TimeGenerated in range({TimeRange:start}, {TimeRange:end}, {TimeRange:grain}) by OperationName\\r\\n    | project-away TimeGenerated) on OperationName\\r\\n| order by TotalCount desc, OperationName asc\\r\\n| project OperationName, TotalCount, Trend, Category\\r\\n| serialize Id = row_number();\\r\\ndata\\r\\n| summarize TotalCount = count() by initiator = iif (tostring(InitiatedBy.user.userPrincipalName) != \\\"\\\", tostring(InitiatedBy.user.userPrincipalName), \\\"unknown\\\"), Category, OperationName\\r\\n| join kind=inner (data\\r\\n    | make-series Trend = count() default = 0 on TimeGenerated in range({TimeRange:start}, {TimeRange:end}, {TimeRange:grain}) by OperationName, initiator = iif (tostring(InitiatedBy.user.userPrincipalName) != \\\"\\\", tostring(InitiatedBy.user.userPrincipalName), \\\"unknown\\\")\\r\\n    | project-away TimeGenerated) on OperationName, initiator\\r\\n| order by TotalCount desc, OperationName asc\\r\\n| project OperationName, initiator, TotalCount, Category, Trend\\r\\n| serialize Id = row_number(1000000)\\r\\n| join kind=inner (appData) on OperationName\\r\\n| project Id, Name = initiator, Type = 'initiator', ['Operations Count'] = TotalCount, Trend, Category, ParentId = Id1\\r\\n| union (appData \\r\\n    | project Id, Name = OperationName, Type = 'Operation', ['Operations Count'] = TotalCount, Category, Trend)\\r\\n| order by ['Operations Count'] desc, Name asc\",\"size\":0,\"showAnalytics\":true,\"title\":\"User activities\",\"timeContext\":{\"durationMs\":0},\"timeContextFromParameter\":\"TimeRange\",\"exportParameterName\":\"UserInfo\",\"exportDefaultValue\":\"{ \\\"Name\\\":\\\"\\\", \\\"Type\\\":\\\"*\\\"}\",\"showExportToExcel\":true,\"queryType\":0,\"resourceType\":\"microsoft.operationalinsights/workspaces\",\"gridSettings\":{\"formatters\":[{\"columnMatch\":\"Id\",\"formatter\":5,\"formatOptions\":{\"showIcon\":true}},{\"columnMatch\":\"Type\",\"formatter\":5,\"formatOptions\":{\"showIcon\":true}},{\"columnMatch\":\"Operations Count\",\"formatter\":8,\"formatOptions\":{\"min\":0,\"palette\":\"blue\",\"showIcon\":true},\"numberFormat\":{\"unit\":0,\"options\":{\"style\":\"decimal\"}}},{\"columnMatch\":\"Trend\",\"formatter\":9,\"formatOptions\":{\"min\":0,\"palette\":\"turquoise\",\"showIcon\":true},\"numberFormat\":{\"unit\":0,\"options\":{\"style\":\"decimal\"}}},{\"columnMatch\":\"ParentId\",\"formatter\":5,\"formatOptions\":{\"showIcon\":true}}],\"rowLimit\":1000,\"filter\":true,\"hierarchySettings\":{\"idColumn\":\"Id\",\"parentColumn\":\"ParentId\",\"treeType\":0,\"expanderColumn\":\"Name\"}}},\"customWidth\":\"70\",\"showPin\":true,\"name\":\"query - 2\"},{\"type\":3,\"content\":{\"version\":\"KqlItem/1.0\",\"query\":\"let details = dynamic({UserInfo});\\r\\nAuditLogs\\r\\n| where \\\"{Category:lable}\\\" == \\\"All\\\" or Category in ({Category})\\r\\n| where \\\"{Result:lable}\\\" == \\\"All\\\" or Result in ({Result})\\r\\n| extend initiatingUserPrincipalName = iif (tostring(InitiatedBy.user.userPrincipalName) != \\\"\\\", tostring(InitiatedBy.user.userPrincipalName), \\\"unknown\\\")\\r\\n//| where initiatingUserPrincipalName != \\\"\\\" \\r\\n| where \\\"{User:lable}\\\" == \\\"All\\\" or initiatingUserPrincipalName in ({User})\\r\\n| where details.Type == '*' or (details.Type == 'initiator' and initiatingUserPrincipalName == details.Name) or (details.Type == 'Operation' and OperationName == details.Name)\\r\\n| summarize Activities = count() by initiatingUserPrincipalName\\r\\n| sort by Activities desc nulls last \",\"size\":0,\"title\":\"Top active users\",\"timeContext\":{\"durationMs\":7776000000},\"timeContextFromParameter\":\"TimeRange\",\"queryType\":0,\"resourceType\":\"microsoft.operationalinsights/workspaces\",\"visualization\":\"piechart\"},\"customWidth\":\"30\",\"name\":\"query - 3\"},{\"type\":3,\"content\":{\"version\":\"KqlItem/1.0\",\"query\":\"let details = dynamic({UserInfo});\\r\\nlet data = AuditLogs\\r\\n| extend initiator = iif (tostring(InitiatedBy.user.userPrincipalName) != \\\"\\\", tostring(InitiatedBy.user.userPrincipalName), \\\"unknown\\\")\\r\\n| where details.Type == '*' or (details.Type == 'initiator' and initiator == details.Name) or (details.Type == 'Operation' and OperationName == details.Name)\\r\\n| where \\\"{Category:lable}\\\" == \\\"All\\\" or Category in ({Category})\\r\\n| where \\\"{Result:lable}\\\" == \\\"All\\\" or Result in ({Result})\\r\\n| where \\\"{User:lable}\\\" == \\\"All\\\" or initiator in ({User});\\r\\nlet appData = data\\r\\n| summarize TotalCount = count() by Result\\r\\n| join kind=inner (data\\r\\n    | make-series Trend = count() default = 0 on TimeGenerated in range({TimeRange:start}, {TimeRange:end}, {TimeRange:grain}) by Result\\r\\n    | project-away TimeGenerated) on Result\\r\\n| order by TotalCount desc, Result asc\\r\\n| project Result, TotalCount, Trend\\r\\n| serialize Id = row_number();\\r\\ndata\\r\\n| summarize TotalCount = count() by OperationName, Result\\r\\n| join kind=inner (data\\r\\n    | make-series Trend = count() default = 0 on TimeGenerated in range({TimeRange:start}, {TimeRange:end}, {TimeRange:grain}) by Result, OperationName\\r\\n    | project-away TimeGenerated) on Result, OperationName\\r\\n| order by TotalCount desc, Result asc\\r\\n| project Result, OperationName, TotalCount, Trend\\r\\n| serialize Id = row_number(1000000)\\r\\n| join kind=inner (appData) on Result\\r\\n| project Id, Name = OperationName, Type = 'Operation', ['Results Count'] = TotalCount, Trend, ParentId = Id1\\r\\n| union (appData \\r\\n    | project Id, Name = Result, Type = 'Result', ['Results Count'] = TotalCount, Trend)\\r\\n| order by ['Results Count'] desc, Name asc\",\"size\":0,\"title\":\"Result status\",\"timeContext\":{\"durationMs\":0},\"timeContextFromParameter\":\"TimeRange\",\"exportParameterName\":\"ResultInfo\",\"exportDefaultValue\":\"{ \\\"Name\\\":\\\"\\\", \\\"Type\\\":\\\"*\\\"}\",\"queryType\":0,\"resourceType\":\"microsoft.operationalinsights/workspaces\",\"gridSettings\":{\"formatters\":[{\"columnMatch\":\"Id\",\"formatter\":5},{\"columnMatch\":\"Type\",\"formatter\":5},{\"columnMatch\":\"Results Count\",\"formatter\":8,\"formatOptions\":{\"min\":0,\"palette\":\"grayBlue\"}},{\"columnMatch\":\"Trend\",\"formatter\":9,\"formatOptions\":{\"palette\":\"greenDark\"}},{\"columnMatch\":\"ParentId\",\"formatter\":5}],\"hierarchySettings\":{\"idColumn\":\"Id\",\"parentColumn\":\"ParentId\",\"treeType\":0,\"expanderColumn\":\"Name\"}}},\"customWidth\":\"70\",\"name\":\"query - 5\"}],\"fallbackResourceIds\":[\"\"],\"fromTemplateId\":\"sentinel-AzureActiveDirectoryAuditLogs\",\"$schema\":\"https://github.com/Microsoft/Application-Insights-Workbooks/blob/master/schema/workbook.json\"}\r\n",
                        "version": "1.0",
                        "sourceId": "[resourceId('microsoft.OperationalInsights/Workspaces', parameters('workspace'))]",
                        "category": "sentinel"
                      }
                    },
                    {
                      "type": "Microsoft.OperationalInsights/workspaces/providers/metadata",
                      "apiVersion": "2021-03-01-preview",
                      "name": "[concat(parameters('workspace'),'/Microsoft.SecurityInsights/',concat('Workbook-', 'AzureActiveDirectoryAuditLogsWorkbook'))]",
                      "properties": {
                        "description": "Gain insights into Azure Active Directory by connecting Microsoft Sentinel and using the audit logs to gather insights around Azure AD scenarios. \nYou can learn about user operations, including password and group management, device activities, and top active users and apps.",
                        "version": "1.2.0",
                        "previewImages": [
                          "AzureADAuditLogsWhite1.png"
                        ],
                        "previewImagesDark": [
                          "AzureADAuditLogsBlack1.png"
                        ],
                        "icon": "azureactivedirectory_logo.svg",
                        "author": {
                          "name": "Community"
                        },
                        "support": {
                          "name": "Community",
                          "link": "https://github.com/Azure/Azure-Sentinel/issues",
                          "tier": "Community"
                        },
                        "source": {
                          "kind": "Community",
                          "name": "Standalone"
                        },
                        "contentId": "AzureActiveDirectoryAuditLogsWorkbook",
                        "parentId": "[resourceId('Microsoft.Insights/workbooks', 'AzureActiveDirectoryAuditLogsWorkbook')]",
                        "kind": "Workbook",
                        "dependencies": {
                          "operator": "AND",
                          "criteria": [
                            {
                              "contentId": "AuditLogs",
                              "kind": "DataType"
                            }
                          ]
                        }
                      }
                    }
                  ]
                }
              }
            }
          ]
        },
        "author": {
          "name": "Community"
        },
        "dependencies": {
          "operator": "AND",
          "criteria": [
            {
              "contentId": "AzureActiveDirectoryAuditLogsWorkbook",
              "kind": "Workbook"
            }
          ]
        },
        "description": "Gain insights into Azure Active Directory by connecting Microsoft Sentinel and using the audit logs to gather insights around Azure AD scenarios. \nYou can learn about user operations, including password and group management, device activities, and top active users and apps.",
        "displayName": "Azure AD Audit logs",
        "icon": "azureactivedirectory_logo.svg",
        "packageId": "AzureActiveDirectoryAuditLogsWorkbook",
        "previewImages": [
          "AzureADAuditLogsWhite1.png"
        ],
        "previewImagesDark": [
          "AzureADAuditLogsBlack1.png"
        ],
        "source": {
          "kind": "Community",
          "name": "Standalone"
        },
        "support": {
          "name": "Community",
          "link": "https://github.com/Azure/Azure-Sentinel/issues",
          "tier": "Community"
        },
        "version": "1.2.0"
      },
      "name": "[concat(parameters('workspace'),'/Microsoft.SecurityInsights/', 'AzureActiveDirectoryAuditLogsWorkbook')]"
    }
  ]
}