{
  "$schema": "https://schema.management.azure.com/schemas/2019-04-01/deploymentTemplate.json#",
  "contentVersion": "1.0.0.0",
  "parameters": {
    "location": {
      "type": "string",
      "minLength": 1,
      "defaultValue": "[resourceGroup().location]",
      "metadata": {
        "description": "Not used, but needed to pass arm-ttk test `Location-Should-Not-Be-Hardcoded`.  We instead use the `workspace-location` which is derived from the LA workspace"
      }
    },
    "workspace-location": {
      "type": "string",
      "defaultValue": "",
      "metadata": {
        "description": "[concat('Region to deploy solution resources -- separate from location selection',parameters('location'))]"
      }
    },
    "workspace": {
      "defaultValue": "",
      "type": "string",
      "metadata": {
        "description": "Workspace name for Log Analytics where Microsoft Sentinel is setup"
      }
    }
  },
  "variables": {},
  "resources": [
    {
      "type": "Microsoft.OperationalInsights/workspaces/providers/packages",
      "location": "[parameters('workspace-location')]",
      "apiVersion": "2022-08-01",
      "properties": {
        "packageKind": "Standalone",
        "packageItems": {
          "resources": [
            {
              "type": "Microsoft.OperationalInsights/workspaces/providers/contentTemplates",
              "name": "[concat(parameters('workspace'),'/Microsoft.SecurityInsights/', 'e147e4dc-849c-49e9-9e8b-db4581951ff4')]",
              "location": "[parameters('workspace-location')]",
              "apiVersion": "2022-08-01",
              "properties": {
                "contentId": "e147e4dc-849c-49e9-9e8b-db4581951ff4",
                "displayName": "New Dynamics 365 Admin Activity",
                "contentKind": "AnalyticsRule",
                "mainTemplate": {
                  "$schema": "https://schema.management.azure.com/schemas/2019-04-01/deploymentTemplate.json#",
                  "contentVersion": "1.0.1",
                  "resources": [
                    {
                      "type": "Microsoft.OperationalInsights/workspaces/providers/alertRules",
                      "apiVersion": "2022-04-01-preview",
                      "name": "e147e4dc-849c-49e9-9e8b-db4581951ff4",
                      "kind": "Scheduled",
                      "location": "[parameters('workspace-location')]",
                      "properties": {
                        "description": "Detects users conducting administrative activity in Dynamics 365 where they have not had admin rights before.",
                        "displayName": "New Dynamics 365 Admin Activity",
                        "enabled": false,
                        "query": "let baseline_time = 14d;\nlet detection_time = 1h;\nDynamics365Activity\n| where TimeGenerated between(ago(baseline_time)..ago(detection_time))\n| where UserType =~ 'admin'\n| extend Message = tostring(split(OriginalObjectId, ' ')[0])\n| summarize by UserId\n| join kind=rightanti\n(Dynamics365Activity\n| where TimeGenerated > ago(detection_time)\n| where UserType =~ 'admin')\non UserId\n| summarize Actions = make_set(Message), MostRecentAction = max(TimeGenerated), IPs=make_set(ClientIP), UserAgents = make_set(UserAgent) by UserId\n| extend timestamp = MostRecentAction, AccountCustomEntity = UserId\n",
                        "queryFrequency": "P1D",
                        "queryPeriod": "P14D",
                        "severity": "Low",
                        "status": "Available",
                        "suppressionDuration": "PT1H",
                        "suppressionEnabled": false,
                        "triggerOperator": "GreaterThan",
                        "triggerThreshold": 0,
                        "tactics": [
                          "InitialAccess"
                        ],
                        "techniques": [
                          "T1078"
                        ],
                        "entityMappings": [
                          {
                            "entityType": "Account",
                            "fieldMappings": [
                              {
                                "columnName": "AccountCustomEntity",
                                "identifier": "FullName"
                              }
                            ]
                          }
                        ],
                        "requiredDataConnectors": [
                          {
                            "connectorId": "Dynamics365",
                            "dataTypes": [
                              "Dynamics365Activity"
                            ]
                          }
                        ]
                      }
                    },
                    {
                      "type": "Microsoft.OperationalInsights/workspaces/providers/metadata",
                      "apiVersion": "2021-03-01-preview",
                      "properties": {
                        "description": "Detects users conducting administrative activity in Dynamics 365 where they have not had admin rights before.",
                        "version": "1.0.1",
                        "author": {
                          "name": "Microsoft"
                        },
                        "support": {
                          "tier": "Microsoft",
                          "name": "Microsoft",
                          "email": "support@microsoft.com",
                          "link": "https://support.microsoft.com"
                        },
                        "source": {
                          "kind": "Community",
                          "name": "Standalone"
                        },
                        "threatAnalysisTactics": [
                          "InitialAccess"
                        ],
                        "threatAnalyticsTechniques": [
                          "T1078"
                        ],
                        "contentId": "e147e4dc-849c-49e9-9e8b-db4581951ff4",
                        "parentId": "e147e4dc-849c-49e9-9e8b-db4581951ff4",
                        "kind": "AnalyticsRule",
                        "dependencies": {
                          "operator": "AND",
                          "criteria": [
                            {
                              "contentId": "Dynamics365Activity",
                              "kind": "DataType"
                            }
                          ]
                        }
                      }
                    }
                  ]
                }
              }
            }
          ]
        },
        "author": {
          "name": "Microsoft"
        },
        "categories": {
          "domains": [
            "Cloud Provider",
            "IT Operations",
            "Storage"
          ]
        },
        "dependencies": {
          "operator": "AND",
          "criteria": [
            {
              "contentId": "e147e4dc-849c-49e9-9e8b-db4581951ff4",
              "kind": "AnalyticsRule"
            }
          ]
        },
        "description": "Detects users conducting administrative activity in Dynamics 365 where they have not had admin rights before.",
        "displayName": "New Dynamics 365 Admin Activity",
        "packageId": "e147e4dc-849c-49e9-9e8b-db4581951ff4",
        "source": {
          "kind": "Community",
          "name": "Standalone"
        },
        "support": {
          "tier": "Microsoft",
          "name": "Microsoft",
          "email": "support@microsoft.com",
          "link": "https://support.microsoft.com"
        },
        "threatAnalysisTactics": [
          "InitialAccess"
        ],
        "threatAnalyticsTechniques": [
          "T1078"
        ],
        "version": "1.0.1"
      },
      "name": "[concat(parameters('workspace'),'/Microsoft.SecurityInsights/', 'e147e4dc-849c-49e9-9e8b-db4581951ff4')]"
    }
  ]
}