{
  "$schema": "https://schema.management.azure.com/schemas/2019-04-01/deploymentTemplate.json#",
  "contentVersion": "1.0.0.0",
  "parameters": {
    "location": {
      "type": "string",
      "minLength": 1,
      "defaultValue": "[resourceGroup().location]",
      "metadata": {
        "description": "Not used, but needed to pass arm-ttk test `Location-Should-Not-Be-Hardcoded`.  We instead use the `workspace-location` which is derived from the LA workspace"
      }
    },
    "workspace-location": {
      "type": "string",
      "defaultValue": "",
      "metadata": {
        "description": "[concat('Region to deploy solution resources -- separate from location selection',parameters('location'))]"
      }
    },
    "workspace": {
      "defaultValue": "",
      "type": "string",
      "metadata": {
        "description": "Workspace name for Log Analytics where Microsoft Sentinel is setup"
      }
    }
  },
  "variables": {},
  "resources": [
    {
      "type": "Microsoft.OperationalInsights/workspaces/providers/packages",
      "location": "[parameters('workspace-location')]",
      "apiVersion": "2022-08-01",
      "properties": {
        "packageKind": "Standalone",
        "packageItems": {
          "resources": [
            {
              "type": "Microsoft.OperationalInsights/workspaces/providers/contentTemplates",
              "name": "[concat(parameters('workspace'),'/Microsoft.SecurityInsights/', '97543188-a4e8-4439-980d-17b231149617')]",
              "location": "[parameters('workspace-location')]",
              "kind": "shared",
              "apiVersion": "2022-08-01",
              "properties": {
                "contentId": "97543188-a4e8-4439-980d-17b231149617",
                "displayName": "Query data volume anomolies",
                "contentKind": "HuntingQuery",
                "mainTemplate": {
                  "$schema": "https://schema.management.azure.com/schemas/2019-04-01/deploymentTemplate.json#",
                  "contentVersion": "1.0.0",
                  "resources": [
                    {
                      "type": "Microsoft.OperationalInsights/savedSearches",
                      "apiVersion": "2020-08-01",
                      "name": "97543188-a4e8-4439-980d-17b231149617",
                      "location": "[parameters('workspace-location')]",
                      "properties": {
                        "eTag": "*",
                        "displayName": "Query data volume anomolies",
                        "category": "Hunting Queries",
                        "query": "\nlet starttime = todatetime('{{StartTimeISO}}');\nlet endtime = todatetime('{{EndTimeISO}}');\nlet delta = totimespan((endtime-starttime)*7);\nlet lookback = starttime - delta;\nlet threshold = 0;\nLAQueryLogs\n| where TimeGenerated between(starttime..endtime)\n| make-series rows = sum(ResponseRowCount) on TimeGenerated in range(lookback, endtime, 1h)\n| extend (anomalies, score, baseline) = series_decompose_anomalies(rows,3, -1, 'linefit')\n| mv-expand anomalies to typeof(int), score to typeof(double), TimeGenerated to typeof(datetime)\n| where anomalies > threshold\n| sort by score desc\n| join kind=rightsemi (\nLAQueryLogs\n| where TimeGenerated between(starttime..endtime)\n| summarize make_set(QueryText) by AADEmail, RequestTarget, TimeGenerated = bin(TimeGenerated, 1h))\non TimeGenerated\n| project TimeGenerated, AADEmail, RequestTarget, set_QueryText\n| extend timestamp = TimeGenerated, AccountCustomEntity = AADEmail\n",
                        "version": 2,
                        "tags": [
                          {
                            "name": "description",
                            "value": "This hunting query looks for anomalously large LA queries by users."
                          },
                          {
                            "name": "techniques",
                            "value": ""
                          },
                          {
                            "name": "tactics",
                            "value": "Exfiltration"
                          }
                        ]
                      }
                    },
                    {
                      "type": "Microsoft.OperationalInsights/workspaces/providers/metadata",
                      "apiVersion": "2021-03-01-preview",
                      "name": "[concat(parameters('workspace'),'/Microsoft.SecurityInsights/',concat('huntingQuery-', '97543188-a4e8-4439-980d-17b231149617'))]",
                      "properties": {
                        "description": "This hunting query looks for anomalously large LA queries by users.",
                        "version": "1.0.0",
                        "author": {
                          "name": "Pete Bryan"
                        },
                        "support": {
                          "tier": "Microsoft",
                          "name": "Microsoft",
                          "email": "support@microsoft.com",
                          "link": "https://support.microsoft.com"
                        },
                        "source": {
                          "kind": "Community",
                          "name": "Standalone"
                        },
                        "threatAnalysisTactics": [
                          "Exfiltration"
                        ],
                        "threatAnalyticsTechniques": [
                          "T1030"
                        ],
                        "contentId": "97543188-a4e8-4439-980d-17b231149617",
                        "parentId": "97543188-a4e8-4439-980d-17b231149617",
                        "kind": "HuntingQuery",
                        "dependencies": {
                          "operator": "AND",
                          "criteria": [
                            {
                              "contentId": "LAQueryLogs",
                              "kind": "DataType"
                            }
                          ]
                        }
                      }
                    }
                  ]
                }
              }
            }
          ]
        },
        "author": {
          "name": "Pete Bryan"
        },
        "categories": {
          "domains": [
            "Security - Threat Protection"
          ]
        },
        "dependencies": {
          "operator": "AND",
          "criteria": [
            {
              "contentId": "97543188-a4e8-4439-980d-17b231149617",
              "kind": "HuntingQuery"
            }
          ]
        },
        "description": "This hunting query looks for anomalously large LA queries by users.",
        "displayName": "Query data volume anomolies",
        "packageId": "97543188-a4e8-4439-980d-17b231149617",
        "source": {
          "kind": "Community",
          "name": "Standalone"
        },
        "support": {
          "tier": "Microsoft",
          "name": "Microsoft",
          "email": "support@microsoft.com",
          "link": "https://support.microsoft.com"
        },
        "threatAnalysisTactics": [
          "Exfiltration"
        ],
        "threatAnalyticsTechniques": [
          "T1030"
        ],
        "version": "1.0.0"
      },
      "name": "97543188-a4e8-4439-980d-17b231149617"
    }
  ]
}