{
  "$schema": "https://schema.management.azure.com/schemas/2019-04-01/deploymentTemplate.json#",
  "contentVersion": "1.0.0.0",
  "parameters": {
    "location": {
      "type": "string",
      "minLength": 1,
      "defaultValue": "[resourceGroup().location]",
      "metadata": {
        "description": "Not used, but needed to pass arm-ttk test `Location-Should-Not-Be-Hardcoded`.  We instead use the `workspace-location` which is derived from the LA workspace"
      }
    },
    "workspace-location": {
      "type": "string",
      "defaultValue": "",
      "metadata": {
        "description": "[concat('Region to deploy solution resources -- separate from location selection',parameters('location'))]"
      }
    },
    "workspace": {
      "defaultValue": "",
      "type": "string",
      "metadata": {
        "description": "Workspace name for Log Analytics where Microsoft Sentinel is setup"
      }
    }
  },
  "variables": {},
  "resources": [
    {
      "type": "Microsoft.OperationalInsights/workspaces/providers/packages",
      "location": "[parameters('workspace-location')]",
      "apiVersion": "2022-08-01",
      "properties": {
        "packageKind": "Standalone",
        "packageItems": {
          "resources": [
            {
              "type": "Microsoft.OperationalInsights/workspaces/providers/contentTemplates",
              "name": "[concat(parameters('workspace'),'/Microsoft.SecurityInsights/', 'AzureActivityWorkbook')]",
              "location": "[parameters('workspace-location')]",
              "kind": "shared",
              "apiVersion": "2022-08-01",
              "contentVersion": "1.0.0",
              "metadata": "Gain extensive insight into your organization's Azure Activity by analyzing, and correlating all user operations and events.\nYou can learn about all user operations, trends, and anomalous changes over time.\nThis workbook gives you the ability to drill down into caller activities and summarize detected failure and warning events.",
              "properties": {
                "contentId": "AzureActivityWorkbook",
                "version": "1.4.0",
                "displayName": "Azure Activity",
                "contentKind": "Workbook",
                "mainTemplate": {
                  "$schema": "https://schema.management.azure.com/schemas/2019-04-01/deploymentTemplate.json#",
                  "contentVersion": "1.4.0",
                  "parameters": {},
                  "resources": [
                    {
                      "type": "Microsoft.Insights/workbooks",
                      "name": "AzureActivityWorkbook",
                      "location": "[parameters('workspace-location')]",
                      "kind": "shared",
                      "apiVersion": "2021-08-01",
                      "metadata": "Gain extensive insight into your organization's Azure Activity by analyzing, and correlating all user operations and events.\nYou can learn about all user operations, trends, and anomalous changes over time.\nThis workbook gives you the ability to drill down into caller activities and summarize detected failure and warning events.",
                      "properties": {
                        "displayName": "Azure Activity",
                        "serializedData": "{\"version\":\"Notebook/1.0\",\"items\":[{\"type\":9,\"content\":{\"version\":\"KqlParameterItem/1.0\",\"query\":\"\",\"parameters\":[{\"id\":\"52bfbd84-1639-480c-bda5-bfc87fd81832\",\"version\":\"KqlParameterItem/1.0\",\"name\":\"TimeRange\",\"type\":4,\"isRequired\":true,\"value\":{\"durationMs\":604800000},\"typeSettings\":{\"selectableValues\":[{\"durationMs\":300000},{\"durationMs\":900000},{\"durationMs\":1800000},{\"durationMs\":3600000},{\"durationMs\":14400000},{\"durationMs\":43200000},{\"durationMs\":86400000},{\"durationMs\":172800000},{\"durationMs\":259200000},{\"durationMs\":604800000},{\"durationMs\":1209600000},{\"durationMs\":2419200000},{\"durationMs\":2592000000},{\"durationMs\":5184000000},{\"durationMs\":7776000000}]}},{\"id\":\"eeb5dcf9-e898-46af-9c12-d91d97e13cd3\",\"version\":\"KqlParameterItem/1.0\",\"name\":\"Caller\",\"type\":2,\"isRequired\":true,\"multiSelect\":true,\"quote\":\"'\",\"delimiter\":\",\",\"query\":\"AzureActivity\\r\\n| summarize by Caller\",\"value\":[\"value::all\"],\"typeSettings\":{\"additionalResourceOptions\":[\"value::all\"],\"selectAllValue\":\"All\"},\"queryType\":0,\"resourceType\":\"microsoft.operationalinsights/workspaces\"},{\"id\":\"46375a76-7ae1-4d7e-9082-4191531198a9\",\"version\":\"KqlParameterItem/1.0\",\"name\":\"ResourceGroup\",\"type\":2,\"isRequired\":true,\"multiSelect\":true,\"quote\":\"'\",\"delimiter\":\",\",\"query\":\"AzureActivity\\r\\n| summarize by ResourceGroup\",\"value\":[\"value::all\"],\"typeSettings\":{\"resourceTypeFilter\":{\"microsoft.resources/resourcegroups\":true},\"additionalResourceOptions\":[\"value::all\"],\"selectAllValue\":\"All\"},\"timeContext\":{\"durationMs\":0},\"timeContextFromParameter\":\"TimeRange\",\"queryType\":0,\"resourceType\":\"microsoft.operationalinsights/workspaces\"}],\"style\":\"pills\",\"queryType\":0,\"resourceType\":\"microsoft.operationalinsights/workspaces\"},\"name\":\"parameters - 2\"},{\"type\":3,\"content\":{\"version\":\"KqlItem/1.0\",\"query\":\"let data = AzureActivity\\r\\n| where \\\"{Caller:lable}\\\" == \\\"All\\\" or \\\"{Caller:lable}\\\" == \\\"All\\\" or Caller in ({Caller})\\r\\n| where \\\"{ResourceGroup:lable}\\\" == \\\"All\\\" or \\\"{ResourceGroup:lable}\\\" == \\\"All\\\" or ResourceGroup in ({ResourceGroup});\\r\\ndata\\r\\n| summarize Count = count() by ResourceGroup\\r\\n| join kind = fullouter (datatable(ResourceGroup:string)['Medium', 'high', 'low']) on ResourceGroup\\r\\n| project ResourceGroup = iff(ResourceGroup == '', ResourceGroup1, ResourceGroup), Count = iff(ResourceGroup == '', 0, Count)\\r\\n| join kind = inner (data\\r\\n | make-series Trend = count() default = 0 on TimeGenerated from {TimeRange:start} to {TimeRange:end} step {TimeRange:grain} by ResourceGroup)\\r\\n on ResourceGroup\\r\\n| project-away ResourceGroup1, TimeGenerated\\r\\n| extend ResourceGroups = ResourceGroup\\r\\n| union (\\r\\n data \\r\\n | summarize Count = count() \\r\\n | extend jkey = 1\\r\\n | join kind=inner (data\\r\\n | make-series Trend = count() default = 0 on TimeGenerated from {TimeRange:start} to {TimeRange:end} step {TimeRange:grain}\\r\\n | extend jkey = 1) on jkey\\r\\n | extend ResourceGroup = 'All', ResourceGroups = '*' \\r\\n)\\r\\n| order by Count desc\\r\\n| take 10\",\"size\":4,\"exportToExcelOptions\":\"visible\",\"title\":\"Top 10 active resource groups\",\"timeContext\":{\"durationMs\":0},\"timeContextFromParameter\":\"TimeRange\",\"queryType\":0,\"resourceType\":\"microsoft.operationalinsights/workspaces\",\"visualization\":\"tiles\",\"tileSettings\":{\"titleContent\":{\"columnMatch\":\"ResourceGroup\",\"formatter\":1,\"formatOptions\":{\"showIcon\":true}},\"leftContent\":{\"columnMatch\":\"Count\",\"formatter\":12,\"formatOptions\":{\"palette\":\"auto\",\"showIcon\":true},\"numberFormat\":{\"unit\":17,\"options\":{\"maximumSignificantDigits\":3,\"maximumFractionDigits\":2}}},\"secondaryContent\":{\"columnMatch\":\"Trend\",\"formatter\":9,\"formatOptions\":{\"palette\":\"blueOrange\",\"showIcon\":true}},\"showBorder\":false}},\"name\":\"query - 3\"},{\"type\":3,\"content\":{\"version\":\"KqlItem/1.0\",\"query\":\"AzureActivity\\r\\n| where \\\"{Caller:lable}\\\" == \\\"All\\\" or Caller in ({Caller})\\r\\n| where \\\"{ResourceGroup:lable}\\\" == \\\"All\\\" or ResourceGroup in ({ResourceGroup})\\r\\n| summarize deletions = countif(OperationNameValue hassuffix \\\"delete\\\"), creations = countif(OperationNameValue hassuffix \\\"write\\\"), updates = countif(OperationNameValue hassuffix \\\"write\\\"), Activities = count(OperationNameValue) by bin_at(TimeGenerated, 1h, now())\\r\\n\",\"size\":0,\"exportToExcelOptions\":\"visible\",\"title\":\"Activities over time\",\"color\":\"gray\",\"timeContext\":{\"durationMs\":0},\"timeContextFromParameter\":\"TimeRange\",\"queryType\":0,\"resourceType\":\"microsoft.operationalinsights/workspaces\",\"visualization\":\"linechart\",\"graphSettings\":{\"type\":0}},\"name\":\"query - 1\"},{\"type\":3,\"content\":{\"version\":\"KqlItem/1.0\",\"query\":\"AzureActivity\\r\\n| where \\\"{Caller:lable}\\\" == \\\"All\\\" or Caller in ({Caller})\\r\\n| where \\\"{ResourceGroup:lable}\\\" == \\\"All\\\" or ResourceGroup in ({ResourceGroup})\\r\\n| summarize deletions = countif(OperationNameValue hassuffix \\\"Delete\\\"), creations = countif(OperationNameValue hassuffix \\\"write\\\"), updates = countif(OperationNameValue hassuffix \\\"write\\\"), Activities = count() by Caller\\r\\n\",\"size\":1,\"exportToExcelOptions\":\"visible\",\"title\":\"Caller activities\",\"timeContext\":{\"durationMs\":0},\"timeContextFromParameter\":\"TimeRange\",\"queryType\":0,\"resourceType\":\"microsoft.operationalinsights/workspaces\",\"gridSettings\":{\"formatters\":[{\"columnMatch\":\"Caller\",\"formatter\":0,\"formatOptions\":{\"showIcon\":true}},{\"columnMatch\":\"deletions\",\"formatter\":4,\"formatOptions\":{\"showIcon\":true,\"aggregation\":\"Count\"}},{\"columnMatch\":\"creations\",\"formatter\":4,\"formatOptions\":{\"palette\":\"purple\",\"showIcon\":true,\"aggregation\":\"Count\"}},{\"columnMatch\":\"updates\",\"formatter\":4,\"formatOptions\":{\"palette\":\"gray\",\"showIcon\":true,\"aggregation\":\"Count\"}},{\"columnMatch\":\"Activities\",\"formatter\":4,\"formatOptions\":{\"palette\":\"greenDark\",\"linkTarget\":\"GenericDetails\",\"linkIsContextBlade\":true,\"showIcon\":true,\"aggregation\":\"Count\",\"workbookContext\":{\"componentIdSource\":\"workbook\",\"resourceIdsSource\":\"workbook\",\"templateIdSource\":\"static\",\"templateId\":\"https://go.microsoft.com/fwlink/?linkid=874159&resourceId=%2Fsubscriptions%2F44e4eff8-1fcb-4a22-a7d6-992ac7286382%2FresourceGroups%2FSOC&featureName=Workbooks&itemId=%2Fsubscriptions%2F44e4eff8-1fcb-4a22-a7d6-992ac7286382%2Fresourcegroups%2Fsoc%2Fproviders%2Fmicrosoft.insights%2Fworkbooks%2F4c195aec-747f-40bb-addb-934acb3ec646&name=CiscoASA&func=NavigateToPortalFeature&type=workbook\",\"typeSource\":\"workbook\",\"gallerySource\":\"workbook\"}}}],\"sortBy\":[{\"itemKey\":\"$gen_bar_updates_3\",\"sortOrder\":2}]}},\"name\":\"query - 1\"},{\"type\":3,\"content\":{\"version\":\"KqlItem/1.0\",\"query\":\"AzureActivity \\r\\n| where \\\"{Caller:lable}\\\" == \\\"All\\\" or Caller in ({Caller})\\r\\n| where \\\"{ResourceGroup:lable}\\\" == \\\"All\\\" or ResourceGroup in ({ResourceGroup})\\r\\n| summarize Informational = countif(Level == \\\"Informational\\\"), Warning = countif(Level == \\\"Warning\\\"), Error = countif(Level == \\\"Error\\\") by bin_at(TimeGenerated, 1h, now())\\r\\n\",\"size\":0,\"exportToExcelOptions\":\"visible\",\"color\":\"redBright\",\"timeContext\":{\"durationMs\":0},\"timeContextFromParameter\":\"TimeRange\",\"queryType\":0,\"resourceType\":\"microsoft.operationalinsights/workspaces\",\"visualization\":\"scatterchart\",\"tileSettings\":{\"showBorder\":false},\"graphSettings\":{\"type\":2,\"topContent\":{\"columnMatch\":\"Error\",\"formatter\":12,\"formatOptions\":{\"showIcon\":true}},\"hivesContent\":{\"columnMatch\":\"TimeGenerated\",\"formatter\":1,\"formatOptions\":{\"showIcon\":true}},\"nodeIdField\":\"Error\",\"sourceIdField\":\"Error\",\"targetIdField\":\"Error\",\"staticNodeSize\":100,\"groupByField\":\"TimeGenerated\",\"hivesMargin\":5}},\"name\":\"query - 4\"}],\"fromTemplateId\":\"sentinel-AzureActivity\",\"$schema\":\"https://github.com/Microsoft/Application-Insights-Workbooks/blob/master/schema/workbook.json\"}\r\n",
                        "version": "1.0",
                        "sourceId": "[resourceId('microsoft.OperationalInsights/Workspaces', parameters('workspace'))]",
                        "category": "sentinel"
                      }
                    },
                    {
                      "type": "Microsoft.OperationalInsights/workspaces/providers/metadata",
                      "apiVersion": "2021-03-01-preview",
                      "name": "[concat(parameters('workspace'),'/Microsoft.SecurityInsights/',concat('Workbook-', 'AzureActivityWorkbook'))]",
                      "properties": {
                        "description": "Gain extensive insight into your organization's Azure Activity by analyzing, and correlating all user operations and events.\nYou can learn about all user operations, trends, and anomalous changes over time.\nThis workbook gives you the ability to drill down into caller activities and summarize detected failure and warning events.",
                        "version": "1.4.0",
                        "previewImages": [
                          "AzureActivityWhite1.png"
                        ],
                        "previewImagesDark": [
                          "AzureActivityBlack1.png"
                        ],
                        "icon": "azureactivity_logo.svg",
                        "author": {
                          "name": "Community"
                        },
                        "support": {
                          "name": "Community",
                          "link": "https://github.com/Azure/Azure-Sentinel/issues",
                          "tier": "Community"
                        },
                        "source": {
                          "kind": "Community",
                          "name": "Standalone"
                        },
                        "contentId": "AzureActivityWorkbook",
                        "parentId": "[resourceId('Microsoft.Insights/workbooks', 'AzureActivityWorkbook')]",
                        "kind": "Workbook",
                        "dependencies": {
                          "operator": "AND",
                          "criteria": [
                            {
                              "contentId": "AzureActivity",
                              "kind": "DataType"
                            }
                          ]
                        }
                      }
                    }
                  ]
                }
              }
            }
          ]
        },
        "author": {
          "name": "Community"
        },
        "dependencies": {
          "operator": "AND",
          "criteria": [
            {
              "contentId": "AzureActivityWorkbook",
              "kind": "Workbook"
            }
          ]
        },
        "description": "Gain extensive insight into your organization's Azure Activity by analyzing, and correlating all user operations and events.\nYou can learn about all user operations, trends, and anomalous changes over time.\nThis workbook gives you the ability to drill down into caller activities and summarize detected failure and warning events.",
        "displayName": "Azure Activity",
        "icon": "azureactivity_logo.svg",
        "packageId": "AzureActivityWorkbook",
        "previewImages": [
          "AzureActivityWhite1.png"
        ],
        "previewImagesDark": [
          "AzureActivityBlack1.png"
        ],
        "source": {
          "kind": "Community",
          "name": "Standalone"
        },
        "support": {
          "name": "Community",
          "link": "https://github.com/Azure/Azure-Sentinel/issues",
          "tier": "Community"
        },
        "version": "1.4.0"
      },
      "name": "[concat(parameters('workspace'),'/Microsoft.SecurityInsights/', 'AzureActivityWorkbook')]"
    }
  ]
}